Name,Symbol,Price,24h Change (%),7d Change (%),Market Cap,Volume (24h),Circulating Supply,Time Scraped
Bitcoin,BTC,105610.4029,0.95989091,-0.83877693,2.1066E+12,71892151692,19946887,11/10/2025 15:25
Ethereum,ETH,3542.494538,-1.00396437,-1.4510506,4.27567E+11,36374328585,120696594.4,11/10/2025 15:25
Tether USDt,USDT,0.999850245,-0.00685024,-0.00321838,1.83443E+11,1.38369E+11,1.8347E+11,11/10/2025 15:25
XRP,XRP,2.522949395,7.8297849,9.76336787,1.51647E+11,6622728995,60107199237,11/10/2025 15:25
BNB,BNB,986.5080692,-1.0149682,-0.6731822,1.35879E+11,2873362475,137737265,11/10/2025 15:25
Solana,SOL,165.700045,0.4693485,-0.15959772,91730013162,5462486353,553590756,11/10/2025 15:25
USDC,USDC,0.999961203,0.01123426,0.01527136,76163413017,16038861149,76166368055,11/10/2025 15:25
TRON,TRX,0.294812762,1.20054079,4.2779428,27909519830,629962962.5,94668628368,11/10/2025 15:25
Dogecoin,DOGE,0.179419118,-0.23723753,7.63368892,27221537840,2129306860,1.5172E+11,11/10/2025 15:25
Cardano,ADA,0.587123532,1.5913702,6.69466355,21060742854,832688853.8,35871059005,11/10/2025 15:25
Hyperliquid,HYPE,41.49830826,-1.18683441,3.6395251,13971867005,412902907.8,336685219,11/10/2025 15:25
Chainlink,LINK,16.05150362,0.57738943,4.69106366,11185489820,823388679.3,696849970.5,11/10/2025 15:25
Bitcoin Cash,BCH,504.8877137,0.3454461,-0.05025271,10073152042,329505038.6,19951271.88,11/10/2025 15:25
Stellar,XLM,0.298059013,4.86870553,7.50718544,9567637909,327101667.3,32099810735,11/10/2025 15:25
Zcash,ZEC,526.4481412,-15.68661368,26.85637151,8583839423,4149880091,16305194.67,11/10/2025 15:25
UNUS SED LEO,LEO,9.160918582,-0.23094967,-4.32393557,8448793751,2096247.035,922264909.9,11/10/2025 15:25
Ethena USDe,USDe,0.999092606,-0.0141653,-0.03079515,8433929794,176748078.9,8441589644,11/10/2025 15:25
Hedera,HBAR,0.190947634,8.09343213,8.63087182,8110544661,500096401,42475229925,11/10/2025 15:25
Litecoin,LTC,104.3074737,-7.42982478,19.80769138,7980105412,1295601358,76505595.73,11/10/2025 15:25
Sui,SUI,2.128281018,-1.15686876,2.92202524,7834895139,931705865.9,3681325480,11/10/2025 15:25
Avalanche,AVAX,17.93955324,1.305428,7.394399,7661659634,473069136.9,427081964.3,11/10/2025 15:25
Monero,XMR,385.6137304,-10.61149479,9.88289004,7113317796,236965653.2,18446744.07,11/10/2025 15:25
Shiba Inu,SHIB,1.00E-05,-0.04198209,9.17616282,5895173411,174147785.8,5.89245E+14,11/10/2025 15:25
Uniswap,UNI,8.729600761,29.98657547,68.85465017,5502533854,1077602536,630330527.7,11/10/2025 15:25
Dai,DAI,0.999833387,-0.02026712,0.01688507,5364488758,110546999.1,5365382703,11/10/2025 15:25
Toncoin,TON,2.118299453,0.23498195,4.67643288,5267938596,126535450.5,2486871528,11/10/2025 15:25
Polkadot,DOT,3.213632675,0.32169264,25.29931198,5252158338,390144550.2,1634336861,11/10/2025 15:25
Cronos,CRO,0.133148794,4.33207478,2.87576818,4808412728,43105295.07,36113077711,11/10/2025 15:25
Mantle,MNT,1.30207006,-3.20262392,7.9500953,4235561062,125480739.8,3252944056,11/10/2025 15:25
Bittensor,TAO,378.9535009,-1.78185557,-18.97458957,3895570043,274874862.6,10279810.14,11/10/2025 15:25
World Liberty Financial,WLFI,0.152726732,20.4754089,31.57030797,3753196214,915585376.8,24574586098,11/10/2025 15:25
Internet Computer,ICP,6.73933995,-13.22721428,72.48631922,3636652309,630759804.3,539615501.8,11/10/2025 15:25
NEAR Protocol,NEAR,2.768275646,-5.21091445,45.34498531,3542365653,810583586.8,1279628948,11/10/2025 15:25
Aave,AAVE,220.2038472,2.87197084,10.11702019,3362219065,477192844.6,15268666.31,11/10/2025 15:25
PayPal USD,PYUSD,0.999514347,-0.01291552,0.00811906,3100318059,107308403.7,3101824469,11/10/2025 15:25
Bitget Token,BGB,4.092861496,0.76650903,7.23070881,2855443706,70192771.77,697664386.8,11/10/2025 15:25
World Liberty Financial USD,USD1,0.99937049,-0.01463959,0.02227084,2828754895,328537180.9,2830536747,11/10/2025 15:25
OKB,OKB,126.8830255,0.91445295,-5.0671262,2664543536,62119321.55,21000000,11/10/2025 15:25
Pepe,PEPE,6.16E-06,0.87018929,7.6141209,2592055818,404453491.1,4.2069E+14,11/10/2025 15:25
Ethereum Classic,ETC,16.26433024,0.10780254,9.80995377,2509167900,198920445.7,154274283.9,11/10/2025 15:25
MemeCore,M,2.3790259,0.21507901,1.32957892,2472999959,13960787.36,1039501066,11/10/2025 15:25
Ethena,ENA,0.332893033,1.19982063,-0.03388542,2471210622,393343320.4,7423437500,11/10/2025 15:25
Aptos,APT,3.25325422,0.35399128,17.64132366,2345175716,139967160.8,720870721.1,11/10/2025 15:25
Aster,ASTER,1.067733965,-2.84233162,17.02778466,2154366821,638241654.8,2017700000,11/10/2025 15:25
Ondo,ONDO,0.67930293,0.87955686,11.3596426,2145991000,92923903.63,3159107529,11/10/2025 15:25
Pi,PI,0.23030602,1.66497809,1.83899978,1913226448,28784990.05,8307322779,11/10/2025 15:25
Polygon (prev. MATIC),POL,0.180352754,-0.16928176,8.17807404,1899940964,131161451.5,10534582477,11/10/2025 15:25
Worldcoin,WLD,0.815198999,-0.15654886,11.62721906,1850904329,161057939.2,2270493868,11/10/2025 15:25
Filecoin,FIL,2.541320186,-9.10086818,78.18854406,1805685858,705781149.8,710530640,11/10/2025 15:25
OFFICIAL TRUMP,TRUMP,9.010131016,16.18165022,25.21352953,1802019304,1796892523,199999234.3,11/10/2025 15:25
KuCoin Token,KCS,13.11539695,-2.15410477,5.97723286,1701445452,7200483.87,129728856.7,11/10/2025 15:25
Arbitrum,ARB,0.301192671,0.40056851,15.94212414,1659478821,182580195.2,5509691911,11/10/2025 15:25
Algorand,ALGO,0.187520238,4.29442486,18.41126474,1648887695,91811598.97,8793118595,11/10/2025 15:25
Pump.fun,PUMP,0.004457318,8.47733783,14.5606054,1577890540,416489474.6,3.54E+11,11/10/2025 15:25
Tether Gold,XAUt,4101.885116,2.69474695,2.62713851,1557640180,13388324754,379737.6417,11/10/2025 15:25
VeChain,VET,0.017116622,-0.12289311,17.63606939,1471773430,44847770.65,85985041177,11/10/2025 15:25
Cosmos,ATOM,3.069400899,3.13669827,23.01805099,1464622252,97952974.67,477168770,11/10/2025 15:25
Kaspa,KAS,0.052366234,1.62343162,11.46605946,1408855451,56081492.3,26903891007,11/10/2025 15:25
PAX Gold,PAXG,4103.965133,2.66287225,2.68531753,1368075631,159336468.8,333354.594,11/10/2025 15:25
Render,RENDER,2.526925615,4.82567886,27.19308892,1310424750,152444100.6,518584616.2,11/10/2025 15:25
Flare,FLR,0.016192059,1.50755758,11.78983283,1268596422,11339197.49,78346824275,11/10/2025 15:25
Sky,SKY,0.054995707,1.33143305,1.64017681,1260380215,10813937.18,22917792611,11/10/2025 15:25
Story,IP,3.869604924,1.67605826,-1.59254682,1250504917,46457978.12,323160876,11/10/2025 15:25
Sei,SEI,0.187111659,1.91926719,13.15519513,1169239966,144047585.9,6248888888,11/10/2025 15:25
Jupiter,JUP,0.35525825,0.17600793,-1.43005043,1143465782,37791843.15,3218688889,11/10/2025 15:25
Bonk,BONK,1.33E-05,2.39353206,11.48987887,1093382230,150308141,8.21835E+13,11/10/2025 15:25
XDC Network,XDC,0.060427407,3.67601531,12.79690416,1072983631,34684954.69,17756572516,11/10/2025 15:25
Ripple USD,RLUSD,0.999810256,-0.01012084,-0.01024227,1027503083,108039465.4,1027698083,11/10/2025 15:25
Quant,QNT,83.12895742,-1.06242142,12.57664383,1003594123,19530595.14,12072738,11/10/2025 15:25
Pudgy Penguins,PENGU,0.015941751,4.119531,3.4197637,1002104785,239766902.5,62860396090,11/10/2025 15:25
First Digital USD,FDUSD,0.997529709,-0.01224716,0.01036904,980764152.9,4998797152,983192925.3,11/10/2025 15:25
GateToken,GT,12.12584495,-2.03539269,2.15877849,973381389.3,6474888.153,80273283.47,11/10/2025 15:25
Aerodrome Finance,AERO,1.07355119,-0.57563147,19.4970124,968624194.3,81608531.47,902261767.7,11/10/2025 15:25
Virtuals Protocol,VIRTUAL,1.443866394,-0.22713628,-1.83757942,947294781.3,498355505.8,656082020.6,11/10/2025 15:25
Immutable,IMX,0.46904342,6.05617901,7.18147046,932914476,55774529.7,1988972528,11/10/2025 15:25
Dash,DASH,72.85025538,-14.93613694,-34.95559364,909101947.6,429641036.1,12479049.56,11/10/2025 15:25
PancakeSwap,CAKE,2.541795938,-0.22632128,14.19058814,861141355.6,118530109.2,338792482.4,11/10/2025 15:25
Celestia,TIA,1.004105268,-1.61792657,23.95516373,840155743.6,119395670.3,836720780.4,11/10/2025 15:25
Optimism,OP,0.436226302,1.17416853,24.85064777,827334113.9,121970975,1896570907,11/10/2025 15:25
Artificial Superintelligence Alliance,FET,0.340521697,0.20049873,64.27626437,803747416,304278331.1,2360341276,11/10/2025 15:25
Injective,INJ,7.995712817,5.63682075,17.7399166,799338889.6,167332637.6,99970935.41,11/10/2025 15:25
Stacks,STX,0.426596431,0.68279212,14.45345369,772202032.3,29603104.71,1810146489,11/10/2025 15:25
Starknet,STRK,0.168774428,13.47920704,57.79649689,769614877.8,737120213.4,4560020668,11/10/2025 15:25
Lido DAO,LDO,0.854947339,1.14227196,15.15417395,761411415.6,106251189.7,890594521.2,11/10/2025 15:25
The Graph,GRT,0.067671731,2.06743003,20.14149376,715551106.4,40674102.02,10573855553,11/10/2025 15:25
Curve DAO Token,CRV,0.506346485,4.85007563,18.45454585,714563773.8,162102511.4,1411215038,11/10/2025 15:25
Morpho,MORPHO,1.991597933,0.26102762,9.06222464,712992086.6,30894838.51,358000013.4,11/10/2025 15:25
Nexo,NEXO,1.099050051,-0.20536293,0.34095173,710146617.7,10776531.26,646145839.6,11/10/2025 15:25
DoubleZero,2Z,0.191421298,-4.14840855,21.57131122,664503242.2,31550768.27,3471417500,11/10/2025 15:25
Tezos,XTZ,0.623405019,-0.86276895,17.65448126,663834123.2,34057528.54,1064852067,11/10/2025 15:25
SPX6900,SPX,0.710250738,-1.32286939,-3.51321671,661238529.4,25604885.78,930993090.1,11/10/2025 15:25
Kaia,KAIA,0.103298056,1.9741706,10.53371181,636835274.2,64769488.94,6165026706,11/10/2025 15:25
Pyth Network,PYTH,0.109298834,3.20449259,17.02674185,628466437.9,36529822.76,5749982982,11/10/2025 15:25
FLOKI,FLOKI,6.40E-05,1.02055345,6.24409618,610843506,67531992.22,9.53992E+12,11/10/2025 15:25
IOTA,IOTA,0.146920024,4.25572061,16.36532156,606254029.7,25919862.84,4126422059,11/10/2025 15:25
SOON,SOON,1.967488165,-4.52259418,185.2919477,580752074.5,56903991.16,295174367.5,11/10/2025 15:25
ether.fi,ETHFI,0.994086942,-0.99045388,15.45141013,560760269.9,65230076.49,564095801,11/10/2025 15:25
Trust Wallet Token,TWT,1.294255747,1.58565136,13.22846737,556349442.5,21777659.63,429860515.5,11/10/2025 15:25
Plasma,XPL,0.304938014,-1.54244505,10.87537993,548888424.7,407094100.9,1800000000,11/10/2025 15:25
Ethereum Name Service,ENS,14.41628193,1.63380585,8.15918329,545127037.3,56831900.64,37813289.16,11/10/2025 15:25
The Sandbox,SAND,0.20633005,-0.06418521,14.36036297,539200090.6,57481217.78,2613289192,11/10/2025 15:25
DeXe,DEXE,6.340377805,-2.91854148,-2.44999961,530902978.5,6742740.976,83733650.4,11/10/2025 15:25
MYX Finance,MYX,2.387371913,4.83576204,31.07206854,527860878.3,38384122.46,221105423.7,11/10/2025 15:25
Maple Finance,SYRUP,0.462199385,-3.09927899,12.04733702,526287301.3,57095021.26,1138658593,11/10/2025 15:25
Decred,DCR,30.672437,-14.35569049,17.8933307,524982399.7,46954096.03,17115770.74,11/10/2025 15:25
Conflux,CFX,0.10091058,0.06618378,13.17345429,519998447.8,33787374.35,5153061720,11/10/2025 15:25
Bitcoin SV,BSV,25.05369751,1.03151846,19.363544,499711107.3,41124722.02,19945603.13,11/10/2025 15:25
ZKsync,ZK,0.05776069,1.60538704,13.14718981,494531638.7,254936163.7,8561733635,11/10/2025 15:25
TrueUSD,TUSD,0.996502904,-0.00741853,0.02681062,492785716.3,40512978.61,494515083,11/10/2025 15:25
dogwifhat,WIF,0.490802266,1.69431241,10.43673567,490232870.3,141973318.3,998839866.7,11/10/2025 15:25
Gala,GALA,0.01046493,2.29450601,19.63015197,487205618.6,76043936.77,46556032492,11/10/2025 15:25
JasmyCoin,JASMY,0.009768815,-3.89842704,8.24033414,483019037.1,42159990.98,49444999677,11/10/2025 15:25
Theta Network,THETA,0.480948635,-1.01012528,14.39077431,480948635.3,29426617.35,1000000000,11/10/2025 15:25
Pendle,PENDLE,2.866862489,2.630287,6.54995898,480905626.5,58630955.45,167746317.9,11/10/2025 15:25
AB,AB,0.005522776,-0.17913949,-2.18120447,475588168.7,14138166.14,86113978052,11/10/2025 15:25
BitTorrent [New],BTT,4.77E-07,0.3058638,5.34520278,470620839.1,12952662.42,9.86061E+14,11/10/2025 15:25
Vaulta,A,0.293375564,-0.10131138,16.4766513,470200964.5,36782316.9,1602727093,11/10/2025 15:25
Decentraland,MANA,0.233948187,-0.46151671,13.3737435,460814530.7,31823497.78,1969729010,11/10/2025 15:25
Helium,HNT,2.450115163,-0.30483411,11.14369103,456508981.1,9257301.22,186321438.3,11/10/2025 15:25
Flow,FLOW,0.281378437,0.03282226,16.09466838,455964224.5,13223580.07,1620466124,11/10/2025 15:25
Sonic,S,0.151571663,-2.45522247,24.01544219,436526389.3,97942218.87,2880000000,11/10/2025 15:25
Sun [New],SUN,0.022466954,0.27230564,4.0649264,430859029.9,18991933.14,19177456405,11/10/2025 15:25
Raydium,RAY,1.604532324,5.1199122,13.25838127,430423221.7,82136401.18,268254628.1,11/10/2025 15:25
USDD,USDD,0.999872855,-0.03647735,-0.00466732,407964663.6,6910535.278,408016541,11/10/2025 15:25
AINFT,NFT,4.02E-07,0.23230803,-0.16012496,401742711.4,32121171.55,9.9999E+14,11/10/2025 15:25
Neo,NEO,5.313093037,-2.35487906,10.48409262,374779371.8,38120416.28,70538831,11/10/2025 15:25
Aethir,ATH,0.026210581,2.4213391,9.62962204,373100592.4,24896774.66,14234731752,11/10/2025 15:25
JUST,JST,0.036819674,1.44516324,4.81714814,364514771.7,25323387.44,9900000000,11/10/2025 15:25
EigenLayer,EIGEN,0.83472573,-3.84913012,9.9452465,364200487,107053433.1,436311561.8,11/10/2025 15:25
Arweave,AR,5.526106466,-5.02895449,50.07872718,362802516.9,119821458.1,65652466,11/10/2025 15:25
Humanity Protocol,H,0.166258981,-8.23307502,-33.24998224,361919402.7,48180644.26,2176841216,11/10/2025 15:25
Merlin Chain,MERL,0.343683814,-5.92033894,12.52046852,361547642.1,542667613.1,1051977508,11/10/2025 15:25
Chiliz,CHZ,0.034135078,0.50125187,18.96434766,344543673.5,26957479.14,10093537146,11/10/2025 15:25
Walrus,WAL,0.224472199,0.68770527,5.14598905,339327141.6,35937622.37,1511666667,11/10/2025 15:25
LayerZero,ZRO,1.624093192,-3.2814769,13.63229923,333946134,71654564,205620056.5,11/10/2025 15:25
Fartcoin,FARTCOIN,0.333693627,2.0103177,25.98279165,333693045.4,120349755.3,999998256,11/10/2025 15:25
Compound,COMP,34.61071784,-0.40339785,6.09046611,333660802.5,21715418.13,9640389.546,11/10/2025 15:25
Basic Attention Token,BAT,0.222329736,4.62974952,11.83841144,332541244.8,64737330.66,1495711957,11/10/2025 15:25
Gnosis,GNO,124.8600455,-1.52027417,1.13403154,329533423.7,5501871.819,2639222.359,11/10/2025 15:25
OriginTrail,TRAC,0.652659,0.64560581,21.8516525,326328390.3,5279887.387,499998299.6,11/10/2025 15:25
0G,0G,1.523705604,-12.06700621,21.69230683,324921074.8,173627791.1,213243998,11/10/2025 15:25
Wormhole,W,0.066218312,2.30190035,17.69644782,324548737.5,45208856.88,4901193166,11/10/2025 15:25
Zebec Network,ZBCN,0.003425155,8.709166,9.35586106,321149037.1,21401310.26,93761893942,11/10/2025 15:25
Falcon Finance,FF,0.136074568,4.00129154,15.22431709,318414489.8,88195682.07,2340000000,11/10/2025 15:25
Jito,JTO,0.796789784,1.093056,-2.14320997,318007199.2,41344979.65,399110537.9,11/10/2025 15:25
DeepBook Protocol,DEEP,0.069236751,1.14796195,10.72231534,302436349.4,30984223.32,4368147611,11/10/2025 15:25
1inch,1INCH,0.214419095,-4.17275798,42.4789432,300103191.8,37395244.36,1399610384,11/10/2025 15:25
ApeCoin,APE,0.395393556,0.00111476,8.66305345,297593558.7,31998497.4,752651515,11/10/2025 15:25
eCash,XEC,1.49E-05,0.40499904,11.85700414,296847704.5,8184196.638,1.99458E+13,11/10/2025 15:25
EURC,EURC,1.155732039,-0.08213252,0.27415905,293373583.3,95248363.6,253842217.2,11/10/2025 15:25
Synthetix,SNX,0.849343557,-2.34802314,-6.60367041,291720818.5,41612261.59,343466217,11/10/2025 15:25
THORChain,RUNE,0.820505401,-0.16544188,4.78311547,288164083.9,32303956.01,351203153,11/10/2025 15:25
MultiversX,EGLD,9.923427368,-2.08831327,16.06036932,285504530.6,19965633.13,28770758.33,11/10/2025 15:25
Reserve Rights,RSR,0.004630111,-2.42252835,-2.64025339,282738686.2,17732014.49,61065201626,11/10/2025 15:25
ZORA,ZORA,0.061596164,-2.04659102,4.55249213,275334855.2,58747980.65,4469999999,11/10/2025 15:25
dYdX,DYDX,0.340587542,3.34848952,28.55872301,271644700.5,16010633.07,797576738.2,11/10/2025 15:25
FTX Token,FTT,0.786729354,-1.77112868,-3.82076315,258751432.6,4421665.172,328895103.8,11/10/2025 15:25
WEMIX,WEMIX,0.563893907,3.58334175,-2.40796538,258354728.5,4391480.967,458161943.3,11/10/2025 15:25
Onyxcoin,XCN,0.006948347,2.70266369,1.48976791,250510578.3,19052869.54,36053262100,11/10/2025 15:25
Brett (Based),BRETT,0.024885834,4.45088856,10.81314478,246624495.8,33147087.76,9910236395,11/10/2025 15:25
Axie Infinity,AXS,1.447916275,0.35601907,16.31214368,241820817.6,24834382.92,167012983.9,11/10/2025 15:25
Livepeer,LPT,5.20048566,-2.63738442,7.50516705,241516996.3,19623393.12,46441238.77,11/10/2025 15:25
Golem,GLM,0.235183416,11.27443024,35.94062256,235183416.2,19522243.22,1000000000,11/10/2025 15:25
Horizen,ZEN,13.1091821,-17.03962739,-28.09236503,230293824.4,168162965.1,17567367.88,11/10/2025 15:25
Cheems (cheems.pet),CHEEMS,1.22E-06,-1.68984007,-6.98729492,228103074.3,2586020.56,1.87495E+14,11/10/2025 15:25
Berachain,BERA,1.717914736,2.0730349,8.99102137,226809047.2,45142728.7,132025788.3,11/10/2025 15:25
AIOZ Network,AIOZ,0.183942535,9.59989345,19.94749699,223654777.9,11267605.52,1215894831,11/10/2025 15:25
Beam,BEAM,0.004520725,1.45897696,7.53693215,223622178.3,9435007.019,49466004168,11/10/2025 15:25
Toshi,TOSHI,0.000526243,-0.28990146,-7.81455049,221377171.1,24729049.48,4.20675E+11,11/10/2025 15:25
Core,CORE,0.214324932,-0.90013319,3.16756476,218028443.5,13164228.21,1017279889,11/10/2025 15:25
KAITO,KAITO,0.894597642,0.21692571,-0.72874218,215945931,13754236.38,241388889,11/10/2025 15:25
Kusama,KSM,12.42244891,0.89823434,30.90035733,215023280.1,29198566.27,17309250.51,11/10/2025 15:25
Ronin,RON,0.298185242,-1.98874784,-0.59914097,215017444.5,3355498.422,721086809,11/10/2025 15:25
Creditcoin,CTC,0.425274078,-0.98770273,-3.72177607,214979376.8,9840090.377,505507831,11/10/2025 15:25
Amp,AMP,0.002529958,-0.15674648,9.26904738,213230253,8107883.178,84282133547,11/10/2025 15:25
Convex Finance,CVX,2.10926846,1.68093371,7.15358286,206230459.2,9078189.178,97773452.31,11/10/2025 15:25
Terra Classic,LUNC,3.74E-05,-0.63002239,-4.16102527,205392247.1,11722162.38,5.49505E+12,11/10/2025 15:25
Qtum,QTUM,1.931479661,0.23293038,13.3443403,204516865.9,47364986.42,105886109,11/10/2025 15:25
SuperVerse,SUPER,0.320508296,-0.12995324,0.32627876,204215907.5,13105650.07,637162626.4,11/10/2025 15:25
Kamino Finance,KMNO,0.063490577,0.7110453,10.26322888,203909127.8,15606046.6,3211643967,11/10/2025 15:25
Useless Coin,USELESS,0.203127922,-4.57838993,10.69999823,202943178,71939113.47,999090503.7,11/10/2025 15:25
MX Token,MX,2.19059656,0.61792251,7.19503523,202535622.5,22704616.19,92456834,11/10/2025 15:25
Mina,MINA,0.156661124,-0.65111393,38.83862899,197578941.9,50184878.88,1261186799,11/10/2025 15:25
Linea,LINEA,0.012635586,0.36615867,8.80675159,195626010.4,103034583.2,15482147850,11/10/2025 15:25
Akash Network,AKT,0.680842619,4.67646141,10.89122384,191990747.1,14981430.13,281989907.6,11/10/2025 15:25
Sahara AI,SAHARA,0.078080537,-1.06948573,6.93782285,185603943.2,14943410.73,2377083334,11/10/2025 15:25
Movement,MOVE,0.06545731,5.05614133,16.41917539,183280466.7,40296638.16,2800000000,11/10/2025 15:25
Official Melania Meme,MELANIA,0.19967962,72.7912438,100.7884917,181707826.9,75988578.86,909996859,11/10/2025 15:25
Meteora,MET,0.378505401,7.64407906,5.65373237,180826275.1,44088118.36,477737635.4,11/10/2025 15:25
Axelar,AXL,0.168543591,-2.50109931,7.11149504,180009596,8855553.445,1068029909,11/10/2025 15:25
DigiByte,DGB,0.00996376,10.20902539,34.98412189,179297534.4,11302756.15,17994968103,11/10/2025 15:25
SafePal,SFP,0.357765563,-0.72841026,8.6411988,178882781.7,3595087.565,500000000,11/10/2025 15:25
0x Protocol,ZRX,0.210489719,-0.76342819,18.15523779,178578754.5,28044256.93,848396562.9,11/10/2025 15:25
Lombard,BARD,0.793487988,-2.55649464,20.09384392,178534797.2,28299094.24,225000000,11/10/2025 15:25
Kava,KAVA,0.162634498,1.16846721,36.5495241,176108399,96571409.72,1082847744,11/10/2025 15:25
Four,FORM,0.458233856,-2.48205828,5.7145926,174984504.8,44398856.63,381867255.1,11/10/2025 15:25
Dog (Bitcoin),DOG,0.001744563,8.23164708,22.30234207,174456269.2,9739151.968,1E+11,11/10/2025 15:25
yearn.finance,YFI,4942.730535,-0.72075519,8.80786913,167805386.5,14215087.54,33949.93623,11/10/2025 15:25
Plume,PLUME,0.053413455,4.36046323,-1.68794424,167494634.2,31543771.43,3135813492,11/10/2025 15:25
Theta Fuel,TFUEL,0.023484293,-1.8449458,9.14533445,167376597.8,2094476.395,7127172248,11/10/2025 15:25
Canton Network,CC,0.11994113,-20.91409269,-20.91409269,4188618777,53685280.23,34922288803,11/10/2025 15:25
Jupiter Perps LP,JLP,5.163028514,0.31362428,0.35724259,2121408773,64200676.39,410884574.3,11/10/2025 15:25
Falcon USD,USDf,0.998994926,0.00872133,0.24003058,2002544133,5066423.363,2004558862,11/10/2025 15:25
Global Dollar,USDG,0.999985445,0.01528276,0.01099447,1066299779,22215932.3,1066315300,11/10/2025 15:25
Fasttoken,FTN,1.819393067,-0.57482493,-9.61509531,793731172.2,25509379.23,436261513,11/10/2025 15:25
Ondo US Dollar Yield,USDY,1.11237631,0.27558551,0.23211152,693735893.6,2063282.62,623652164.6,11/10/2025 15:25
Beldex,BDX,0.08187997,-1.2343585,1.56840488,612249754,10966000.95,7477405722,11/10/2025 15:25
Usual USD,USD0,0.997862396,0.05219398,0.02823281,559981140.7,4382.381354,561180722.6,11/10/2025 15:25
USDai,USDAI,1.005156606,0.03214889,-0.12886297,503936396.4,1845283.59,501351126,11/10/2025 15:25
Zeebu,ZBU,1.109259054,-5.63584716,-26.2418096,458820599.8,380034.558,413627996.4,11/10/2025 15:25
GHO,GHO,0.999199978,-0.02334965,0.00970323,437767866.4,767211.5272,438118370.9,11/10/2025 15:25
Concordium,CCD,0.034359577,-3.73272383,36.52979545,403077365,1949060.379,11731150375,11/10/2025 15:25
Ribbita by Virtuals,TIBBIR,0.350379263,-5.33083408,8.95049474,350379262.6,15484041.81,1000000000,11/10/2025 15:25
SwissBorg,BORG,0.348564775,1.29253488,1.53559817,342378601.8,1052845.961,982252443.4,11/10/2025 15:25
Vision,VSN,0.100745706,0.19984927,-2.63387996,339342258.5,4044064.082,3368304927,11/10/2025 15:25
DeAgentAI,AIA,2.53350744,-56.45515717,112.1602973,327455836.6,100498070.1,129250000,11/10/2025 15:25
Fluid,FLUID,4.070489237,2.73994554,10.41300712,315414920.2,21300035.45,77488208.87,11/10/2025 15:25
Telcoin,TEL,0.003299775,0.02476024,15.05008314,300303876.7,1363328.777,91007371550,11/10/2025 15:25
Legacy Frax Dollar,FRAX,0.99391266,-0.2210184,-0.135167,289040919.7,886504.5185,290811186.3,11/10/2025 15:25
Loaded Lions,LION,0.009123145,4.45572185,-2.13918575,281405433.7,1044961.924,30845220686,11/10/2025 15:25
Zano,ZANO,15.48149631,14.60864281,32.93110881,232273549,2521128.19,15003301,11/10/2025 15:25
ChainOpera AI,COAI,1.070862406,0.87088895,2.91079281,201322237.2,65798111.06,188000098,11/10/2025 15:25
SoSoValue,SOSO,0.717839599,-2.33799168,-4.45673157,197238328.8,9282576.889,274766576,11/10/2025 15:25
Ailey,ALE,0.470574044,0.01229716,-0.97468755,195909124.7,575622.767,416319444.4,11/10/2025 15:25
UPCX,UPC,2.003401395,-0.07891021,-0.00801188,194863266.1,519520.9329,97266212.6,11/10/2025 15:25
StandX DUSD,DUSD,0.999327425,-0.02896476,0.01985197,191817484.7,20432600.51,191946583.2,11/10/2025 15:25
Legacy Token,LGCT,1.803335957,-0.09274292,-1.49526068,191405083.9,5338131.824,106139448.5,11/10/2025 15:25
Undeads Games,UDS,2.371697067,2.74542293,-6.05177695,182228538.1,2365711.342,76834660.13,11/10/2025 15:25
Keeta,KTA,0.405227524,1.76322201,14.0692446,177131459.4,7143770.903,437116061.4,11/10/2025 15:25
币安人生,币安人生,0.174562705,-2.0119038,22.02657661,174562705.1,56414109.77,1000000000,11/10/2025 15:25
Nano,XNO,1.247401016,7.43989599,100.7754462,166214061.1,8334148.146,133248297,11/10/2025 15:25
Aster USDF,USDF,0.998365447,-0.00203058,0.00241581,165760731.5,900829.5066,166032119.8,11/10/2025 15:25
Oasis,ROSE,0.022151297,-2.23787996,48.18871992,165744132.8,20198349.41,7482366920,11/10/2025 15:25
Ravencoin,RVN,0.010405742,-3.44095349,18.6820417,164299900.8,14876111.43,15789350130,11/10/2025 15:25
Prom,PROM,8.976472129,0.66511348,-15.86879273,163820616.3,6333837.202,18250000,11/10/2025 15:25
BitMart Token,BMX,0.503038277,-0.06650012,0.17238075,163126065.5,5948812.945,324281616,11/10/2025 15:25
48 Club Token,KOGE,47.99319344,-0.01727556,-0.02092338,162611902.5,734277375.9,3388228.43,11/10/2025 15:25
Moca Network,MOCA,0.040854423,-0.82448739,-23.83600921,161646150.7,10500080.86,3956637685,11/10/2025 15:25
Gas,GAS,2.478314336,-0.84477316,8.00951319,161071425.7,4875071.95,64992331,11/10/2025 15:25
Snek,SNEK,0.002141296,2.19613511,8.49882618,159994647.4,4415025.032,74718591541,11/10/2025 15:25
Nervos Network,CKB,0.003338566,-1.74955621,13.08786725,158980709,5859432.539,47619457043,11/10/2025 15:25
SushiSwap,SUSHI,0.548499225,10.12023972,24.03442265,157326946.5,66639086.46,286831665.8,11/10/2025 15:25
Pirate Chain,ARRR,0.792100244,13.22241633,41.66215516,155420997.2,748744.5147,196213798,11/10/2025 15:25
Shuffle,SHFL,0.447529822,3.02984152,11.21753409,155209642.3,688402.9492,346814077.4,11/10/2025 15:25
Zilliqa,ZIL,0.007831866,-0.58889871,16.12284689,153343469.7,13921939.03,19579428463,11/10/2025 15:25
Giggle Fund,GIGGLE,153.2207182,-10.95291067,142.8673868,153220718.2,82045170.34,1000000,11/10/2025 15:25
Kite,KITE,0.083259798,-4.17029112,2.82014821,149867635.9,175877290.4,1800000000,11/10/2025 15:25
Aleo,ALEO,0.233017056,-5.12143982,-1.02338288,149587504.1,7335550.078,641959462.4,11/10/2025 15:25
Bio Protocol,BIO,0.082301885,1.51919303,8.01514544,149424290,41733448,1815563397,11/10/2025 15:25
GUSD,GUSD,0.999385402,0.00209723,-0.00866414,149348154.4,5175207.223,149440000,11/10/2025 15:25
Turbo,TURBO,0.002155889,-0.30742719,14.47446118,148756325.3,16742268.44,69000000000,11/10/2025 15:25
BUILDon,B,0.148629651,7.87854454,-18.92165305,148629650.9,13645968.16,1000000000,11/10/2025 15:25
GoМining,GOMINING,0.363734457,-1.44521387,-5.61110288,147960130.2,9537368.7,406780626.7,11/10/2025 15:25
Baby Doge Coin,BabyDoge,8.67E-10,-2.55213731,2.5840756,147743039.7,9211219.554,1.70E+17,11/10/2025 15:25
cat in a dogs world,MEW,0.001651354,1.32775347,8.2925329,146787064.1,19190747.53,88888888888,11/10/2025 15:25
Mog Coin,MOG,3.75E-07,-2.06325257,-3.0103428,146479484.3,12781841.54,3.90568E+14,11/10/2025 15:25
Popcat (SOL),POPCAT,0.148661603,1.39605426,21.26511332,145684384.7,26040589.94,979973184.6,11/10/2025 15:25
Celo,CELO,0.247586482,1.23033792,7.49642935,145281520.4,14999177.33,586791005,11/10/2025 15:25
River,RIVER,7.299543576,2.10317608,-7.21415964,143071054.1,21507943.46,19600000,11/10/2025 15:25
AI Companions,AIC,0.1903937,13.64347354,9.19233305,142795217.7,4197346.26,749999700,11/10/2025 15:25
Drift,DRIFT,0.363963122,1.65455416,8.17515826,141128913.3,15720071.11,387756079.7,11/10/2025 15:25
STASIS EURO,EURS,1.120155597,0,0.84279411,139040366.5,0,124125940,11/10/2025 15:25
Safe,SAFE,0.209548136,-1.79174252,7.11536213,138413248.2,6448808.812,660531994,11/10/2025 15:25
Avantis,AVNT,0.535633358,-1.6367687,0.1878182,138303694.9,69671161.88,258205903.1,11/10/2025 15:25
Threshold,T,0.012823423,-0.45000911,7.22399324,138288485.6,7459657.5,10784054376,11/10/2025 15:25
Ore,ORE,325.9031877,-37.5615972,170.2629917,134386848.8,47825900.97,412352.0537,11/10/2025 15:25
Non-Playable Coin,NPC,0.017715848,7.74523806,25.87387384,133271721.2,17387964.54,7522740354,11/10/2025 15:25
Ultima,ULTIMA,3543.073225,-2.4356554,-1.10124414,132542826.3,16271510.5,37409,11/10/2025 15:25
WeFi,WFI,1.810682711,2.20187622,2.45954988,132274423.2,3890192.434,73052237.34,11/10/2025 15:25
AUSD,AUSD,1.000002709,-0.03402093,0.07237307,128906166.2,22099591.66,128905817,11/10/2025 15:25
Qubic,QUBIC,1.01E-06,0.52857848,-2.2348697,128180921.8,2892441.57,1.26444E+14,11/10/2025 15:25
AWE,AWE,0.065986199,-2.88679616,1.96644728,128172930.4,4523237.997,1942420283,11/10/2025 15:25
Astar,ASTR,0.015562747,-1.36427087,4.16125485,128131427.2,5048626.112,8233213880,11/10/2025 15:25
XPR Network,XPR,0.004495621,2.05007322,4.41592141,127087963.1,3294890.578,28269278025,11/10/2025 15:25
Velo,VELO,0.007143245,2.25463341,-4.43359514,125463075,15479457.49,17563876115,11/10/2025 15:25
Euler,EUL,6.035887905,0.89321749,-21.41596348,124861748.3,18497517.99,20686558.51,11/10/2025 15:25
Fellaz,FLZ,0.263664129,-0.1562102,-0.98117125,124416495.2,4890650.411,471874940,11/10/2025 15:25
Chia,XCH,8.592381423,-4.04686535,37.4041986,123831046.8,8015379.703,14411726,11/10/2025 15:25
Blur,BLUR,0.047505683,0.03953575,13.08452917,123300431.6,14372976.03,2595488031,11/10/2025 15:25
ZetaChain,ZETA,0.109837521,-1.46222047,7.10696014,123098113.3,12967462.19,1120729167,11/10/2025 15:25
SLT,SLT,14.46276797,0.66575423,11.11595759,122933527.8,175239.7413,8500000,11/10/2025 15:25
IoTeX,IOTX,0.012980807,17.63760513,27.56006961,122556588.1,22377578.4,9441368979,11/10/2025 15:25
Peanut the Squirrel,PNUT,0.122397967,1.57853503,12.64674581,122379780.2,31706751.79,999851413.9,11/10/2025 15:25
Verge,XVG,0.007311434,-6.31516653,1.55463748,120799151.4,12797225.46,16521951236,11/10/2025 15:25
Unibase,UB,0.048000548,1.81946929,-24.79643641,120001369.4,30469526.22,2500000000,11/10/2025 15:25
SPACE ID,ID,0.099871814,-1.49990584,4.42533173,119677783.9,11577569.74,1198313905,11/10/2025 15:25
Rekt (rekt.com),REKT,4.27E-07,5.50176366,-6.24490473,119457984.1,3438601.948,2.79876E+14,11/10/2025 15:25
Rollbit Coin,RLB,0.064024628,-2.06017049,1.04265891,118732892,280738.1195,1854487793,11/10/2025 15:25
COTI,COTI,0.048019472,2.65515846,68.84100456,118606353.8,252770360.5,2469963742,11/10/2025 15:25
Alchemy Pay,ACH,0.012086981,-7.03382587,12.35173318,116938747.7,32186551.68,9674768762,11/10/2025 15:25
CoW Protocol,COW,0.222261779,2.85088062,14.09403462,116187312.9,8977501.499,522749856.3,11/10/2025 15:25
Succinct,PROVE,0.592039091,0.27578748,2.29297282,115447622.6,29148747.54,195000000,11/10/2025 15:25
ZIGChain,ZIG,0.081908989,-2.74700103,10.1668933,115404915.9,3383960.947,1408940795,11/10/2025 15:25
YZY MONEY,YZY,0.38399561,0.38822599,0.60289585,115198570.3,8592385.879,299999706.2,11/10/2025 15:25
Holo,HOT,0.000656826,0.15549162,14.28756131,115020676.2,8819707.126,1.75116E+11,11/10/2025 15:25
VVS Finance,VVS,2.68E-06,3.53787309,1.59285604,114736582.4,693391.8368,4.28517E+13,11/10/2025 15:25
VeThor Token,VTHO,0.001185614,-0.94637156,19.93684892,113906725,1758108.299,96074069882,11/10/2025 15:25
Siacoin,SC,0.002026112,-1.21853914,12.58406618,113514231.9,5623198.868,56025636522,11/10/2025 15:25
Frax USD,FRXUSD,0.99857117,-0.24178872,-0.16069166,110816650.3,0,110975215,11/10/2025 15:25
MANTRA,OM,0.09958262,0.47668391,5.86608307,109886699.5,28743108.86,1103472673,11/10/2025 15:25
SKALE,SKL,0.018118041,3.13551828,15.4015062,109539760.1,44378603.23,6045894337,11/10/2025 15:25
Request,REQ,0.132040028,-1.12831261,9.14972398,108826762.7,1706025.69,824195243.5,11/10/2025 15:25
Keep Network,KEEP,0.112194687,83.17577477,99.99173732,108580565.4,11116.53937,967787054.3,11/10/2025 15:25
ORDI,ORDI,5.145476021,-1.75734359,28.61612602,108054996.4,50076064.34,21000000,11/10/2025 15:25
Alchemist AI,ALCH,0.126654063,48.58551496,89.28082343,107655953.6,68917509.79,850000000,11/10/2025 15:25
Momentum,MMT,0.521187599,-12.12766225,3.6615122,106372004.1,198602027.9,204095424,11/10/2025 15:25
Casper,CSPR,0.007798274,-0.26918907,11.3930448,105875779.2,2065082.207,13576822979,11/10/2025 15:25
peaq,PEAQ,0.073053275,-5.29013653,9.78458556,105189914.7,6600619.453,1439906899,11/10/2025 15:25
Frax (prev. FXS),FRAX,1.17124192,-5.97372471,-6.12911134,105072925.2,9575910.714,89710693.75,11/10/2025 15:25
ViciCoin,VCNT,17.20317167,-0.51060806,0.40652504,104752035.2,232590.9245,6089111.776,11/10/2025 15:25
HashKey Platform Token,HSK,0.313961658,-6.50341519,0.48870249,104772147.8,5034927.25,333710009,11/10/2025 15:25
Gems,GEMS,0.174844198,-2.54153746,6.82156235,104708107.3,623562.4297,598865211,11/10/2025 15:25
Staika,STIK,0.794510785,0.01025449,4.6265558,104192362.9,164544.5196,131140275.1,11/10/2025 15:25
GMX,GMX,10.04215308,-0.97735933,13.35766327,103900477.7,11110342.26,10346434.36,11/10/2025 15:25
ApeX Protocol,APEX,0.797923925,-4.99858086,-3.62273523,102987332.5,7516064.259,129069112,11/10/2025 15:25
WhiteRock,WHITE,0.000156433,-7.53725321,-9.68824484,101681170.2,340296.1579,6.5E+11,11/10/2025 15:25
Centrifuge,CFG,0.177428755,-6.12602125,8.91048789,100608472.7,4223130.996,567035895,11/10/2025 15:25
aelf,ELF,0.125070665,0.11059006,1.07066121,100398397,2450444.394,802733373.3,11/10/2025 15:25
LCX,LCX,0.10459862,4.29428652,5.20903051,99313158.79,344798.6888,949469112,11/10/2025 15:25
Ankr,ANKR,0.009900647,0.23975294,11.99152292,99006468.78,10382708.96,10000000000,11/10/2025 15:25
Memecoin,MEME,0.001667642,1.02265645,20.14664368,98197871.19,19487331.41,58884259255,11/10/2025 15:25
Open Campus,EDU,0.16252889,-1.99063114,-1.39579258,97490299.76,12081915.18,599833666,11/10/2025 15:25
Moo Deng (moodengsol.com),MOODENG,0.096392172,-3.43239293,8.6521357,95425531.45,21164784.16,989971791.2,11/10/2025 15:25
RedStone,RED,0.326833625,-2.51283483,14.03341507,95312331.79,34715818.24,291623396,11/10/2025 15:25
Metaplex,MPLX,0.169338707,0.49565397,-14.96523809,95265381.15,5363743.941,562572981,11/10/2025 15:25
RealLink,REAL,0.069315881,1.09133768,-1.42257047,95242914.99,22158158.31,1374041752,11/10/2025 15:25
EthereumPoW,ETHW,0.878196774,-0.73423843,9.75986448,94686297.15,9392917.286,107818999,11/10/2025 15:25
Quantum Resistant Ledger,QRL,1.392275974,-1.04371743,-11.18204996,94587289.51,117795.6221,67937170,11/10/2025 15:25
Stargate Finance,STG,0.142996057,-2.35023175,13.93452986,94513440.09,7473484.544,660951371,11/10/2025 15:25
Anoma,XAN,0.037593439,6.94843651,28.32509878,93983596.57,41703620.6,2500000000,11/10/2025 15:25
XYO,XYO,0.006720083,-1.75456842,7.56871577,91763983.24,11139814.5,13655185228,11/10/2025 15:25
MNEE,MNEE,0.999963023,-0.13385437,-0.05970795,91342169.01,102205.1023,91345546.69,11/10/2025 15:25
UMA,UMA,1.031458903,-0.3505235,5.68995398,91028763.87,20705165.2,88252438.96,11/10/2025 15:25
KUB Coin,KUB,1.315332406,-0.30063439,-1.44007793,90724758.08,371965.7818,68974776,11/10/2025 15:25
Vana,VANA,3.009658485,1.54403576,12.26812267,90542565.87,14547891.81,30084000,11/10/2025 15:25
Yala,YU,0.999374037,0.01387334,-0.11832356,89682940.74,0,89739114.14,11/10/2025 15:25
Orca,ORCA,1.488881337,0.23869004,8.76686328,89566937.26,8827728.549,60157203.28,11/10/2025 15:25
Elixir deUSD,DEUSD,0.980632807,1427.356775,-1.85750834,89485092.05,64036.04249,91252394.76,11/10/2025 15:25
Loopring,LRC,0.065366207,-0.03702981,9.22363645,89362489.64,9543127.446,1367105325,11/10/2025 15:25
Status,SNT,0.018491142,-0.52808566,9.1330823,88704999.31,7717799.957,4797161814,11/10/2025 15:25
ICON,ICX,0.082106897,-1.17789864,9.79615517,88659946.34,1927241.749,1079811187,11/10/2025 15:25
Waves,WAVES,0.738081361,1.47286148,6.07830809,88057359.15,17167662.71,119305762,11/10/2025 15:25
World Mobile Token,WMTX,0.124278345,5.81082245,14.09335683,87339599.28,9917533.756,702774077,11/10/2025 15:25
Sologenic,SOLO,0.217349188,1.40075282,-9.51402937,86673640.49,3118723.961,398776003.2,11/10/2025 15:25
Grass,GRASS,0.353098677,-6.78560017,23.72984066,86122564.95,23242852.43,243905091,11/10/2025 15:25
Harmony,ONE,0.005809464,-0.3069408,15.6167473,85762067.22,8068512.542,14762474874,11/10/2025 15:25
NEXPACE,NXPC,0.38752621,0.87996162,21.77954581,85496783.55,16614388.05,220621938,11/10/2025 15:25
Numeraire,NMR,11.16923353,-0.9695962,-6.88633464,85311803.59,11796312.67,7638107.25,11/10/2025 15:25
Enjin Coin,ENJ,0.04462489,-3.28775883,16.87016036,84855496.25,8785992.861,1901528426,11/10/2025 15:25
Mask Network,MASK,0.834425007,-0.09341446,10.61434183,83442500.68,24621155.2,100000000,11/10/2025 15:25
BitDCA,BDCA,1.100975579,-5.91290056,10.29395104,83130332.25,747557.6723,75506063.74,11/10/2025 15:25
Altlayer,ALT,0.017489818,1.14687421,5.76662086,82522939.9,21766526.37,4718341908,11/10/2025 15:25
APRO,AT,0.358737663,8.70020413,-3.106787,82509662.39,20447535.36,230000000,11/10/2025 15:25
Lagrange,LA,0.426589871,2.7402568,26.87261806,82331845.02,25982690.12,193000000,11/10/2025 15:25
Paycoin,PCI,0.077914045,1.34429142,0.37228918,82221602.07,678851.6314,1055286017,11/10/2025 15:25
Band,BAND,0.485131566,1.49821281,6.85810917,81441551.51,9312964.195,167875185.3,11/10/2025 15:25
Spark,SPK,0.041595022,2.91696087,35.41596553,81433193.03,54279942.36,1957762960,11/10/2025 15:25
Yield Guild Games,YGG,0.118452309,-0.13267202,12.0196383,80360090.66,25519223.51,678417257,11/10/2025 15:25
Osmosis,OSMO,0.106874263,0.12887231,5.91602774,80258574.52,4944900.871,750962600,11/10/2025 15:25
Polymesh,POLYX,0.079145601,-0.04353832,14.78717664,79600922.03,3085138.124,1005752957,11/10/2025 15:25
BounceBit,BB,0.092492748,-0.68972351,3.05142042,78925835.77,15855343.9,853319181,11/10/2025 15:25
Ontology,ONT,0.085505977,-2.45618924,7.81451111,78585509.89,11612838.61,919064523,11/10/2025 15:25
Janction,JCT,0.006817474,135.1041166,135.1041166,78357914.16,156411450.1,11493687500,11/10/2025 15:25
Tornado Cash,TORN,14.88994389,-11.58780588,22.56230834,78323538.34,366623.4346,5260163.431,11/10/2025 15:25
Arkham,ARKM,0.347484103,1.8323139,17.76869346,78218671.54,47291681.58,225100000,11/10/2025 15:25
Venus,XVS,4.782955132,0.36389626,10.74585483,78204056.31,8951259.645,16350572.85,11/10/2025 15:25
Babylon,BABY,0.027396644,1.91621828,15.50900677,77670488.63,9570658.636,2835036620,11/10/2025 15:25
Solayer,LAYER,0.248322539,-2.52853591,14.59550916,77604289.97,25903966.92,312514081.2,11/10/2025 15:25
Pundi X (New),PUNDIX,0.299586622,-1.10258646,5.41349815,77409150.99,5114751.775,258386541.1,11/10/2025 15:25
io.net,IO,0.327716626,2.5337324,23.47899425,76616389.93,22864261.88,233788535.1,11/10/2025 15:25
GOHOME,GOHOME,153.1883593,0.32046756,-1.4379896,76578094.89,3859925.057,499895,11/10/2025 15:25
Solar,SXP,0.115469476,-0.17366088,12.51228436,76421303.7,3773091.318,661831214.8,11/10/2025 15:25
EUR CoinVertible,EURCV,1.155812877,0.00910099,0.29132748,76001572.58,39784329.12,65755949,11/10/2025 15:25
Notcoin,NOT,0.000764237,0.22730112,16.94102885,75990910.57,14567440.36,99433648793,11/10/2025 15:25
iExec RLC,RLC,0.865927479,-2.26476479,11.23326694,75335504.49,10653654.69,86999784.99,11/10/2025 15:25
GMT,GMT,0.024205146,0.04745878,10.14921095,75311895.52,12039283.12,3111400155,11/10/2025 15:25
Uchain,UCN,1502.162243,0.43770551,3.30041258,75108112.15,23304293.29,50000,11/10/2025 15:25
Rocket Pool,RPL,3.392347623,0.06549757,22.82832105,74191797.29,7859819.728,21870340.41,11/10/2025 15:25
tokenbot,CLANKER,75.06128139,-7.35333699,3.47744235,74031234.72,27235785.25,986277.2569,11/10/2025 15:25
Neiro,NEIRO,0.000175518,1.32728286,16.07232453,73837883.77,34780200.81,4.20685E+11,11/10/2025 15:25
Folks Finance,FOLKS,5.985347321,-5.14876495,191.6919183,73011702.66,22652255.35,12198407,11/10/2025 15:25
Tellor,TRB,26.73581507,1.05264535,19.6001968,72949072.47,24379187.03,2728515,11/10/2025 15:25
Storj,STORJ,0.171996463,-2.92657447,12.193927,72749925.18,13024457.21,422973378.6,11/10/2025 15:25
Magic Eden,ME,0.431151787,1.42482291,8.87457169,72210559.2,12072826.82,167482917.7,11/10/2025 15:25
Jelly-My-Jelly,JELLYJELLY,0.071915717,-8.55920397,-59.76225745,71915651.94,15612729.96,999999099,11/10/2025 15:25
MultiBank Group,MBG,0.551763249,-25.08894324,-29.16559105,71706192.4,28551472.03,129958261.2,11/10/2025 15:25
4,4,0.070665765,12.29880058,24.40325615,70665765.16,26188911.12,1000000000,11/10/2025 15:25
sudeng,HIPPO,0.007057669,0.80084399,285.178765,70576690.16,22523005.56,10000000000,11/10/2025 15:25
ssv.network,SSV,4.857897512,4.23465091,17.84338897,69922988.74,20540267.56,14393673.1,11/10/2025 15:25
GEODNET,GEOD,0.158109434,17.87634094,35.65137442,69374932.63,1914178.828,438777945,11/10/2025 15:25
Gravity (by Galxe),G,0.00676024,-1.16945852,9.55268128,69192408.95,3170390.014,10235200000,11/10/2025 15:25
Flux,FLUX,0.173834788,-8.45985392,82.69299853,69064964.87,21674284.02,397302321.5,11/10/2025 15:25
Space and Time,SXT,0.049087778,-1.49943853,5.40911793,68722888.93,25546382.65,1400000000,11/10/2025 15:25
Bitlight,LIGHT,1.592402119,1.44339524,6.29826173,68564013.45,9792993.201,43056972,11/10/2025 15:25
WOO,WOO,0.035892555,-2.46239366,9.84065168,68377950.49,8799724.038,1905073375,11/10/2025 15:25
Subsquid,SQD,0.075186462,-5.24976834,0.34427574,67589558.05,8468468.324,898959148.9,11/10/2025 15:25
Metis,METIS,10.0322174,-3.34647277,20.93640056,67184098.04,24366975.97,6696834.342,11/10/2025 15:25
Lista DAO,LISTA,0.266994244,0.00257987,10.36715295,66760532.85,7745497.858,250044839.5,11/10/2025 15:25
Illuvium,ILV,9.995926491,-6.65885719,6.23736375,66703540.62,17686290.69,6673072.344,11/10/2025 15:25
BOOK OF MEME,BOME,0.000963164,1.15898956,14.23818347,66357526.04,31597524.02,68895323075,11/10/2025 15:25
BOOK OF MEME,BOME,0.000961418,0.94354481,14.0448112,66237190.16,31592298.46,68895323075,11/10/2025 15:25
lisUSD,lisUSD,0.998993766,-0.01141524,-0.06002851,66106394.83,0,66172980.33,11/10/2025 15:25
BIM,BIM,2.203266817,-0.80195331,-1.47686073,66098004.51,219533.9445,30000000,11/10/2025 15:25
Victoria VR,VR,0.003930603,-1.61731364,-14.76845811,66034129.6,1140414.247,16800000000,11/10/2025 15:25
Burnedfi,BURN,5.308968198,-1.77165988,-2.83394694,65968791.34,249501.0309,12425915.71,11/10/2025 15:25
XPIN Network,XPIN,0.003755978,6.2728002,-37.28472475,65758951.55,8992137.149,17507812500,11/10/2025 15:25
Stronghold SHx,SHX,0.011345893,2.55559621,2.96776739,65737025.41,1535347.24,5793905044,11/10/2025 15:25
Secret,SCRT,0.200617304,-6.57424383,4.5707632,64972502.05,11800862.93,323862901.7,11/10/2025 15:25
aixbt,AIXBT,0.064861856,-1.78192918,0.65417107,64760522.34,41649290.65,998437703.3,11/10/2025 15:25
OG Fan Token,OG,14.72407024,3.82826113,19.70038849,64712082.57,11081878.42,4394986,11/10/2025 15:25
Orbler,ORBR,0.06363823,-4.60123263,-0.57163451,64630142.83,11368.15984,1015586750,11/10/2025 15:25
B3 (Base),B3,0.00209061,-1.27938311,6.638601,64463492.71,3419241.303,30834781250,11/10/2025 15:25
IOST,IOST,0.002189057,-0.24586793,11.25012859,64437805.5,6701025.057,29436334610,11/10/2025 15:25
Somnia,SOMI,0.402213422,1.45882723,18.81128631,64434590.26,36393631.08,160200000,11/10/2025 15:25
Chromia,CHR,0.075910091,-1.19412162,8.45082598,64412135.2,7286034.448,848531914.4,11/10/2025 15:25
Terra,LUNA,0.090677823,-0.23523108,12.11066544,64379843.32,14760740.03,709984438.9,11/10/2025 15:25
Venom,VENOM,0.064866449,0.65490019,-25.41015228,64147681.35,227201.7008,988919270,11/10/2025 15:25
siren,SIREN,0.087660632,6.60436031,9.09937661,63899314.85,9307173.046,728939701.3,11/10/2025 15:25
Saros,SAROS,0.054468782,-4.3470879,2.36569485,63452266.21,3714000.747,1164929053,11/10/2025 15:25
Tokenlon Network Token,LON,0.509003982,0.59716257,4.35118786,63352829.48,20997.06308,124464310.1,11/10/2025 15:25
Decentralized Social,DESO,7.109293776,-0.04106999,1.77449621,63162776.49,39588.61211,8884536,11/10/2025 15:25
QuantixAI,QAI,78.51070969,-3.11073692,-10.60157596,63136144.59,5414440.459,804172.3841,11/10/2025 15:25
elizaOS,ELIZAOS,0.008379108,-7.00142836,-34.56182145,62694162.02,2656558.515,7482200000,11/10/2025 15:25
Big Time,BIGTIME,0.030616515,-0.91708738,14.51516986,62465623.06,8774933.413,2040259088,11/10/2025 15:25
OpenLedger,OPEN,0.289793521,-1.74205098,-1.9920745,62450503.68,21806285.25,215500000,11/10/2025 15:25
Bancor,BNT,0.542445159,-0.98521146,1.22717305,62483228.12,4490049.052,115188101.7,11/10/2025 15:25
ConstitutionDAO,PEOPLE,0.012311568,-2.73698772,23.93055297,62298224.7,33158751.71,5060137335,11/10/2025 15:25
Ardor,ARDR,0.062016392,-0.94934876,9.39803533,61921272.71,6020961.796,998466231.3,11/10/2025 15:25
Powerledger,POWR,0.10896676,1.66800388,12.44281151,61901964.15,4204424.916,568081167.5,11/10/2025 15:25
Hive,HIVE,0.12435304,0.19261832,11.72122654,61859058.68,1848868.811,497447097.9,11/10/2025 15:25
Blast,BLAST,0.001248835,-1.3095091,8.04884964,61827147.19,4427382.147,49507853961,11/10/2025 15:25
Biconomy,BICO,0.061810978,0.11744279,17.39300438,61505615.98,4369916.723,995059748,11/10/2025 15:25
Sapien,SAPIEN,0.245346629,-11.15127093,74.76572957,61336657.2,101260950.2,250000000,11/10/2025 15:25
BORA,BORA,0.055262017,-0.42515081,0.34858848,60774403.38,359027.6158,1099750000,11/10/2025 15:25
Venus BUSD,vBUSD,0.022307621,-0.07992806,0.020002,60113918.36,0,2694770470,11/10/2025 15:25
Ark,ARK,0.311213348,0.13928033,11.60921179,59880596.96,2545188.909,192410118,11/10/2025 15:25
Eurite,EURI,1.155555751,0.02422571,0.28827464,59359665.95,10229216.27,51368933,11/10/2025 15:25
Xertra,STRAX,0.029265384,0.8748761,8.61337935,59294871.01,1737146.429,2026109421,11/10/2025 15:25
SpaceN,SN,1.478526536,0.97518918,-0.84739168,59155846.71,91602.00399,40010000,11/10/2025 15:25
Bless,BLESS,0.032045755,-3.78432079,-14.10121826,59017510.54,18025477.53,1841663936,11/10/2025 15:25
Orderly,ORDER,0.176896135,0.26193589,2.15423186,58983601.31,13202256.35,333436348.8,11/10/2025 15:25
Kyber Network Crystal v2,KNC,0.307506524,-2.29334267,12.68536163,58588323.2,7956014.444,190527090.1,11/10/2025 15:25
Constellation,DAG,0.020365073,21.27000989,17.57537334,58517985.99,2587267.141,2873448318,11/10/2025 15:25
StraitsX USD,XUSD,0.999789839,-0.02935758,-0.01108154,58110938.23,53681793.15,58123153.45,11/10/2025 15:25
API3,API3,0.671209746,-0.77290487,10.302142,58007273.92,32286937.23,86421978,11/10/2025 15:25
Bonfida,FIDA,0.058437767,-1.72162639,18.7199176,57906635.45,4906424.382,990911154.6,11/10/2025 15:25
Pax Dollar,USDP,0.999125669,-0.04867559,-0.07929935,57660997.28,1848531.699,57711456.22,11/10/2025 15:25
Huma Finance,HUMA,0.025393081,7.89948843,24.51313443,57631713.85,115234539,2269583333,11/10/2025 15:25
DIA,DIA,0.478309001,0.09947748,2.86973064,57242157.75,4416650.51,119676104,11/10/2025 15:25
Anchored Coins AEUR,AEUR,1.194167437,-0.01722514,1.45914809,57235973.08,8133.682975,47929604.6,11/10/2025 15:25
Aevo,AEVO,0.062430413,2.10671041,22.20744421,57162242.68,24639821.85,915615319.4,11/10/2025 15:25
Civic,CVC,0.057047724,-0.16983052,12.35227319,57047723.98,5659995.408,1000000000,11/10/2025 15:25
Balancer,BAL,0.83627735,-1.55413684,-2.2031943,56768227.61,4581041.666,67882058.03,11/10/2025 15:25
Mythos,MYTH,0.065030947,-1.05596856,-6.52192244,56504783.7,162776.9614,868890685.2,11/10/2025 15:25
Clearpool,CPOOL,0.067316697,5.43481536,34.17182324,56306839.15,19821336.18,836446855.2,11/10/2025 15:25
Tagger,TAG,0.000517815,-0.64367346,27.26724822,56133496.38,4899358.081,1.08405E+11,11/10/2025 15:25
Dohrnii,DHN,3.283448163,2.68909228,2.73034796,56065015.29,147264.6786,17075042,11/10/2025 15:25
Comedian,BAN,0.055864039,-3.48500489,-13.6952892,55861908.03,6918558.317,999961859,11/10/2025 15:25
Aura,AURA,0.057771821,-5.46919497,-11.91031124,55650937.56,1916855.326,963288620,11/10/2025 15:25
TROLL (SOL),TROLL,0.055417451,-4.17921934,-6.56120495,55356037.25,6425857.458,998891789.2,11/10/2025 15:25
Verasity,VRA,0.00059389,-2.95135114,-3.09843629,55279978.04,21943390.97,93081247106,11/10/2025 15:25
Definitive,EDGE,0.271613354,7.59137302,8.43661859,55144214.23,3094877.318,203024680.1,11/10/2025 15:25
BUSD,BUSD,1.000071238,-0.07726827,0.02029563,55030144.05,2806093.136,55026224.09,11/10/2025 15:25
SwftCoin,SWFTC,0.005488587,-0.56826021,1.11325785,54885870.35,1184040.569,10000000000,11/10/2025 15:25
CARV,CARV,0.180637901,-2.8547028,2.02880852,54646319.71,15492660.21,302518572,11/10/2025 15:25
Sign,SIGN,0.040141838,-0.34605727,10.59492103,54191480.98,8127772.585,1350000000,11/10/2025 15:25
AI Analysis Token,AIAT,0.369734929,1.3780436,1.47261427,54125297.39,394032.073,146389462.3,11/10/2025 15:25
aPriori,APR,0.292536778,3.22074196,2.87657843,54119304.02,37737434.93,185000000,11/10/2025 15:25
MVL,MVL,0.001966186,-0.67483992,0.9191827,54075923.22,634362.2117,27502958863,11/10/2025 15:25
Venice Token,VVV,1.340241789,0.60511346,-4.77278105,53929815.55,2280058.816,40238870.31,11/10/2025 15:25
StorX Network,SRX,0.074295372,1.08133837,-1.52639578,53897430.88,3442563.972,725448028,11/10/2025 15:25
Cyber,CYBER,1.013584247,1.26087441,19.1491911,53568299.46,15704493.22,52850367,11/10/2025 15:25
Pythia,PYTHIA,0.053610494,-1.58608513,5.21147319,53511969.56,941341.6495,998162219.7,11/10/2025 15:25
Portal To Bitcoin,PTB,0.02887562,-0.63474189,3.93261811,53487525.71,8264450.697,1852342043,11/10/2025 15:25
Ape and Pepe,APEPE,1.48E-06,6.55447192,4.25903057,53233917.82,21966175.44,3.58768E+13,11/10/2025 15:25
WAX,WAXP,0.011829713,-3.112569,10.89201678,53093133.44,2965990.647,4488116665,11/10/2025 15:25
Audius,AUDIO,0.038544537,-1.93599307,8.80082391,52835620.27,5184525.436,1370768077,11/10/2025 15:25
IQ,IQ,0.002215142,0.44838594,5.59396881,52725004.48,1927981.44,23802092881,11/10/2025 15:25
Spell Token,SPELL,0.000308646,-1.3444789,9.12477841,52696712.11,4447779.947,1.70735E+11,11/10/2025 15:25
Manta Network,MANTA,0.115811607,2.53632783,22.47013338,52111408.52,26796988.04,449967063.2,11/10/2025 15:25
KGeN,KGEN,0.261303651,-0.61107463,0.4362599,51915228.75,6100484.007,198677778,11/10/2025 15:25
HarryPotterObamaSonic10Inu (ERC-20),BITCOIN,0.051866783,-5.60465661,-2.90778113,51856314,7047308.663,999798155,11/10/2025 15:25
Sonic SVM,SONIC,0.12377458,-0.12698618,6.87517575,51298413.84,11594584.6,414450314.9,11/10/2025 15:25
Ergo,ERG,0.622956402,-3.47728873,10.16854543,51289640.85,230029.5776,82332633,11/10/2025 15:25
Osaka Protocol,OSAK,6.79E-08,-3.70730637,12.3498845,50974559.71,58030.89968,7.5087E+14,11/10/2025 15:25
OKZOO,AIOT,0.550255762,-1.66601224,-1.43774852,50907828.54,3937437.891,92516666,11/10/2025 15:25
VNDC,VNDC,3.60E-05,0.46889595,1.04846722,50884829.51,25941006.43,1.41247E+12,11/10/2025 15:25
Phala Network,PHA,0.062156619,-2.05237168,23.10036727,50816405.02,19121675.75,817554202.8,11/10/2025 15:25
Goatseus Maximus,GOAT,0.050808664,-0.59179805,13.52804396,50808189.72,11407683.83,999990664.8,11/10/2025 15:25
Orbs,ORBS,0.011924463,-2.38336548,2.70303627,50708758.53,4125050.729,4252498213,11/10/2025 15:25
Hivemapper,HONEY,0.009787383,-0.62536129,3.44312855,50645336.22,30266045.06,5174553543,11/10/2025 15:25
Propy,PRO,0.505763608,-3.77355462,4.09210809,50576360.77,10503144.37,100000000,11/10/2025 15:25
Impossible Cloud Network,ICNT,0.302396198,12.83263625,3.79719103,50568555.61,12510524.71,167226162,11/10/2025 15:25
Zentry,ZENT,0.006472128,-4.37566978,-5.320974,50404582.76,21394656.19,7787945385,11/10/2025 15:25
ANyONe Protocol,ANYONE,0.516013751,5.65421822,1.97570121,50311322.95,2509770.503,97499965.54,11/10/2025 15:25
Nillion,NIL,0.184268386,-5.7728906,0.51332095,49956433.98,7518917.007,271106916.7,11/10/2025 15:25
Liquity,LQTY,0.52132142,-2.96751567,3.66053943,49756041.91,12455649.9,95442159.07,11/10/2025 15:25
Matrixdock Gold,XAUM,4135.547011,2.81791616,2.89604197,49698071.35,559634.0144,12017.29087,11/10/2025 15:25
Gigachad,GIGA,0.005327872,3.00970653,3.18393064,49562063.12,2952770.153,9302411888,11/10/2025 15:25
Swarm Network,TRUTH,0.02374729,-39.75809727,70.58459741,49520349.02,21144887.04,2085305300,11/10/2025 15:25
IAGON,IAG,0.131214737,4.41947187,23.20919624,49339422.2,4834473.8,376020434,11/10/2025 15:25
TokenPocket,TPT,0.01412744,-1.11474148,9.6789883,48972169.25,90872.59237,3466457400,11/10/2025 15:25
Firo,FIRO,2.728698433,28.2020973,70.94456366,48883713.65,1674387.401,17914663.29,11/10/2025 15:25
ChangeNOW Token,NOW,0.572617219,1.05520577,6.98889198,48560041.65,13214.78699,84803670,11/10/2025 15:25
Wiki Cat,WKC,8.90E-08,-4.71112459,-4.34361943,48556842.92,414989.4448,5.45842E+14,11/10/2025 15:25
SATS (Ordinals),SATS,2.31E-08,-0.75310469,20.88749723,48554209.64,11616330.53,2.1E+15,11/10/2025 15:25
FLock.io,FLOCK,0.200587555,-0.606833,0.28850837,48361427.54,12616292.36,241098843.5,11/10/2025 15:25
Aurora,AURORA,0.073770854,-20.94339533,-17.11623658,48206751.76,5132866.399,653466091,11/10/2025 15:25
Doodles,DOOD,0.006167629,-2.83431865,0.59522574,48107507.36,9834091.671,7800000000,11/10/2025 15:25
Freysa,FAI,0.005874142,0.34889269,-5.01058359,48107464.65,944177.3466,8189700000,11/10/2025 15:25
Gemini Dollar,GUSD,0.99978899,-0.00498175,-0.00611866,48012122.43,7403032.317,48022255.62,11/10/2025 15:25
Across Protocol,ACX,0.074571186,0.44990261,21.31260109,47758109.74,6293770.637,640436508.6,11/10/2025 15:25
MiL.k,MLK,0.093190859,-0.00802931,0.68352945,47444878.87,3230540.746,509115159,11/10/2025 15:25
Ontology Gas,ONG,0.108987009,-1.28764901,15.19395356,46983813.69,3637013.576,431095543.4,11/10/2025 15:25
Liquity BOLD,BOLD,1.001815669,-0.1417652,-0.03685693,46869444.46,94341.47101,46784499.29,11/10/2025 15:25
Sophon,SOPH,0.023349453,0.56919811,3.18396019,46698906.01,12442357.85,2000000000,11/10/2025 15:25
BSquared Network,B2,0.9954482,-0.68479344,-12.75071592,46686764.48,34099514.76,46900245,11/10/2025 15:25
deBridge,DBR,0.024240703,-2.29501119,-18.89053475,46655706.13,8952813.36,1924684519,11/10/2025 15:25
Destra Network,DSYNC,0.047846145,14.84351873,9.03106682,46647489.08,5539528.235,974947710.1,11/10/2025 15:25
Cookie DAO,COOKIE,0.074280162,-1.56206276,3.95886099,46624004.47,10650992.79,627677741,11/10/2025 15:25
DeFi Pulse Index,DPI,83.39657862,8.32994688,18.22293699,46617305.22,65211.52107,558983.4258,11/10/2025 15:25
STBL,STBL,0.092823863,21.87038522,36.10824308,46411931.29,18768848.36,500000000,11/10/2025 15:25
Celer Network,CELR,0.005876296,-1.92542151,19.31474796,45855233.45,4362942.759,7803424107,11/10/2025 15:25
MindWaveDAO,NILA,0.05442013,0.18372018,13.29168112,45863444.6,175747.9581,842766176.6,11/10/2025 15:25
Tesla tokenized stock (xStock),TSLAX,444.445322,1.09028611,-5.10694068,45777062.09,23099313.08,102998.1863,11/10/2025 15:25
Marlin,POND,0.005556523,-0.85797296,8.44134318,45576795.06,2490451.544,8202394162,11/10/2025 15:25
QANplatform,QANX,0.025638285,-3.98253382,-0.76860955,45430667.32,129410.6241,1771985408,11/10/2025 15:25
Pixels,PIXEL,0.014788705,-2.88022768,15.10724619,45369637.75,8343656.444,3067857407,11/10/2025 15:25
Shentu,CTK,0.295129656,-2.66016021,7.12634956,44954508.02,1596194.07,152321216,11/10/2025 15:25
Taiko,TAIKO,0.239801107,-0.95666895,8.78396142,44920839.15,8112391.36,187325403.9,11/10/2025 15:25
Steem,STEEM,0.084329251,-1.58629908,9.78782058,44828398.3,9619999.088,531587769.5,11/10/2025 15:25
Delysium,AGI,0.028606435,5.73394101,11.25542608,44789143,2529088.728,1565701680,11/10/2025 15:25
DORA,DORA,0.045189052,0.14461463,-4.14085026,44741028.85,382770.1441,990085589.4,11/10/2025 15:25
Klickl Token,KLK,0.445480338,2.4997577,0.59570079,44548033.75,825474.2579,100000000,11/10/2025 15:25
ArcBlock,ABT,0.451673731,-0.57921395,-2.31435429,44514390.82,394362.7754,98554305.44,11/10/2025 15:25
Vine Coin,VINE,0.044012823,-0.02572222,13.46371511,44012563.22,11105445.33,999994104,11/10/2025 15:25
Rootstock Infrastructure Framework,RIF,0.043742686,-0.71872098,3.92201608,43742685.57,580339.9597,1000000000,11/10/2025 15:25
Bounce Token,AUCTION,6.630957809,-0.17164959,5.50450821,43700132.21,9213553.645,6590319.75,11/10/2025 15:25
JOE,JOE,0.10945691,1.18277329,13.12633334,43671220.26,4288256.82,398980933,11/10/2025 15:25
Degen,DEGEN,0.001725801,-1.21286971,5.29856917,43570168.49,10661864.86,25246348672,11/10/2025 15:25
Dent,DENT,0.000434556,-1.39168317,16.01325944,43455567.96,3056613.947,1E+11,11/10/2025 15:25
Usual,USUAL,0.033316864,-2.08191652,22.95229145,43383465.95,10991184.19,1302147324,11/10/2025 15:25
Animecoin,ANIME,0.00783233,-2.35224352,5.75231604,43380176.66,21487663.61,5538604656,11/10/2025 15:25
Lisk,LSK,0.204387734,-0.87673227,10.26420478,43091274.3,4005218.145,210831019.6,11/10/2025 15:25
CROSS,CROSS,0.128288893,-0.51862351,10.54818096,43005373.35,2964498.754,335222890,11/10/2025 15:25
Lorenzo Protocol,BANK,0.084478347,17.79795591,-9.48522109,42906613.05,1096821835,507900720.4,11/10/2025 15:25
ECOMI,OMI,0.000152312,1.77776377,29.07319934,42885503.25,2590570.872,2.81563E+11,11/10/2025 15:25
Smooth Love Potion,SLP,0.001181875,1.47931109,19.80276622,42667686.29,4605164.66,36101686705,11/10/2025 15:25
Cartesi,CTSI,0.048075471,-1.44327633,9.59701388,42634105.01,2809577.938,886816169.7,11/10/2025 15:25
dKargo,DKA,0.008525544,-0.24750425,5.76635717,42627717.53,1515938.913,5000000000,11/10/2025 15:25
Xai,XAI,0.023277052,0.50847865,8.8338898,42530361.4,13778563.92,1827136960,11/10/2025 15:25
ChainGPT,CGPT,0.049053829,0.62897283,10.85988656,42492368.35,7803909.528,866239586.1,11/10/2025 15:25
sUSD,SUSD,0.973452283,-0.09206718,-0.58040264,42490678.39,68506.26614,43649472.2,11/10/2025 15:25
YieldBasis,YB,0.482475417,-17.36564437,-6.86639893,42417630.54,44215785.47,87916667,11/10/2025 15:25
Nomina,NOM,0.014477926,-2.91005457,-5.22034808,41985984.33,20191640.78,2900000000,11/10/2025 15:25
Tether EURt,EURt,1.151672143,0.18584251,0.35740123,41906285.88,291846.2886,36387340.03,11/10/2025 15:25
Devve,DEVVE,0.434486919,8.9727178,30.13635861,41903536.58,588411.6536,96443724.16,11/10/2025 15:25
Mira,MIRA,0.218911213,-0.63269151,0.31146524,41865596.81,24030038.41,191244643,11/10/2025 15:25
TerraClassicUSD,USTC,0.007491168,1.40896482,9.73685295,41851634.95,3967003.54,5586797081,11/10/2025 15:25
Recall,RECALL,0.206105659,-5.62165509,-12.3165335,41442039.93,23126181.37,201071820,11/10/2025 15:25
Treasure,MAGIC,0.130523348,-1.77453238,13.83969477,41322393.93,23259408.88,316590054.1,11/10/2025 15:25
ResearchCoin,RSC,0.328367809,5.15078067,31.33232758,41260131.79,755493.5109,125652182.2,11/10/2025 15:25
Metal DAO,MTL,0.470069477,-0.21249824,14.23912984,41206165.79,1636689.475,87659735,11/10/2025 15:25
Rain,RAIN,0.003365536,-3.82070815,3.72603057,41165878.72,5092028.542,12231596317,11/10/2025 15:25
Limitless,LMTS,0.312572052,8.09130454,14.580777,41134069.46,2738712.881,131598680,11/10/2025 15:25
Hey Anon,ANON,1.962061298,-3.99102833,85.8287932,41179324.51,978886.0066,20987786.95,11/10/2025 15:25
Gains Network,GNS,1.514257722,0.48958074,9.11036866,40970610.75,2700959.317,27056563.85,11/10/2025 15:25
Banana Gun,BANANA,10.20996673,1.72393348,-3.52261345,40894374.45,14548670.81,4005338.658,11/10/2025 15:25
U.S. Dollar Tokenized Currency (Ondo),USDon,0.999899673,2.54866355,2.22013427,40755703.87,8819130.335,40759793.19,11/10/2025 15:25
Aegis YUSD,YUSD,1.000151229,-0.00768187,-0.07962779,40665379.91,10.89710847,40659231.07,11/10/2025 15:25
GameBuild,GAME,0.002211529,-0.71376609,-3.40347888,40596685.48,1921131.708,18356840358,11/10/2025 15:25
USDB,USDB,0.994617784,-0.31860959,0.05701462,40561452.27,380631.6894,40780944.1,11/10/2025 15:25
GeorgePlaysClashRoyale,CLASH,0.04050225,-5.83937278,0.1999528,40502223.88,1337707.065,999999360.4,11/10/2025 15:25
Cobak Token,CBK,0.407955016,-1.08010334,8.26698481,40132845.99,4847901.238,98375665,11/10/2025 15:25
Holoworld AI,HOLO,0.115529116,0.34922472,8.4299635,40132068.33,19723480.83,347376226,11/10/2025 15:25
EscoinToken,ELG,0.2543864,1.86450658,-0.55910916,39973579.04,474147.0493,157137249,11/10/2025 15:25
Boundless,ZKC,0.198246143,-2.70030518,6.9853822,39834996.36,29550641.04,200937056,11/10/2025 15:25
Impossible Finance Launchpad,IDIA,0.057982865,-10.2354412,10.70181482,39428348.24,57622.41525,680000000,11/10/2025 15:25
Chintai,CHEX,0.039467424,-6.4475898,-14.65539157,39424873.71,777965.2678,998921890.2,11/10/2025 15:25
NYM,NYM,0.047589641,0.11755081,3.26102393,39082778.25,1897111.708,821245489.5,11/10/2025 15:25
MobileCoin,MOB,0.196011344,1.71034496,4.06520313,38888597.16,18313.97889,198399727,11/10/2025 15:25
Tokamak Network,TOKAMAK,0.887834733,-0.02052107,2.20765824,38923965.6,958658.0717,43841454,11/10/2025 15:25
Mango Network,MGO,0.02411294,9.58779248,10.510129,38652152.24,6207534.532,1602963061,11/10/2025 15:25
Dymension,DYM,0.096263162,-1.71824641,20.07327315,38608807.46,6920835.658,401075622,11/10/2025 15:25
Velodrome Finance,VELO,0.042067852,13.0241283,24.18700189,38500603.67,18578619.74,915202511,11/10/2025 15:25
Baby Shark Universe,BSU,0.227870413,-2.61815885,-0.22105857,38282229.4,34366288.87,168000000,11/10/2025 15:25
Ampleforth,AMPL,1.353514961,-2.65782063,18.04883764,38269950.1,34578.41032,28274493.6,11/10/2025 15:25
Law Blocks (AI),LBT,0.156063728,19.25793378,20.08870793,38235299.27,416374.0542,244997988,11/10/2025 15:25
Caldera,ERA,0.256600914,-0.15662898,7.26444177,38105235.78,16907242.68,148500000,11/10/2025 15:25
Moonriver,MOVR,3.69173176,-2.64012628,13.97795747,38078692.11,4862370.008,10314588,11/10/2025 15:25
Cheelee,CHEEL,0.668481473,1.3444276,2.95718737,37988542.35,1463997.919,56828115.49,11/10/2025 15:25
WazirX,WRX,0.099342145,0.23125722,-5.93128052,37934480.94,83906.49643,381856872.3,11/10/2025 15:25
pippin,PIPPIN,0.037839444,10.01254296,21.39339379,37839301.72,9900778.789,999996253,11/10/2025 15:25
ISLM,ISLM,0.017267079,0.27578259,3.67302649,37753758.8,129528.1797,2186458886,11/10/2025 15:25
StakeStone,STO,0.167262072,0.33473696,-1.02471575,37689720.26,4938109.256,225333333,11/10/2025 15:25
Vulcan Forged (PYR),PYR,0.859411745,-0.95170691,62.51680831,37663268.6,39586501.15,43824475.08,11/10/2025 15:25
Pepecoin,PEP,0.000374224,2.91281914,49.63829168,37526760.32,147818.9662,1.00279E+11,11/10/2025 15:25
Acet,ACT,0.029798419,-2.45286325,-5.86370827,37487455.53,25517.9042,1258035045,11/10/2025 15:25
OVERTAKE,TAKE,0.230979105,-8.6400876,-10.34670677,37432176.26,62076079.19,162058712,11/10/2025 15:25
WINkLink,WIN,3.76E-05,-1.51245289,8.13131809,37325414.78,20179765.22,9.93702E+11,11/10/2025 15:25
Liquity USD,LUSD,0.999773857,0.13584512,0.07281413,37313516.19,25777.87712,37321956.3,11/10/2025 15:25
SynFutures,F,0.012827195,9.82779179,13.1587047,37308032.75,514702622.9,2908510641,11/10/2025 15:25
Moonbeam,GLMR,0.036436995,-0.57472331,12.78438918,37281562.42,3440342.236,1023178848,11/10/2025 15:25
Bifrost,BFC,0.026704334,1.71205633,0.62335636,37029258.82,1621354.701,1386638564,11/10/2025 15:25
Coreum,COREUM,0.09605808,0.90500383,4.23423573,36962385.34,250448.2437,384792048,11/10/2025 15:25
MediBloc,MED,0.003471736,-1.29571479,2.79917049,36953301.36,1551808.908,10644041819,11/10/2025 15:25
Hippo Protocol,HP,0.030063506,-1.49067598,1.08188151,36863746.68,183949.2433,1226195871,11/10/2025 15:25
Dogelon Mars,ELON,6.69E-08,0.33102852,2.83576346,36752707.63,3452780.221,5.49653E+14,11/10/2025 15:25
EDENA,EDENA,4.860963727,-4.88664369,-2.85102644,36691793.75,703844.4066,7548255,11/10/2025 15:25
c8ntinuum,CTM,0.041189649,0.44367703,8.22444718,36612999.6,1375994.32,888888360.5,11/10/2025 15:25
Apertum,APTM,0.578333448,-0.76837174,3.07867598,36573846.91,824155.0932,63240068.55,11/10/2025 15:25
Pocket Network,POKT,0.016037014,-1.16001275,9.38452071,36495120.49,1197125.297,2275680592,11/10/2025 15:25
Fractal Bitcoin,FB,0.410145318,-1.57719183,-1.95030436,36327975.53,3628388.011,88573424.95,11/10/2025 15:25
ZEROBASE,ZBT,0.164967928,-0.84496761,-0.22093865,36292944.21,30661136.88,220000000,11/10/2025 15:25
Cetus Protocol,CETUS,0.042243721,-0.93412487,5.05816662,36289805.47,10311179.19,859057971,11/10/2025 15:25
QuarkChain,QKC,0.005046363,-0.8169138,6.62044241,36227933.63,1369978.324,7179018947,11/10/2025 15:25
Coin98,C98,0.036161814,-0.51133449,18.55902265,36161776.01,9085259.768,999998945,11/10/2025 15:25
Wilder World,WILD,0.077647805,0.44046741,15.26028092,36045694.58,1448693.304,464220395,11/10/2025 15:25
MEET48,IDOL,0.034304907,-1.4749999,-0.4834258,35896654.39,12432240.75,1046400000,11/10/2025 15:25
Hyperlane,HYPER,0.174442128,-1.66526537,12.17817323,35885273.03,14068760.16,205714487.8,11/10/2025 15:25
Resolv,RESOLV,0.11307066,0.73581907,155.0839567,35829804.85,70804575.13,316879771.4,11/10/2025 15:25
DEAPcoin,DEP,0.001197673,-0.99184848,18.02877996,35801911.52,3081953.573,29892900001,11/10/2025 15:25
Zerebro,ZEREBRO,0.035789961,-16.2963669,-21.43364332,35788247.12,8942482.907,999952100.5,11/10/2025 15:25
Celo Dollar,CUSD,0.999378591,-0.13964146,-0.11433972,35532071.92,2016770.441,35554165.62,11/10/2025 15:25
UnifAI Network,UAI,0.148573997,-16.56414356,-1.98351003,35509185.4,28371663.68,239000000,11/10/2025 15:25
Renzo,REZ,0.007955098,-0.61211292,5.49008161,35408186.34,10113137.06,4451005538,11/10/2025 15:25
CoinEx Token,CET,0.049873494,1.85431733,-0.74649866,35342032.53,104106.7224,708633582,11/10/2025 15:25
MetYa,MY,0.167177804,-4.29765028,-0.91935278,35139741.75,47471068.32,210193823.5,11/10/2025 15:25
Aergo,AERGO,0.071663895,0.3678483,7.517073,35115308.31,5080647.469,489999995.8,11/10/2025 15:25
Liqwid Finance,LQ,1.736933861,5.56094505,2.73219309,34986006.18,14659.8129,20142394,11/10/2025 15:25
Intuition,TRUST,0.194715369,-7.33242293,14.07633279,34980193.83,33118316.09,179647832,11/10/2025 15:25
Solidus Ai Tech,AITECH,0.020262212,0.77576341,14.12017419,34875149.18,10320094.5,1721191643,11/10/2025 15:25
Corn,CORN,0.065951685,1.99035521,19.40853331,34624634.87,13078788.2,525000000,11/10/2025 15:25
BugsCoin,BGSC,0.002986364,-1.42751951,-27.444972,34532822.56,12766255.51,11563499503,11/10/2025 15:25
Tradoor,TRADOOR,2.404274597,-0.87248754,15.42560859,34498936.19,4693046.231,14349000,11/10/2025 15:25
Simon's Cat,CAT,4.58E-06,-1.93253289,6.76633232,34460066.6,7627942.598,7.52388E+12,11/10/2025 15:25
Hemi,HEMI,0.035244883,-6.86737311,-0.13803234,34451872.78,19475238.69,977500000,11/10/2025 15:25
DarkStar,DARKSTAR,0.117396866,-1.98061857,-8.65397523,34436414.12,8763446.129,293333334,11/10/2025 15:25
MyShell,SHELL,0.111378083,-1.22263733,9.2267821,34378701.71,22714089.43,308666666.7,11/10/2025 15:25
LAB,LAB,0.149076872,-12.29832855,0.2480439,34347311.31,14379575.54,230400000,11/10/2025 15:25
Lumera Health,LUR,2.993163562,-0.50133333,0.97725664,34139068.77,81522.95893,11405681,11/10/2025 15:25
AriaAI,ARIA,0.145363696,-5.76694373,-14.20615816,34047407.91,45202802.77,234222222.3,11/10/2025 15:25
LOOK,LOOK,0.036612686,-10.0125882,-31.57142537,33770657.64,814774.7346,922375851,11/10/2025 15:25
Gods Unchained,GODS,0.082528066,4.42005103,14.17171071,33572875.16,3914318.565,406805550.1,11/10/2025 15:25
Autonolas,OLAS,0.146120906,-0.6354506,-2.0709625,33560329.02,224501.919,229675068,11/10/2025 15:25
Mey Network,MEY,0.117804862,-1.35993414,-13.87719093,33493015.78,399514.7611,284309283,11/10/2025 15:25
Echelon Prime,PRIME,0.933271225,-1.24195588,5.56112889,33386696.42,2583875.984,35773841,11/10/2025 15:25
BENQI,QI,0.004634352,-1.8542957,6.75181552,33367332.56,725248.1765,7200000000,11/10/2025 15:25
Bertram The Pomeranian,BERT,0.034454157,-2.09123541,17.92052511,33308533.03,3815884.219,966749338,11/10/2025 15:25
Orchid,OXT,0.033389121,-1.22075704,-8.80329099,33296119.67,2012090.873,997214634.4,11/10/2025 15:25
Adshares,ADS,0.857337029,-0.41040772,-0.86067286,33208550.93,957101.8804,38734534.74,11/10/2025 15:25
Global Commercial Business,GCB,0.027542885,2.41571963,-8.0072906,33102271.56,19781.16022,1201844746,11/10/2025 15:25
PepeCoin,PEPECOIN,0.307879002,-1.11101431,10.23744775,32960669.78,296779.359,107057219.2,11/10/2025 15:25
Saga,SAGA,0.103013181,0.56705477,22.92353124,32846697.33,17925147.7,318859170,11/10/2025 15:25
KernelDAO,KERNEL,0.114613833,8.10012439,13.72969151,32814859.5,158968447.6,286308020,11/10/2025 15:25
SUPRA,SUPRA,0.001631534,3.64690175,8.98821493,32719507.51,1721210.213,20054448445,11/10/2025 15:25
Radix,XRD,0.002435298,-0.33498404,-1.14815363,32356588.44,228033.7459,13286500896,11/10/2025 15:25
Quack AI,Q,0.018361078,-18.00441086,6.48579052,32006417.53,10161465.68,1743166565,11/10/2025 15:25
Scroll,SCR,0.166310105,2.03494944,2.1692761,31598919.94,27385596.94,190000000,11/10/2025 15:25
TARS AI,TAI,0.035085544,-2.37559809,3.43710656,31302963.09,2083254.633,892189753.9,11/10/2025 15:25
Uquid Coin,UQC,3.124389132,-0.76299298,-3.08804224,31243891.32,19180.30015,10000000,11/10/2025 15:25
Dusk,DUSK,0.064137611,-13.88551373,40.45870606,31235016.72,9634641.797,486999999.3,11/10/2025 15:25
Planet IX(formerly IX token),IXT,0.237132162,-1.70641003,-3.68399323,31168220.09,44595.14593,131438181,11/10/2025 15:25
StrikeX,STRX,0.035642986,-1.87833698,-3.07472076,31104956.36,24831.99473,872680993.8,11/10/2025 15:25
Ampleforth Governance Token,FORTH,2.163229485,-1.71715623,8.17880133,31028399.26,3481249.75,14343554.15,11/10/2025 15:25
Uranus,URANUS,0.309719025,-8.02204938,-14.18128798,30970670.62,3957485.185,99996022.49,11/10/2025 15:25
Electroneum,ETN,0.001721818,-6.49829847,-3.36908442,30957965.84,1124650.562,17979817605,11/10/2025 15:25
USD CoinVertible,USDCV,1.000075917,-0.02541892,-0.01001139,30803788.35,11901874.32,30801450,11/10/2025 15:25
Adventure Gold,AGLD,0.355144678,0.80523433,8.55051069,30759080.93,10902625.7,86610001,11/10/2025 15:25
SaucerSwap,SAUCE,0.035622414,10.11148601,1.28516981,30744728.05,410928.0538,863072572,11/10/2025 15:25
Zircuit,ZRC,0.014003567,-4.7793193,10.26079309,30736757.45,10073996.66,2194923458,11/10/2025 15:25
Yei Finance,CLO,0.23725432,1.82518651,-15.73989389,30629532.66,6706892.575,129100000,11/10/2025 15:25
Arena-Z,A2Z,0.004190931,2.63582984,11.06131847,30461721.97,7769590.037,7268485024,11/10/2025 15:25
Goldfinch,GFI,0.360757033,3.37963192,13.79406117,30343584.55,489590.7622,84110860.63,11/10/2025 15:25
Ponke,PONKE,0.054165772,-3.67697616,10.29385591,30091481.76,4395262.632,555544226,11/10/2025 15:25
Dolomite,DOLO,0.06808591,2.35090146,0.56431636,30068233.45,7918483.833,441621967,11/10/2025 15:25
PAAL AI,PAAL,0.030152153,-9.38512043,0.26237354,30066327.69,6264939.05,997153608.3,11/10/2025 15:25
Ika,IKA,0.010009202,-18.12373225,-27.94537268,30027606.19,16244340.19,3000000000,11/10/2025 15:25
Derive,DRV,0.040674221,2.34103609,11.91297865,29998445.23,260000.3905,737529683,11/10/2025 15:25
UNIPOLY,UNP,0.136780852,2.91631646,3.78255607,29986466.25,326788.5844,219230000,11/10/2025 15:25
Artificial Liquid Intelligence,ALI,0.003262248,-3.9211429,-5.37705078,29745470.91,1020609.457,9118091185,11/10/2025 15:25
Boba Network,BOBA,0.060193884,-4.02257792,1.85321563,29710551.57,6871865.768,493580902,11/10/2025 15:25
Elastos,ELA,1.28759036,-3.46167932,-2.43230539,29616606.24,402290.5808,23001575,11/10/2025 15:25
MyNeighborAlice,ALICE,0.296527108,-2.21267967,22.86874818,29606808.95,17859260.93,99845201.73,11/10/2025 15:25
Helium Mobile,MOBILE,0.000330814,1.07675011,13.06327041,29535081.37,621921.5167,89280000000,11/10/2025 15:25
Collector Crypt,CARDS,0.076576614,-6.4524825,12.91188099,29274336.04,3817781.336,382288199.8,11/10/2025 15:25
Torch of Liberty,LIBERTY,0.029164185,-3.24147774,-5.55443112,29164184.84,773358.6368,1000000000,11/10/2025 15:25
Yooldo,ESPORTS,0.230685125,3.22685057,0.58761611,29145996.32,11943157.17,126345365,11/10/2025 15:25
Wayfinder,PROMPT,0.079423637,-9.96327057,31.67249372,29050636.63,17776734.27,365768148,11/10/2025 15:25
Vanar Chain,VANRY,0.013918861,-2.94994442,12.783297,29002472.49,3913510.801,2083681418,11/10/2025 15:25
Braintrust,BTRST,0.119944111,1.27310421,-30.68012197,28948245.11,143148.3723,241347782,11/10/2025 15:25
Hashflow,HFT,0.045657459,-0.88037362,16.28918722,28527020.39,12555976.17,624805252.1,11/10/2025 15:25
Particle Network,PARTI,0.067390247,-4.58975132,19.95153854,28475748.8,12963918.42,422549998,11/10/2025 15:25
SmarDex,SDEX,0.003042832,0.59068701,-3.93533196,28360689.91,385324.5846,9320490906,11/10/2025 15:25
Newton Protocol,NEWT,0.131210175,-2.87719966,10.20583856,28210187.54,10887319.13,215000000,11/10/2025 15:25
Origin Protocol,OGN,0.042812186,-1.23566521,1.27948097,28166067.85,6987062.44,657898380,11/10/2025 15:25
AI Rig Complex,ARC,0.028152117,-5.34868756,28.65970417,28152070.02,5591587.808,999998319,11/10/2025 15:25
Everlyn AI,LYN,0.110023311,-2.73751088,6.88464723,28126201.87,2405740.641,255638570,11/10/2025 15:25
Oho,OHO,0.001161388,1.19393198,-0.8995603,28017210.01,194283.7206,24123896382,11/10/2025 15:25
OLAXBT,AIO,0.121387773,-1.62002376,-14.43036023,27949534.64,1560519500,230250000,11/10/2025 15:25
Energy Web Token,EWT,0.927856193,0.26668275,22.47359817,27893340.93,548720.9419,30062138,11/10/2025 15:25
Sleepless AI,AI,0.063912521,-0.85302604,7.20678844,27841891.74,9027845.704,435624998.3,11/10/2025 15:25
AO,AO,7.904184834,5.03702674,52.47010188,27790546.12,3017708.959,3515928.17,11/10/2025 15:25
Apu Apustaja,APU,8.21E-05,-1.65755658,-7.26616551,27757136.11,674485.1604,3.37892E+11,11/10/2025 15:25
Avalon Labs (AVL),AVL,0.170702315,-0.09775622,10.07337228,27599832.72,120260073.3,161683998,11/10/2025 15:25
DOGS,DOGS,5.34E-05,-0.48706042,18.50342324,27594515.61,10590071.14,5.1675E+11,11/10/2025 15:25
Electronic USD,eUSD,0.999922411,-0.01807573,0.00178458,27492577.73,596.2413884,27494711,11/10/2025 15:25
ARPA,ARPA,0.018079763,-0.05273064,13.13314057,27473766.14,10340888.7,1519586598,11/10/2025 15:25
SuperRare,RARE,0.033032619,-3.44480876,9.71569076,27236170.79,6404370.561,824523501.1,11/10/2025 15:25
Aria Protocol,ARIAIP,0.081758651,-29.29641742,-59.11747407,27225630.81,10351553,333000000,11/10/2025 15:25
Solend,SLND,0.272729779,9.59557357,24.58895354,27181999.8,286.3370865,99666416.82,11/10/2025 15:25
Realio Network,RIO,0.16838696,1.02649655,-5.84404296,27141195.69,1984704.92,161183476.6,11/10/2025 15:25
PolySwarm,NCT,0.014368205,-1.39973484,-1.33753284,27091261.03,491663.1526,1885500782,11/10/2025 15:25
PePeonTron,PEPEONTRON,0.026929811,-4.15765877,-8.98987289,26929727.91,282607.2235,999996900,11/10/2025 15:25
Banana For Scale,BANANAS31,0.002692178,-1.69940517,7.55302455,26921783.86,28079625.73,10000000000,11/10/2025 15:25
Neutron,NTRN,0.042791703,-0.41646454,14.85576302,26572695.59,1034553.098,620977750.4,11/10/2025 15:25
MARBLEX,MBX,0.101537793,2.76218516,5.64493052,26571911.74,1171067.715,261694793.3,11/10/2025 15:25
Bone ShibaSwap,BONE,0.115088887,-3.2097692,25.69808332,26461622.61,3270030.799,229923350.6,11/10/2025 15:25
INFINIT,IN,0.097714719,-1.53486865,-4.24369036,26279152.33,17325574.97,268937500,11/10/2025 15:25
MetaMask USD,mUSD,0.999912964,-0.04095116,0.01518887,26226519.65,1545282.036,26228802.5,11/10/2025 15:25
Alchemix,ALCX,10.46681982,-3.09648196,58.33203099,26219693.17,30977673.44,2505029.572,11/10/2025 15:25
AVA (Travala),AVA,0.373950392,-0.51009576,12.17145446,26157654.53,7106282.424,69949531,11/10/2025 15:25
MovieBloc,MBL,0.00137712,-1.88748474,13.30994855,26076991.7,6956300.382,18935887214,11/10/2025 15:25
Treehouse,TREE,0.167365513,6.92282579,13.30802099,26129513.79,83828834.27,156122449,11/10/2025 15:25
Gearbox Protocol,GEAR,0.002611836,-1.45738009,-5.69504839,26118355.23,407087.7284,10000000000,11/10/2025 15:25
Wirex Token,WXT,0.00260831,6.19202263,5.98078402,26083097.08,280061.4112,10000000000,11/10/2025 15:25
WalletConnect Token,WCT,0.127168608,1.76168537,8.34884435,25884586.28,32736435.46,203545409,11/10/2025 15:25
Ski Mask Dog,SKI,0.026141381,-3.01926739,11.88165622,25864205.26,658033.6895,989397047,11/10/2025 15:25
Symbol,XYM,0.004147954,-2.85517937,2.89478407,25816359.47,560357.3865,6223877633,11/10/2025 15:25
Polyhedra Network,ZKJ,0.067681387,-5.13190138,15.22195333,25804264.58,4539485.819,381260868.8,11/10/2025 15:25
Maverick Protocol,MAV,0.034069118,-1.46618296,16.77564537,25687948.16,6935203.967,753995104.2,11/10/2025 15:25
Syscoin,SYS,0.030353019,-0.04935422,27.12520131,25634757.63,1664628.713,844553812.8,11/10/2025 15:25
Solv Protocol,SOLV,0.017271371,-0.59209404,-20.45442833,25606534.82,25224832.09,1482600000,11/10/2025 15:25
Roam,ROAM,0.078857759,7.23815314,-0.45689391,25593503.67,22010529.76,324552762.6,11/10/2025 15:25
Infinity Ground,AIN,0.103964403,-11.83203724,-16.3330314,25415148.04,23347972.67,244460097.4,11/10/2025 15:25
SPDR S&P 500 Tokenized ETF (Ondo),SPYon,682.5688586,1.52954954,-0.25939463,25274938.49,1881063.092,37029.14098,11/10/2025 15:25
Catizen,CATI,0.067895758,-1.34635574,4.83049318,25256377.76,9901187.117,371987567,11/10/2025 15:25
Isiklar Coin,ISIKC,0.25185527,0.01826982,-1.10745684,25185526.99,1211791.403,100000000,11/10/2025 15:25
OpenServ,SERV,0.034330449,4.65723344,5.11676048,25061227.78,302511.5189,730000000,11/10/2025 15:25
Camp Network,CAMP,0.011837622,-3.65665106,6.74858252,24925539.5,7486710.883,2105620500,11/10/2025 15:25
MAP Protocol,MAPO,0.004082191,4.07373027,7.58603748,24918097.74,701649.242,6104099575,11/10/2025 15:25
ZERA,ZERA,0.025632287,-2.03901917,53.17283864,24695264,1235661.508,963443634,11/10/2025 15:25
EGL1,EGL1,0.024714599,-1.83718312,-12.07530949,24714599.11,10783439.79,1000000000,11/10/2025 15:25
Marina Protocol,BAY,0.12299507,1.95726403,19.28592962,24599014.05,666862387,200000000,11/10/2025 15:25
Nobody Sausage,NOBODY,0.026264436,4.19441249,8.49102164,24585254.1,3543291.467,936066323.8,11/10/2025 15:25
FUNToken,FUN,0.002255132,-0.16782157,-13.49840857,24369415.7,5388984.378,10806201658,11/10/2025 15:25
Velvet,VELVET,0.195646487,-9.29406651,-10.40905206,24292206.65,7231661.623,124163776.4,11/10/2025 15:25
Humans.ai,HEART,0.003108835,-2.20482144,12.58402481,24248914.86,457012.4708,7800000000,11/10/2025 15:25
Inverse Finance,INV,34.19531886,-3.73361909,4.77083403,24184195.03,194453.3259,707237.009,11/10/2025 15:25
Lumia,LUMIA,0.167028231,-0.89251995,31.3271399,24133124.94,3680167.869,144485305.1,11/10/2025 15:25
Xphere,XP,0.010663953,-0.5931623,3.50516522,23929668.68,1262854.384,2243977335,11/10/2025 15:25
Automata Network,ATA,0.026655784,-3.47073518,17.0011886,23915356.76,15532107.09,897192028.3,11/10/2025 15:25
Metadium,META,0.01384095,-2.17546691,8.70821479,23850845.84,658261.0387,1723208720,11/10/2025 15:25
TrueFi,TRU,0.017748708,-0.86498508,11.33741342,23594168.08,4545269.347,1329345686,11/10/2025 15:25
PIVX,PIVX,0.240516653,-10.19851254,-14.55719918,23592498.9,8316670.877,98090916.56,11/10/2025 15:25
OpenEden,EDEN,0.128268899,7.40249568,19.48675759,23584802.54,37810599.71,183870000,11/10/2025 15:25
Access Protocol,ACS,0.00053176,0.6359508,-8.2790417,23476207.99,1120564.17,44148136584,11/10/2025 15:25
Minswap,MIN,0.013319696,2.65259309,7.97537191,23417486.35,54705.63141,1758109730,11/10/2025 15:25
COMMON,COMMON,0.010013752,-21.62547431,7.21908195,23396798.53,108603566.3,2336466752,11/10/2025 15:25
PinLink,PIN,0.263935645,6.20750543,6.70158357,23280874.15,518524.6565,88206631.4,11/10/2025 15:25
Highstreet,HIGH,0.299943339,-5.28039599,17.33304967,23273059.06,10358038.14,77591518.25,11/10/2025 15:25
Chainbase,C,0.104103153,-0.78348091,13.14166345,23259618.62,21874356.68,223428571,11/10/2025 15:25
XBorg,XBG,0.097210867,7.87529291,22.74457011,23201636.37,368109.069,238673278,11/10/2025 15:25
Enso,ENSO,1.126239927,2.0079845,6.95256522,23189280.11,46495804.63,20590000,11/10/2025 15:25
MSQUARE GLOBAL,MSQ,3.866893803,-5.25795368,-1.16058286,23163092.17,222111.1339,5990103,11/10/2025 15:25
Fusionist,ACE,0.284367854,-1.35932634,18.32438142,23081713.31,15419380.69,81168504,11/10/2025 15:25
Towns,TOWNS,0.010938765,-10.82372335,18.01736669,23073823.87,43237055,2109362819,11/10/2025 15:25
Just a chill guy,CHILLGUY,0.023040557,-1.19847389,1.68453114,23039395.47,7938013.327,999949578.4,11/10/2025 15:25
OpenVPP,OVPP,0.028661828,33.52514595,52.43361079,23023568.02,2170268.078,803283302.1,11/10/2025 15:25
Initia,INIT,0.131673082,-2.2378725,8.44611174,22931647.84,21689411.87,174155928.1,11/10/2025 15:25
Phoenix,PHB,0.382630103,-0.83989578,6.7526538,22909108.59,6172401.774,59872729.29,11/10/2025 15:25
Starpower,STAR,0.123413723,-0.09365797,-2.22617834,22862377.31,5495240.772,185249879,11/10/2025 15:25
X Empire,X,3.31E-05,4.89706637,11.75730516,22846585.75,4578209.306,6.9E+11,11/10/2025 15:25
LimeWire,LMWR,0.056660426,1.5394283,15.31531877,22840846.11,1739231.373,403118149,11/10/2025 15:25
MORI COIN,MORI,0.028431497,1.3000521,8.1665783,22745424.87,16323063.04,800007985,11/10/2025 15:25
MOBOX,MBOX,0.045439872,-1.10487493,10.9622088,22734588.67,6639692.371,500322467,11/10/2025 15:25
Oobit,OBT,0.022707898,-2.55134429,-7.23529066,22707898.23,102696.5529,1000000000,11/10/2025 15:25
AKEDO,AKE,0.000992425,-7.93875876,-14.9270975,22623560.04,4053164.043,22796250000,11/10/2025 15:25
MetaMUI,MMUI,0.047455668,2.75120153,3.07157792,22600595.31,693185.0884,476246491,11/10/2025 15:25
XION,XION,0.532039237,-2.13307791,4.98935886,22557850.2,9509263.363,42398846.96,11/10/2025 15:25
SMART,SMART,0.00335496,-0.31430655,-15.95076468,22546771.44,406695.559,6720430108,11/10/2025 15:25
LUKSO,LYX,0.731630033,8.16227595,19.46866484,22340986.34,3275319.064,30535906.59,11/10/2025 15:25
Radworks,RAD,0.431097099,-0.7368868,3.04952432,22234254.86,13836275.44,51575978.9,11/10/2025 15:25
THENA,THE,0.187723685,-1.34855794,3.10678117,22163205.01,9101357.691,118062912.4,11/10/2025 15:25
NAVI Protocol,NAVX,0.030786575,-2.26503073,1.66919154,22157704.97,1735769.994,719719712.1,11/10/2025 15:25
Epic Chain,EPIC,0.735409174,-3.63789099,4.60443563,22062275.23,17493027.57,30000000,11/10/2025 15:25
Manyu (manyushiba.com),MANYU,2.20E-08,11.14526212,15.57424063,21993204.1,5635665.538,1E+15,11/10/2025 15:25
DEXTools,DEXT,0.314035903,1.67656131,7.55861114,21975939.58,25242.44106,69979067.29,11/10/2025 15:25
DODO,DODO,0.029730092,-0.23692595,15.52855,21575229.12,3642123.246,725703404.4,11/10/2025 15:25
tao.bot,TAOBOT,0.280855898,-4.33051319,3.77460293,21532285.61,37245.16769,76666667,11/10/2025 15:25
Audiera,BEAT,0.155620603,3.70689538,28.38096322,21672762.58,1916038749,139266666,11/10/2025 15:25
UXLINK,UXLINK,0.035193938,-2.99068444,-10.79176364,21379268.05,1562737.675,607470193,11/10/2025 15:25
iShares Core S&P 500 Tokenized ETF (Ondo),IVVon,686.3555823,1.44544635,-0.14225527,21370183.14,859.0951636,31135.73153,11/10/2025 15:25
ANDY (ETH),ANDY,2.13E-05,8.42490808,-11.10114086,21346412.53,778698.2657,1E+12,11/10/2025 15:25
inSure DeFi,SURE,0.000794441,50.69874916,47.46465008,21283130.32,348.119746,26790063175,11/10/2025 15:25
Invesco QQQ Tokenized ETF (Ondo),QQQon,624.1571091,2.35144667,-1.36100694,21281382.23,664256.7663,34096.19456,11/10/2025 15:25
AdEx,ADX,0.143873336,0.02153201,16.63436176,21278866.37,4166039.165,147900000,11/10/2025 15:25
Coq Inu,COQ,3.06E-07,5.54018257,-0.79655046,21258112.23,7323918.852,6.942E+13,11/10/2025 15:25
Tensor,TNSR,0.051610466,-1.61550134,10.1484778,21185023.07,7937703.93,410479207.4,11/10/2025 15:25
Open Loot,OL,0.027073181,13.85636202,20.36323234,21124748.96,7661384.959,780283218.3,11/10/2025 15:25
Avail,AVAIL,0.009001584,-0.31403197,7.6842147,21118949.2,6038827.168,2346136962,11/10/2025 15:25
Stader,SD,0.395120002,-0.75356638,3.6246846,21053755.73,3388915.075,53284459.46,11/10/2025 15:25
Hamster Kombat,HMSTR,0.000326888,-1.3868851,-3.3875044,21043420.55,17233453.58,64375000000,11/10/2025 15:25
saffron.finance,SFI,229.1515404,-11.7785805,-14.31613376,20949833.52,61358.18483,91423.48983,11/10/2025 15:25
Hunt Town,HUNT,0.165103433,0.01133565,11.76715452,20830716.72,1737693.802,126167678,11/10/2025 15:25
BNB Attestation Service,BAS,0.008315485,-5.73945799,-15.94052396,20788711.4,10061633.94,2500000000,11/10/2025 15:25
Everscale,EVER,0.010451206,4.18268098,-4.9646457,20751114.07,57618.69197,1985523482,11/10/2025 15:25
Toko Token,TKO,0.122388784,-2.09054598,11.82410911,20708706.29,1763320.77,169204282.1,11/10/2025 15:25
Act I : The AI Prophecy,ACT,0.021780474,-2.05435577,30.18940463,20653208.84,62320236.63,948244224.7,11/10/2025 15:25
Oraichain,ORAI,1.493675539,6.07589578,28.51392192,20648122.55,725414.4816,13823700,11/10/2025 15:25
Port3 Network,PORT3,0.041250791,4.16587737,-1.70919271,20619093.52,3966170.113,499847222,11/10/2025 15:25
NVIDIA tokenized stock (xStock),NVDAX,199.0422933,4.3958807,-3.97898528,20611556.23,10110182.83,103553.6513,11/10/2025 15:25
World of Dypians,WOD,0.062016854,13.29796218,44.85034148,20330240.62,7044619.616,327817994,11/10/2025 15:25
Hegic,HEGIC,0.028885143,10.19200983,-7.09920986,20327264.94,26.63970366,703727349.2,11/10/2025 15:25
SKYAI,SKYAI,0.02028644,-0.01502878,24.72054143,20286440.05,5391302.329,1000000000,11/10/2025 15:25
Oasys,OAS,0.003637418,-3.09272642,1.60407497,20267875.98,590313.3022,5572050424,11/10/2025 15:25
McDull,MCDULL,2.68E-06,0.749875,0.9160934,20251664.63,24131.66861,7.55556E+12,11/10/2025 15:25
NATIX Network,NATIX,0.000498325,-1.34707352,-13.77419669,20233565.59,217429.167,40603174541,11/10/2025 15:25
IXS,IXS,0.111931187,1.2869066,5.12659603,20147613.71,177147.5215,180000000,11/10/2025 15:25
XPLA,XPLA,0.023276828,-1.16091583,-3.59833152,20147462.01,190095.5713,865558736.5,11/10/2025 15:25
Young,YNG,0.745457947,-0.1088118,-7.10078032,20127364.57,10865.00907,27000000,11/10/2025 15:25
Mubarak,MUBARAK,0.02009803,0.124893,21.64536181,20098030.29,16066625.56,1000000000,11/10/2025 15:25
NFPrompt,NFP,0.038409049,-2.76127018,12.86881858,20084803.06,4234373.597,522918525.1,11/10/2025 15:25
MetaArena,TIMI,0.054950217,17.21263932,84.06590739,20021111.46,56504989.41,364350000,11/10/2025 15:25
Pangolin,PNG,0.089149796,32.45207782,29.22550242,20002893.66,1865387.712,224373971,11/10/2025 15:25
Acala Token,ACA,0.017088162,-0.31165532,10.74078004,19936189.04,2124288.956,1166666660,11/10/2025 15:25
GameStop (gamestop-coin.vip),GME,4.83E-05,-3.89950802,15.15744626,19884019.03,211428.5778,4.11297E+11,11/10/2025 15:25
RSS3,RSS3,0.023111775,1.29448175,2.70486851,19876112.48,5247031.663,859999404,11/10/2025 15:25
Bluefin,BLUE,0.060064854,11.13245001,16.00126905,19828945.5,15079255.88,330125592,11/10/2025 15:25
Haedal Protocol,HAEDAL,0.076162606,2.02431653,12.76500252,19802277.67,14739497.27,260000000,11/10/2025 15:25
noice,NOICE,0.000338489,2.00230983,22.80677578,19781695.81,3345274.332,58441107607,11/10/2025 15:25
ArchLoot,AL,0.024495172,-5.17803437,-2.71372043,19751768.2,13300320.88,806353514.5,11/10/2025 15:25
iShares 20+ Year Treasury Bond Tokenized ETF (Ondo),TLTon,90.6914706,1.75957562,-0.2581391,19539468.74,1023547.46,215449.9051,11/10/2025 15:25
Heima,HEI,0.229907498,-1.25720337,-3.20215731,19531878.13,3940057.149,84955377,11/10/2025 15:25
Ancient8,A8,0.049930308,-1.75144831,10.07376225,19501837.33,4150557.57,390581151,11/10/2025 15:25
GoPlus Security,GPS,0.006541746,-3.27778481,9.15902795,19480280.87,6036128.973,2977841361,11/10/2025 15:25
Gleec Coin,GLEEC,0.106817426,-1.01640178,-15.07217537,19414606.22,911.3265498,181755046,11/10/2025 15:25
Forta,FORT,0.030938596,-2.90095807,-0.70549095,19398039.22,583282.2509,626985115.2,11/10/2025 15:25
Klever Coin,KLV,0.002173752,-6.87078967,8.31147571,19304615.12,2830437.735,8880780407,11/10/2025 15:25
Locus Chain,LOCUS,0.009274995,-0.07093039,-2.44272485,19301847.05,162170.6873,2081062787,11/10/2025 15:25
Nubila Network,NB,0.104858955,14.68623835,20.90222214,19294047.71,620259572.6,184000000,11/10/2025 15:25
Quai Network,QUAI,0.024653035,1.77657215,-6.71738636,19290616.61,850748.5469,782484457,11/10/2025 15:25
SuperWalk,GRND,0.026842842,-2.17456797,-5.3657689,19277358.56,171147.5364,718156395,11/10/2025 15:25
Abelian,ABEL,0.177171012,-14.49669451,40.76208013,19214046.02,95087.98195,108449152,11/10/2025 15:25
doginme,DOGINME,0.000283366,0.34780896,6.85036929,19160994.38,929827.9506,67619258089,11/10/2025 15:25
Alien Worlds,TLM,0.003124083,-1.88472074,14.96421392,19140985.7,6764591.128,6126914172,11/10/2025 15:25
ThunderCore,TT,0.00148439,-0.80131829,2.72584336,19085687.63,249168.4007,12857593336,11/10/2025 15:25
Radiant Capital,RDNT,0.014721898,-1.64032378,11.39672331,19021781.4,3475319.439,1292073967,11/10/2025 15:25
ZUSD,ZUSD,0.999831532,-0.67328358,-0.0047693,19009170.03,15015.29853,19012373,11/10/2025 15:25
Fartboy,FARTBOY,0.018961801,3.49742536,1.3485049,18951191.47,344437.8628,999440457,11/10/2025 15:25
Enzyme,MLN,6.335812917,-0.7752571,0.61209151,18930232.7,9245774.919,2987814.341,11/10/2025 15:25
Auki,AUKI,0.018058112,2.95749176,25.82555815,18919977.09,156359.276,1047727308,11/10/2025 15:25
Moss Coin,MOC,0.043102312,-1.20747459,2.11264336,18899919.14,1441637.506,438489688,11/10/2025 15:25
GUNZ,GUN,0.01459413,1.03643785,3.19246917,18856832.53,7950475.452,1292083333,11/10/2025 15:25
Naoris Protocol,NAORIS,0.031426945,0.63162013,-40.08857517,18832911.09,1871126.99,599260000,11/10/2025 15:25
GRIFFAIN,GRIFFAIN,0.018788858,0.95906709,9.48923,18786624.37,4480214.227,999881120,11/10/2025 15:25
哈基米,哈基米,0.018796265,-8.56849272,15.21951449,18796264.82,4543430.584,1000000000,11/10/2025 15:25
Assemble AI,ASM,0.012474792,0.68120836,0.27803807,18712187.31,296834.418,1500000000,11/10/2025 15:25
My Lovely Planet,MLC,0.217408112,-5.31656577,-6.69116767,18678754.88,939479.286,85915629.84,11/10/2025 15:25
DIAM,DIAM,0.012991146,-2.16926337,-9.00291654,18652230.62,8079125.899,1435764856,11/10/2025 15:25
Alpha Quark Token,AQT,0.693970761,-2.35019582,0.42865676,18602719.71,1451039.049,26806201,11/10/2025 15:25
Comtech Gold,CGO,131.8506619,2.66724175,2.81350343,18590943.33,1357333.046,141000,11/10/2025 15:25
Neon EVM,NEON,0.077478373,-1.57367425,-2.61574372,18553399.48,1217432.528,239465527,11/10/2025 15:25
CZ's Dog,BROCCOLI,0.019071319,-3.23542063,21.69565239,18516307.77,15112229.78,970898131.8,11/10/2025 15:25
Build On BNB,BOB,4.39E-08,26.44015457,63.07905819,18469785.66,10831520.74,4.2069E+14,11/10/2025 15:25
Santos FC Fan Token,SANTOS,1.376662848,1.58493073,12.84908225,18440198.26,3967879.334,13394854.29,11/10/2025 15:25
Bitcoin Diamond,BCD,0.098260764,1.01157226,-0.82803193,18324934.67,0,186492898,11/10/2025 15:25
Agoras: Tau Net,AGRS,0.612978721,0.30218213,11.35607556,18304654.62,4169.904614,29861810.84,11/10/2025 15:25
REDX,REDX,0.004606064,-9.62334347,3.97614994,18295618.98,469596.9071,3972072517,11/10/2025 15:25
district0x,DNT,0.018290859,-1.42097481,-2.37769525,18290859.09,53054.63632,1000000000,11/10/2025 15:25
MAGIC•INTERNET•MONEY (Bitcoin),MIM,0.00086703,-0.91883685,37.76126616,18207633.41,121129.1756,21000000000,11/10/2025 15:25
Augur,REP,1.655220795,1.33424145,-9.68067855,18207428.75,21811.58917,11000000,11/10/2025 15:25
Zeus Network,ZEUS,0.046795053,-2.37581841,-8.75750525,18144570.88,3028506.493,387745496.5,11/10/2025 15:25
Gitcoin,GTC,0.188221017,-1.2792722,16.11115731,18141631.48,2406628.191,96384727.71,11/10/2025 15:25
Tharwa,TRWA,0.002590555,-1.66053077,-3.67134771,18140390.16,1601638.715,7002510980,11/10/2025 15:25
Fwog (SOL),FWOG,0.0185433,1.99905672,-3.60769677,18091498.97,1906338.153,975635328,11/10/2025 15:25
Heroes of Mavia,MAVIA,0.0911311,-0.5677496,8.28966614,18065298.88,4966860.738,198234179,11/10/2025 15:25
IDEX,IDEX,0.018357022,-4.11538318,1.85311866,18038731.75,3376075.674,982661126.5,11/10/2025 15:25
Superp,SUP,0.087782491,-3.06174734,-4.3122854,17995410.64,38031728.39,205000000,11/10/2025 15:25
Nexa (nexaagent.xyz),NXA,1.795371138,0.93241661,-0.85019635,17953711.38,170926.056,10000000,11/10/2025 15:25
Ellipsis,EPS,0.024598023,-1.24600886,-1.00973074,17801627.81,36.48902004,723701571.8,11/10/2025 15:25
Bluwhale,BLUAI,0.014469474,-12.27257634,6.71156676,17768514.43,10890191,1228000000,11/10/2025 15:25
Mamo,MAMO,0.041890938,0.81363348,-18.17211918,17771124.17,1318431.216,424223588.7,11/10/2025 15:25
Namecoin,NMC,1.20529317,-0.15442981,-15.50467272,17761682.27,4897.085669,14736400,11/10/2025 15:25
Bubblemaps,BMT,0.036268905,-0.89951553,12.77346397,17755829.54,7513384.571,489560677,11/10/2025 15:25
Mansory,MNSRY,0.019694567,-2.89779223,-8.551295,17724878.49,1605318.446,899988227.8,11/10/2025 15:25
Parcl,PRCL,0.04296798,-1.35722309,17.76889914,17715030.16,4013790.114,412284457,11/10/2025 15:25
ARAI,AA,0.118696253,-0.73169662,-25.45827946,17673754.63,14102072.08,148899010,11/10/2025 15:25
dForce,DF,0.017670724,0.07270579,11.23546401,17669418.62,1724632.239,999926146.6,11/10/2025 15:25
Araracoin,ARARA,0.000484209,1.02169137,-0.94190414,17552573.54,249779.3268,36250000000,11/10/2025 15:25
Hermez Network,HEZ,3.725743826,-0.51711473,-0.23579714,17510995.98,33312.34919,4700000,11/10/2025 15:25
ROGin AI,ROG,0.260314842,-0.0883547,0.21335223,17438458.39,192722.242,66989873.61,11/10/2025 15:25
Bitcoin Gold,BTG,0.991288094,-14.04170358,36.25407591,17361343.94,7071.782302,17513923.59,11/10/2025 15:25
Test,TST,0.018373948,-2.35209012,21.38189076,17347040.2,23543698.77,944110644.9,11/10/2025 15:25
Orochi Network,ON,0.120098954,-7.51956833,10.24953828,17327276.56,3848970.867,144275000,11/10/2025 15:25
CREPE,CREPE,2.98E-05,-3.57715803,-15.60664886,17319647.26,1818263.88,5.80811E+11,11/10/2025 15:25
SideShift Token,XAI,0.119630291,0.76524734,-9.58107345,17262619.58,0,144299738,11/10/2025 15:25
Mango,MNGO,0.015442484,-7.13226602,-3.35152601,17256465.76,1327.157605,1117466989,11/10/2025 15:25
Bedrock,BR,0.074488021,-1.03782638,2.76243499,17132244.84,3872823.67,230000000,11/10/2025 15:25
Unagi Token,UNA,0.025301408,-1.73466048,3.9189393,17131328.72,254518.3284,677089944,11/10/2025 15:25
RACA,RACA,4.14E-05,1.85090283,6.64657572,17052934.99,3655564.89,4.1167E+11,11/10/2025 15:25
Fuel Network,FUEL,0.002664702,0.72475416,1.45450415,17037854.73,1641245.876,6393906627,11/10/2025 15:25
FirmaChain,FCT,0.015803369,-6.31837629,4.05131519,17013085.88,8365324.561,1076548006,11/10/2025 15:25
The Arena,ARENA,0.004024256,-5.61214162,33.78608089,17009490.04,74263.73561,4226741552,11/10/2025 15:25
Orbiter Finance,OBT,0.003458839,-0.59158542,9.63519264,16948312.8,5897572.912,4900000000,11/10/2025 15:25
READY!,READY,0.016856795,-2.77856434,-17.84254428,16856794.83,175288.4796,1000000000,11/10/2025 15:25
Nosana,NOS,0.346749184,0.90003955,-3.18985923,16712501,526582.0677,48197665,11/10/2025 15:25
Viction,VIC,0.13558809,-0.91832089,16.58990982,16710364.36,1075730.336,123243599.9,11/10/2025 15:25
OORT,OORT,0.02626488,-0.63461429,-12.56326519,16652824.7,287942.9557,634033910,11/10/2025 15:25
Aavegotchi,GHST,0.315212751,0.62437128,16.47309708,16626779.52,4097025.221,52747801.21,11/10/2025 15:25
OMG Network,OMG,0.118352496,0.58422902,14.51930873,16598392.99,2637773.445,140245398.2,11/10/2025 15:25
AhaToken,AHT,0.002336128,-0.52763425,-1.14358179,16566052.88,191979.5608,7091243116,11/10/2025 15:25
Alephium,ALPH,0.135222206,3.92254599,13.16504846,16540993.71,239268.3391,122324536.7,11/10/2025 15:25
Tutorial,TUT,0.019708685,0.67250734,16.38386484,16486606.9,8424815.606,836514830.5,11/10/2025 15:25
Tokemak,TOKE,0.196365992,-5.6689897,9.66644261,16464775.05,69312.9033,83847385.6,11/10/2025 15:25
SP500 tokenized ETF (xStock),SPYX,680.877744,1.13274455,-0.40141324,16442611.62,1070597.605,24149.1395,11/10/2025 15:25
Redbelly Network,RBNT,0.007043135,20.6327512,21.03004522,16441127.73,292746.8563,2334347866,11/10/2025 15:25
Bitlayer,BTR,0.062693708,1.94491467,18.66439102,16400674.08,3731098.06,261600000,11/10/2025 15:25
Groestlcoin,GRS,0.184419266,-1.52066775,-7.50036365,16374549.52,376653.9508,88789798.89,11/10/2025 15:25
SUNDOG,SUNDOG,0.016291162,0.5518114,14.71313254,16249140.69,8513049.537,997420606,11/10/2025 15:25
Sharp,SHARP,0.006083407,-6.79788049,-14.00919175,16347570.52,360199.3197,2687239197,11/10/2025 15:25
Hooked Protocol,HOOK,0.060850389,-0.84081156,18.03963107,16312897.9,9472308.311,268082064.6,11/10/2025 15:25
Landwolf 0x67,WOLF,1.79E-05,4.71177794,-9.93521143,16132995.4,1238433.993,9.0216E+11,11/10/2025 15:25
Keyboard Cat,KEYCAT,0.001607761,0.83807051,4.00827458,16077611.46,1015117.665,10000000000,11/10/2025 15:25
Mitosis,MITO,0.088433318,-1.43048188,5.39999983,16030580.04,5506893.145,181273082,11/10/2025 15:25
Turtle,TURTLE,0.103470998,4.50913783,6.18692813,16006963.35,25205555.08,154700000,11/10/2025 15:25
Ice Open Network,ICE,0.002419719,-0.18748528,-21.12236413,16006934.44,5332728.373,6615204261,11/10/2025 15:25
Swarms,SWARMS,0.015920173,-1.52059666,11.43351287,15919931.6,3616036.129,999984830,11/10/2025 15:25
DAO Maker,DAO,0.078701281,-1.16971425,2.22427461,15804187.13,1018317.05,200812325.1,11/10/2025 15:25
Wen,WEN,2.17E-05,-6.54313882,-7.09461292,15800216.56,2930575.778,7.27717E+11,11/10/2025 15:25
Amaterasu Omikami,OMIKAMI,0.016597607,5.18970398,0.98466981,15717535.93,174821.3556,946976011,11/10/2025 15:25
Suilend,SEND,0.266426427,6.16675918,15.01231705,15599306.37,341688.4153,58550146.6,11/10/2025 15:25
zkVerify,VFY,0.050422765,-7.26562637,-18.92461409,15632738.33,5293622.831,310033344.2,11/10/2025 15:25
Harvest Finance,FARM,23.15798997,-3.97528764,13.15570728,15566417.61,4304115.795,672183.4507,11/10/2025 15:25
LOAN Protocol,LOAN,0.000841743,3.75658086,12.02575455,15493745.52,201450.9604,18406735547,11/10/2025 15:25
PlatON,LAT,0.002296389,1.8325088,5.01206884,15488904.08,3053750.537,6744896854,11/10/2025 15:25
Unstable Coin (usduc.org),USDUC,0.01542325,8.08743663,5.85938917,15421957.58,2150952.959,999916234.2,11/10/2025 15:25
RAMP,RAMP,0.032247833,4.37523237,-1.63495326,15409263.82,0,477838740,11/10/2025 15:25
Luna by Virtuals,LUNA,0.01540496,12.53526783,23.95067481,15404960.06,2403792.68,1000000000,11/10/2025 15:25
Bella Protocol,BEL,0.19255638,0.03870329,2.00790756,15404510.39,7449030.37,80000000,11/10/2025 15:25
Pikaboss,PIKA,3.66E-08,-0.97912943,-2.79974154,15402711.75,1485.989453,4.2069E+14,11/10/2025 15:25
Public Masterpiece Token,PMT,0.110744094,0.28110155,0.44156245,15364639.16,261149.0171,138740031.9,11/10/2025 15:25
Coral Protocol,CORAL,0.001794667,-10.3559691,-13.17113773,15350789.74,317010.7692,8553556561,11/10/2025 15:25
NetX,NETX,0.922974348,17.98473883,18.43805749,15276760.98,549342.6057,16551663.66,11/10/2025 15:25
DRX Token,DRX,0.022995916,7.34614018,-1.35717504,15269337.47,135048.2163,664002145,11/10/2025 15:25
Alltoscan,ATS,0.152628012,0.92972324,1.78479403,15262801.25,196042.3022,100000000,11/10/2025 15:25
Kleros,PNK,0.018932686,-0.9071003,-17.27158593,15246392.09,81653.55001,805294703.5,11/10/2025 15:25
Real,REAL,0.01530811,-12.25142758,34.43499819,15234935.58,1658803.947,995219883.4,11/10/2025 15:25
Telos,TLOS,0.034152665,2.6190093,34.50256876,15209585.37,2009485.149,445341101.9,11/10/2025 15:25
Ycash (y.cash),YEC,0.926051394,1.92139208,2.91811974,15163360.87,24677.42233,16374210.94,11/10/2025 15:25
375ai,EAT,0.071014971,25.12407093,134.3846493,15136575.53,48151589.6,213146262,11/10/2025 15:25
Puffer,PUFFER,0.085741604,-0.44551938,9.85875673,15086158.53,7450184.479,175949105,11/10/2025 15:25
FONSmartChain,FON,1.042114918,-2.74600323,-0.91135394,15059729.01,180104.5363,14451121.23,11/10/2025 15:25
ASD,ASD,0.022646898,6.41241141,8.21813988,14960886.58,683362.352,660615274,11/10/2025 15:25
Bitgert,BRISE,3.73E-08,-0.79392351,-1.20343983,14772245.34,2656760.991,3.9569E+14,11/10/2025 15:25
NUMINE,NUMI,0.091153935,-1.35169573,-8.44710375,14746429.97,1261846.284,161775024,11/10/2025 15:25
Morphware,XMW,0.017876641,0.74930895,32.53077325,14725042.84,102999.5133,823702984,11/10/2025 15:25
KARRAT,KARRAT,0.020145938,0.55823489,-5.72977328,14650632.89,1091068.181,727225155.1,11/10/2025 15:25
Wanchain,WAN,0.073799944,1.91748755,9.43048507,14665430.73,4138031.451,198718724.6,11/10/2025 15:25
TAC Protocol,TAC,0.005586453,9.36895155,17.45102746,14591465.28,2821439.631,2611937510,11/10/2025 15:25
iShares Core MSCI EAFE Tokenized ETF (Ondo),IEFAon,88.21636797,0.64376963,-0.40517781,14566771.96,336.0399602,165125.501,11/10/2025 15:25
MOMOFUN,MM,0.00186579,-1.79890681,-43.50130804,14553161.44,2370146.693,7800000000,11/10/2025 15:25
Badger DAO,BADGER,0.723800288,1.51764334,-4.93425651,14539873.97,3901762.359,20088240.1,11/10/2025 15:25
Unicorn Fart Dust,UFD,0.014485359,6.09066858,1.38559875,14485358.95,3763146.008,1000000000,11/10/2025 15:25
Vow,VOW,0.040634193,-0.2102393,11.6554374,14477364.37,172516.672,356285269,11/10/2025 15:25
AVA,AVA,0.014474255,-1.82733541,12.17958865,14462825.41,2252486.611,999210360.5,11/10/2025 15:25
ORIGYN,OGY,0.001845542,-13.09905905,-1.9130176,14448083.26,249102.301,7828640875,11/10/2025 15:25
Mr Miggles,MIGGLES,0.015078266,-1.39750862,-1.1966411,14435495.74,1328126.694,957371091,11/10/2025 15:25
Dego Finance,DEGO,0.685420739,-0.69972863,-3.04134678,14391925,7647287.624,20997212.63,11/10/2025 15:25
Kujira,KUJI,0.117397862,3.8352247,13.90057156,14363605.75,0,122349806.5,11/10/2025 15:25
Sui Name Service,NS,0.058672777,-0.52007464,-8.02674292,14336529.78,1422866.764,244347215.3,11/10/2025 15:25
CLV,CLV,0.011707963,0.60737123,4.07319077,14332196.13,1682987.616,1224140929,11/10/2025 15:25
Yala,YALA,0.056579703,0.51850433,-13.55572263,14303344.14,3736161.826,252799916.6,11/10/2025 15:25
Star Atlas DAO,POLIS,0.046079824,4.10962891,8.22355792,14288810.37,303647.9677,310088217.7,11/10/2025 15:25
Ambire Wallet,WALLET,0.019737464,0.43735112,-7.27225814,14287372.13,359039.935,723870711.9,11/10/2025 15:25
Portal,PORTAL,0.02442895,-0.84270585,15.1167689,14286770.77,6136790.758,584829516,11/10/2025 15:25
XSGD,XSGD,0.768854647,0.06745236,0.42857418,14273602.38,127609.6441,18564760.49,11/10/2025 15:25
iShares Core US Aggregate Bond Tokenized ETF (Ondo),AGGon,101.005169,-0.44433318,-0.43512486,14258083.71,48.51838564,141161.9212,11/10/2025 15:25
BFG Token,BFG,0.012680296,-4.09112503,1.0701923,14237549.7,12332.6169,1122808916,11/10/2025 15:25
dYdX (ethDYDX),ETHDYDX,0.341565162,3.61720036,28.92040947,14228570.78,14614686.12,41656973.2,11/10/2025 15:25
Lit Protocol,LITKEY,0.064611359,-15.01966566,18.02813052,14214498.96,3046766.205,220000000,11/10/2025 15:25
SIX Token,SIX,0.016688456,1.20523356,3.33652979,14201318.81,652771.5716,850966610.1,11/10/2025 15:25
MetFi,METFI,0.052376353,-2.37477213,4.92446279,14068305.53,93701.07439,268600328.2,11/10/2025 15:25
Layer3,L3,0.015494415,-3.82042876,-14.2529554,14062508.12,7067729.879,907585582.9,11/10/2025 15:25
Alpine F1 Team Fan Token,ALPINE,0.751002109,3.55192778,18.15404776,14058353.36,16543184.18,18719459.22,11/10/2025 15:25
TG Casino,TGC,0.177197551,0.24920285,11.23810675,14014199.55,2930.96855,79087998,11/10/2025 15:25
NKN,NKN,0.017637356,-1.17832868,9.69572283,14007971.28,2389739.373,794221702.1,11/10/2025 15:25
Green Satoshi Token (SOL),GST,0.003365779,-0.12943951,9.75859754,13990651.9,220750.3809,4156734649,11/10/2025 15:25
Decimal,DEL,0.001257465,-8.31266307,-16.71779008,13984277.59,360419.4053,11121003896,11/10/2025 15:25
World3,WAI,0.0602374,-1.11682083,2.6242709,13933579.93,4632843.929,231311112,11/10/2025 15:25
Eclipse,ES,0.104735593,1.61317554,5.02295108,13892952.31,14695520.49,132647860,11/10/2025 15:25
Polkastarter,POLS,0.139787163,1.84051756,7.74455032,13868232.94,1374960.345,99209631.94,11/10/2025 15:25
Zeta,ZEX,0.080619142,1.37356484,2.54446185,13845517.44,663529.5856,171739826.3,11/10/2025 15:25
Propchain,PROPC,0.324487393,-4.60492914,1.90177909,13837232.97,381624.0054,42643360.76,11/10/2025 15:25
ELYSIA,EL,0.002822358,2.15186731,8.37859363,13835888.6,481725.1279,4902245155,11/10/2025 15:25
GYEN,GYEN,0.006566367,7.54605769,12.92799697,13781365.15,26.99118898,2098780833,11/10/2025 15:25
StablR Euro,EURR,1.157151312,0.30889143,0.79602698,13751056.16,16419659.62,11883541.95,11/10/2025 15:25
GAIA,GAIA,0.080857386,-0.22109146,7.24903461,13745755.65,55094056.19,170000000,11/10/2025 15:25
Sperax,SPA,0.006630681,0.2071016,-0.39063092,13580975.32,4289284.195,2048202287,11/10/2025 15:25
HashAI,HASHAI,0.000160342,1.06398949,4.17946639,13559294.8,329160.7773,84564818695,11/10/2025 15:25
Shadow Token,SHDW,0.079659514,6.22390628,4.69111572,13466891.92,262723.4877,169055662.3,11/10/2025 15:25
Synapse,SYN,0.0727735,-0.52964801,13.89353118,13463597.13,5510247.671,185006866.2,11/10/2025 15:25
Aleph Cloud,ALEPH,0.05443438,1.88174646,5.70263361,13457293.79,280903.7623,247220482.1,11/10/2025 15:25
Shapeshift FOX Token,FOX,0.017418546,-1.86201246,6.39971405,13452108.44,418025.204,772286516,11/10/2025 15:25
SyncGPT,SYNC,0.067139558,-0.02494681,-0.03055671,13427911.5,0,200000000,11/10/2025 15:25
DAR Open Network,D,0.020667188,-1.55608367,17.0714668,13389742.18,2098229.761,647874403,11/10/2025 15:25
AGENDA 47,A47,0.013382877,-1.57640541,-25.75618625,13382748.18,3152256.133,999990395,11/10/2025 15:25
Palu,PALU,0.013369827,-1.25398244,10.83727534,13369827.04,9561860.456,1000000000,11/10/2025 15:25
PlaysOut,PLAY,0.024070567,-0.07752905,13.85338409,13356155.77,6982857.569,554875000,11/10/2025 15:25
DeBox,BOX,0.031645076,0.09610478,-4.99739778,13339406.86,24482.57631,421531828.4,11/10/2025 15:25
Myro,MYRO,0.014112484,-5.43641831,-5.18490757,13325061.51,14502874.23,944203815,11/10/2025 15:25
Openverse Network,BTG,6.912087251,-9.28782626,-11.13789532,13132965.78,45118174.42,1900000,11/10/2025 15:25
QuickSwap [Old],QUICK,18.17545755,-0.54661114,8.61644249,12999563.48,30809.47965,715226.2027,11/10/2025 15:25
CreatorBid,BID,0.047823095,-6.35922745,-11.56608444,12973372.98,1561629.687,271278408.3,11/10/2025 15:25
Quickswap [New],QUICK,0.018003356,-0.41309292,12.1273297,12876471.63,3298009.476,715226202.7,11/10/2025 15:25
SLIMEX,SLX,0.007420481,-7.98703201,-26.89054192,12859693.71,528249.7437,1733000000,11/10/2025 15:25
PINGPONG,PINGPONG,0.044528677,-2.45296709,-10.75720098,12808776.12,10087131.53,287652297,11/10/2025 15:25
Cross The Ages,CTA,0.025599374,-6.12164226,-3.23265147,12799686.93,1575773.2,500000000,11/10/2025 15:25
HOPR,HOPR,0.03743963,-4.19868713,-3.07414475,12773421.3,220526.4415,341173813,11/10/2025 15:25
Joe coin,JOE,0.012769793,1.18496624,15.03953138,12769793.25,215045.2428,1000000000,11/10/2025 15:25
Cointel,COLS,0.022501665,-0.66917927,-2.65597972,12743746.84,4803392.127,566346836,11/10/2025 15:25
MESSIER,M87,1.44E-05,0.4469991,-6.27063804,12735978.73,422545.8057,8.84846E+11,11/10/2025 15:25
BOBO,BOBO,1.92E-07,-0.6361428,0.22563005,12720881.37,1181106.484,6.61344E+13,11/10/2025 15:25
OctaSpace,OCTA,0.318727101,5.03836819,17.65496051,12664655.78,295776.7059,39735108,11/10/2025 15:25
Bulla,BULLA,0.045049884,-3.73370114,18.06534179,12613967.59,962533.0157,280000000,11/10/2025 15:25
Mind Network,FHE,0.035731427,5.77790695,13.24354916,12541730.75,4436294.047,350999998,11/10/2025 15:25
ColossusXT,COLX,0.0009846,0,0,12536278.47,0,12732356945,11/10/2025 15:25
Houdini Swap,LOCK,0.137931661,2.7876322,11.61080001,12522817.21,16915.38498,90790012.43,11/10/2025 15:25
xMoney,UTK,0.017776378,-1.45799124,7.74102214,12516563.54,7998607.905,704112145,11/10/2025 15:25
NeuralAI,NEURAL,1.245298425,6.40866138,21.11195396,12452984.25,150198.4429,10000000,11/10/2025 15:25
Codatta,XNY,0.004967764,7.79984572,8.42889964,12419409.41,6363086.142,2500000000,11/10/2025 15:25
Fair and Free,FAIR3,0.013260421,2.60310555,4.08114975,12409290.71,341784.4483,935814213,11/10/2025 15:25
APX,APX,0.274151479,-3.23920026,8.99183086,12408815.43,876126.2931,45262624.41,11/10/2025 15:25
Paris Saint-Germain Fan Token,PSG,1.023053231,-0.62071394,-2.15801567,12407216.17,3043903.052,12127635,11/10/2025 15:25
Metacade,MCADE,0.007631263,-0.87703808,1.81199106,12340760.82,874613.0981,1617132095,11/10/2025 15:25
Book of Ethereum,BOOE,0.127825034,-10.27316939,-9.52261571,12295619.01,272290.5893,96191009,11/10/2025 15:25
Ark of Panda,AOP,0.040973609,-1.07842383,-4.14198217,12292082.71,4726719.21,300000000,11/10/2025 15:25
Altura,ALU,0.012358369,0.78817187,2.75728668,12234785.49,2781146.001,990000000,11/10/2025 15:25
Daddy Tate,DADDY,0.020271002,-3.77832507,-5.17629064,12155149.88,761972.0056,599632421.6,11/10/2025 15:25
PumpBTC (Governance token),PUMP,0.042577946,1.674355,4.43822107,12134714.73,3257798.596,285000000,11/10/2025 15:25
FC Porto Fan Token,PORTO,1.069899394,0.98984514,20.93440965,12120041.11,2361245.628,11328206.35,11/10/2025 15:25
ABBC Coin,ABBC,0.013373271,7.59719126,-5.20694983,12106876.98,56428.55807,905304095.7,11/10/2025 15:25
Nexera,NXRA,0.011486487,12.6607717,22.49983347,12014699.47,73821.39671,1045985541,11/10/2025 15:25
Defigram,DFG,1.201186666,-0.02807292,0.00398643,12011866.66,0,10000000,11/10/2025 15:25
AS Roma Fan Token,ASR,1.499234908,-0.1896635,5.88270715,11962584.24,5023954.655,7979126,11/10/2025 15:25
RichQUACK.com,QUACK,2.71E-10,-1.36931474,-1.27712242,11942753.64,97256.56592,4.41E+16,11/10/2025 15:25
Union,U,0.006212639,-0.31972792,-6.64221535,11922365.52,7386868.254,1919050000,11/10/2025 15:25
BONDEX,BDXN,0.074465811,23.13681122,124.7923664,11914529.69,17315653.19,160000000,11/10/2025 15:25
Hathor,HTR,0.023827933,6.79401402,-6.70005891,11912854.92,295765.5915,499953347,11/10/2025 15:25
Switchboard Protocol,SWTCH,0.069371672,0.92549716,1.29445688,11904621.1,6653152.957,171606373,11/10/2025 15:25
Semantic Layer,42,0.080183566,-4.32880967,-4.07888523,11880531.74,3624767.609,148166667,11/10/2025 15:25
Galatasaray Fan Token,GAL,1.190692182,-0.01754253,0.79750517,11822967.31,225871.3252,9929491,11/10/2025 15:25
XSwap,XSWAP,0.039331338,0.24839821,-4.36639051,11730951.68,312188.1234,298259665,11/10/2025 15:25
crow with knife,CAW,1.53E-08,8.50214483,1.27453313,11746298.07,110096.1629,7.69861E+14,11/10/2025 15:25
Chainbounty,BOUNTY,0.02349452,-7.08219763,4.44500811,11743495.39,410692.3575,499839760.4,11/10/2025 15:25
PepeFork,PORK,2.86E-08,3.48267817,-4.25470869,11659855.52,367220.7047,4.07626E+14,11/10/2025 15:25
LOFI,LOFI,0.011612093,6.84213878,38.23793132,11612092.7,617832.4487,1000000000,11/10/2025 15:25
AMO Coin,AMO,0.000543266,1.12697077,-4.05012826,11517235.99,666790.8219,21200000000,11/10/2025 15:25
NEM,XEM,0.001289128,6.2838941,-9.67094914,11602147.51,1493505.596,8999999999,11/10/2025 15:25
Seedify.fund,SFUND,0.131017162,-0.42705099,-17.32821803,11601034.46,816578.9399,88545914.54,11/10/2025 15:25
Measurable Data Token,MDT,0.017117575,-1.1842886,1.06243255,11574168.49,2029194.201,676157012.5,11/10/2025 15:25
Wojak,WOJAK,0.000166788,-1.17232231,-3.89667243,11575865.1,972270.2994,69404726737,11/10/2025 15:25
Graphite Protocol,GP,0.342219885,-9.57640937,30.16778595,11522911.32,556538.4255,33671074.69,11/10/2025 15:25
Cornucopias,COPI,0.011115489,0.38905172,7.95750298,11476550.09,153151.6959,1032482698,11/10/2025 15:25
S.S. Lazio Fan Token,LAZIO,0.946158277,1.84925991,17.18039482,11470200.08,2379974.143,12122918.92,11/10/2025 15:25
Wecan Group,WECAN,0.00191125,-6.21901002,-13.15689791,11467502.06,20511.10561,6000000000,11/10/2025 15:25
FC Barcelona Fan Token,BAR,0.678359586,-0.70479798,6.31402673,11379027.56,2158653.235,16774330,11/10/2025 15:25
nubcat,NUB,0.011904426,1.50571879,10.64047573,11309207.6,884254.0212,950000253,11/10/2025 15:25
Balance,EPT,0.003679967,0.46470751,15.95884641,11305583.89,2761671.093,3072196960,11/10/2025 15:25
Pitbull,PIT,2.80E-10,1.15384081,0.74583328,11271402.84,110628.9155,4.02E+16,11/10/2025 15:25
USDJ,USDJ,1.205941048,0.06504772,-0.09493144,11270585.31,1626987.149,9345884.136,11/10/2025 15:25
iShares TIPS Bond Tokenized ETF (Ondo),TIPon,111.933087,0,-0.60467056,11209626.23,0,100145.7794,11/10/2025 15:25
Save,SAVE,0.244869976,11.51098619,44.80957314,11181459.27,21971.78052,45662843,11/10/2025 15:25
Star Atlas,ATLAS,0.000516445,3.89817989,11.61992523,11177943.24,1048771.835,21644021893,11/10/2025 15:25
DuckChain,DUCK,0.001558031,-0.9457155,4.33675213,11147519.74,3186581.938,7154878330,11/10/2025 15:25
MCOIN,MCOIN,0.062913427,0.93850484,-1.3323906,11135676.6,424780.5867,177000000,11/10/2025 15:25
Vader,VADER,0.011154273,1.09872475,-14.48113219,11117904.33,362504.13,996739513,11/10/2025 15:25
RIZE,RIZE,0.011441234,9.25397509,-7.43134468,11110105.75,568281.043,971058303,11/10/2025 15:25
Equilibria Finance,EQB,0.328309438,-2.31780512,-4.29407834,11104186.11,0,33822317.64,11/10/2025 15:25
Aspecta,ASP,0.04392929,-4.65325333,-13.02466101,11088817.87,10231054.76,252424243,11/10/2025 15:25
Altcoinist,ALTT,0.045102486,-7.14599008,16.22763425,11050109,53910.96531,245000000,11/10/2025 15:25
Covalent X Token,CXT,0.011197485,-1.37335237,3.35855777,11017107.65,1079587.106,983891253.4,11/10/2025 15:25
MilkyWay,MILK,0.03150695,-0.47504398,10.25232327,10963727.62,1668345.817,347978068,11/10/2025 15:25
Circle tokenized stock (xStock),CRCLX,104.7685851,-1.05520362,-11.71996416,10958629.38,12460191.26,104598.4288,11/10/2025 15:25
Beefy,BIFI,136.0147891,-0.58215551,9.17233568,10881183.13,236227.7991,80000,11/10/2025 15:25
DeLorean,DMC,0.002583124,-1.36257598,17.10298762,10819996.52,5865884.84,4188724853,11/10/2025 15:25
Faith Tribe,FTRB,0.004001196,-1.07171262,0.31550898,10805906.22,445278.4854,2700669191,11/10/2025 15:25
zKML,ZKML,0.111965752,1.81274759,8.68911625,10804836.62,12765.27674,96501263.93,11/10/2025 15:25
Swell Network,SWELL,0.003985586,-1.69259103,-16.27843011,10758063.91,7743016.743,2699242498,11/10/2025 15:25
Flamingo,FLM,0.019031198,-10.40518506,-7.09543664,10732830.69,7113204.274,563959796.5,11/10/2025 15:25
WHY,WHY,2.55E-08,-1.38411505,17.9753022,10730009.45,432191.1109,4.2E+14,11/10/2025 15:25
Rarible,RARI,0.549066822,1.57987833,1.75487295,10700723.65,438726.6664,19488927.79,11/10/2025 15:25
CUDIS,CUDIS,0.043191114,-2.15664017,26.23488041,10689800.63,10757076.25,247500000,11/10/2025 15:25
Cult DAO,CULT,2.46E-06,-1.72991089,-0.04598745,10633725.36,72966.42105,4.31869E+12,11/10/2025 15:25
Litecoin Cash,LCC,0.012874067,0.77492353,92.19924499,10540840.52,1142.488813,818765371.8,11/10/2025 15:25
SWEAT,SWEAT,0.00145326,5.00837338,23.65120633,10496024.32,4247323.749,7222398268,11/10/2025 15:25
Verse World,VERSE,0.104715048,-1.12462969,2.51934514,10471503.83,4070021.961,99999991,11/10/2025 15:25
Moby,MOBY,0.010458167,-2.58396355,10.92113621,10457864.92,2561816.751,999971137.8,11/10/2025 15:25
Rupiah Token,IDRT,6.01E-05,-0.79636166,0.00333201,10440553.29,0.27607128,1.73857E+11,11/10/2025 15:25
Nibiru,NIBI,0.012421364,-0.74559894,-3.51948617,10432197.23,433988.9606,839859208.5,11/10/2025 15:25
GOLDAO,GOLDAO,0.013151431,-7.36964871,0.57525947,10427440.1,6273.046176,792874935.7,11/10/2025 15:25
InfinitiCoin,INCO,0.010420158,-0.23193931,-2.94167186,10420158.33,2469751.351,1000000000,11/10/2025 15:25
Dimitra,DMTR,0.021298089,1.30585761,10.18703157,10361588.11,197440.2752,486503181.5,11/10/2025 15:25
Milady Meme Coin,LADYS,1.41E-08,-2.94140103,-2.1681119,10352865.58,2307654.933,7.34366E+14,11/10/2025 15:25
EVAA Protocol,EVAA,1.560838339,-13.07690256,-62.3036772,10329584.42,23273482.51,6617972,11/10/2025 15:25
WeBuy,WE,0.028514936,0.96985315,-0.86500894,10323297.52,30622.25744,362031240,11/10/2025 15:25
Peercoin,PPC,0.34457442,-1.38938991,0.47002632,10296965.53,6600.674204,29883139.75,11/10/2025 15:25
Minutes Network Token,MNTX,0.13248925,-6.47038966,-12.06017824,10290601.56,20433.89179,77671219,11/10/2025 15:25
iShares Core S&P Total US Stock Market Tokenized ETF (Ondo),ITOTon,148.955261,1.26384909,-0.31533596,10268152.68,405.64828,68934.47473,11/10/2025 15:25
Maiga,MAIGA,0.036437355,31.71625123,95.36191958,10202459.33,11389005.02,280000000,11/10/2025 15:25
Kekius Maximus (kekiusmaximus.vip),KEKIUS,0.010155771,0.04358004,8.12191917,10155770.61,1668792.569,1000000000,11/10/2025 15:25
Myria,MYRIA,0.000276351,-9.88603599,-14.1218923,10155435.43,1239734.191,36748328377,11/10/2025 15:25
Cypher,CYPR,0.107192339,-1.33334104,135.3383579,10165463.58,3054121.333,94833863,11/10/2025 15:25
REI Network,REI,0.010658004,-1.91267924,12.14345209,10125103.9,2121363.696,950000000,11/10/2025 15:25
Venus LINK,vLINK,0.32713268,0.57726313,4.71935069,10110791.81,0,30907312,11/10/2025 15:25
Vertical AI,VERTAI,0.101075918,-0.10352842,5.04971591,10107591.84,313563.8904,100000000,11/10/2025 15:25
Brickken,BKN,0.124614913,-3.16493109,-3.34569505,10045525.97,773804.3691,80612550.26,11/10/2025 15:25
GamerCoin,GHX,0.015433514,0.47519401,-4.00659519,10031246.05,220195.574,649965123.4,11/10/2025 15:25
Bitrue Coin,BTR,0.029182085,1.140084,0.13918842,10019194.9,907057.8994,343333756,11/10/2025 15:25
Vultisig,VULT,0.153951028,1.78058657,-6.17527404,10008639.61,22327.24388,65011840.2,11/10/2025 15:25
Purple Pepe,$PURPE,2.38E-05,-0.62728459,2.73743112,9936158.057,852884.217,4.17214E+11,11/10/2025 15:25
iShares MSCI EAFE Tokenized ETF (Ondo),EFAon,95.34400353,1.48374596,1.00569131,9932500.808,255.7028858,104175.4116,11/10/2025 15:25
DIMO,DIMO,0.02415922,-0.7684277,-31.35617562,9906364.972,161612.7062,410044895.4,11/10/2025 15:25
Juventus Fan Token,JUV,0.78705378,-0.25866794,2.78754006,9843757.973,3224651.875,12507097,11/10/2025 15:25
CESS Network,CESS,0.003710682,2.18103923,4.1268943,9833306.267,1370695.162,2650000000,11/10/2025 15:25
MUX Protocol,MCB,2.569963125,-0.8574872,-3.96854163,9821173.19,253.7635178,3821523,11/10/2025 15:25
Trusta.AI,TA,0.045130365,5.58397384,17.61219731,9815853.933,63594808.04,217499992,11/10/2025 15:25
Voxies,VOXEL,0.038528813,-3.70235089,11.14901596,9788841.465,3196407.539,254065480.7,11/10/2025 15:25
cheqd,CHEQ,0.015167873,0.6683276,0.29015002,9745249.356,445703.6064,642492815,11/10/2025 15:25
Dero,DERO,0.680856758,-7.38485458,49.2140079,9745045.59,30202.04006,14312916,11/10/2025 15:25
SPECTRE AI,SPECTRE,0.974827109,6.29014408,30.29638033,9741613.996,353398.0417,9993171,11/10/2025 15:25
MemeFi,MEMEFI,0.000969237,-0.00368556,9.29219186,9692366.544,4505322.445,10000000000,11/10/2025 15:25
Indigo Protocol,INDY,0.603001027,4.19863785,4.11230799,9679866.338,29643.72811,16052819,11/10/2025 15:25
Obol,OBOL,0.075789327,0.1960512,-3.85590574,9668444.442,4671624.13,127570000,11/10/2025 15:25
FIO Protocol,FIO,0.011702998,-1.81371167,13.32107106,9665003.272,2706917.276,825857055.6,11/10/2025 15:25
Perpetual Protocol,PERP,0.145932528,-5.00427767,-4.18768219,9631861.63,5796895.38,66002156.95,11/10/2025 15:25
Streamr,DATA,0.007988462,4.27033208,17.51836233,9630920.874,4588486.372,1205603853,11/10/2025 15:25
Magpie,MGP,0.019210725,-1.46252858,-4.23096798,9617373.16,394.4162205,500625205.4,11/10/2025 15:25
Rezor,RZR,0.000236546,1.91147658,-1.22126866,9613709.044,202947.9364,40642041188,11/10/2025 15:25
Contentos,COS,0.001851731,-6.32397596,9.45638039,9585410.266,6849842.637,5176458774,11/10/2025 15:25
Phoenix,PHNIX,1.81E-05,16.1933631,28.04202365,9581840.595,276484.8846,5.29999E+11,11/10/2025 15:25
Origin Dollar,OUSD,0.999544796,0.12305055,0.05687066,9572401.061,0,9576760.444,11/10/2025 15:25
Fulcrom Finance,FUL,0.004490539,4.11419354,-0.46010676,9567019.254,42023.07046,2130483491,11/10/2025 15:25
Pkoin,PKOIN,0.685779186,0.30456054,-4.51557868,9548910.767,65611.53239,13924177,11/10/2025 15:25
ZEON,ZEON,0.000311815,-0.0633217,18.75668281,9519388.565,19.90979735,30529000000,11/10/2025 15:25
Crown by Third Time Games,CROWN,0.043332659,-6.87413895,-6.99094218,9484747.755,270833.6523,218882203,11/10/2025 15:25
Blockchain Foundation for Innovation & Collaboration,BFIC,0.89578125,-3.47252895,-11.54582488,9475953.877,144889.0084,10578424,11/10/2025 15:25
MicroStrategy tokenized stock (xStock),MSTRX,236.2775483,-5.44675525,-10.22431749,9474613.254,3662276.088,40099.50722,11/10/2025 15:25
GOAT Network,GOATED,0.090586186,-0.42885568,-0.62799691,9452487.36,1445573.632,104348000,11/10/2025 15:25
Kryll,KRL,0.23650662,-0.28260443,-3.24209078,9437174.322,122842.2232,39902368.6,11/10/2025 15:25
Broccoli (firstbroccoli.com),BROCCOLI,0.009428776,-2.60034473,1.64274644,9428776.356,945052.167,1000000000,11/10/2025 15:25
Nash,NEX,0.210786036,-4.8295063,-15.06960731,9394890.246,0,44570743,11/10/2025 15:25
StablR USD,USDR,0.998429061,-0.02036929,0.01273761,9389677.858,34908430.57,9404451.68,11/10/2025 15:25
Vita Inu,VINU,1.04E-08,0.28080134,8.24366692,9373366.338,741569.7503,8.99597E+14,11/10/2025 15:25
Aragon,ANT,0.216896098,-3.28870228,57.4898701,9368282.179,439.2061752,43192488.24,11/10/2025 15:25
BORGY,BORGY,0.000120425,1.4204701,11.56780112,9342197.226,97629.80295,77576978462,11/10/2025 15:25
Diamond,DMD,2.40394894,-0.05310203,13.49442255,9331755.085,14639.04007,3881844.131,11/10/2025 15:25
Bluzelle,BLZ,0.02045152,-2.54805811,-6.82024348,9323123.544,681679.7561,455864575.8,11/10/2025 15:25
Koma Inu,KOMA,0.017830821,0.72048992,10.22244579,9319889.933,435531.9696,522684291.8,11/10/2025 15:25
ParaSwap,PSP,0.012481001,-8.68494749,-20.10273455,9298057.417,1693.654505,744976909,11/10/2025 15:25
iShares Gold Trust Tokenized ETF (Ondo),IAUon,77.44172299,1.65249892,2.66900947,9255081.258,57486.2757,119510.2704,11/10/2025 15:25
Cryptex Finance,CTX,1.175108976,-1.31056969,1.05459635,9211314.336,4153503.841,7838689.451,11/10/2025 15:25
Quidax Token,QDX,0.11925499,1.20921565,0.39688742,9182634.255,216791.7387,77000000,11/10/2025 15:25
Splintershards,SPS,0.006909217,-0.75173974,1.14775261,9175026.254,17256.39072,1327940171,11/10/2025 15:25
Creditlink,CDL,0.044796721,-20.15295455,-36.56632044,9159738.021,208812063.8,204473405,11/10/2025 15:25
Beta Finance,BETA,0.009157319,0.76793121,7.11796531,9157319.104,0,1000000000,11/10/2025 15:25
Wexo,WEXO,0.031221445,1.62501271,0.07270403,9153883.848,221313.7989,293192189,11/10/2025 15:25
iShares Russell 1000 Growth Tokenized ETF (Ondo),IWFon,482.4949976,2.56882877,-1.3004665,9152162.043,593.4579584,18968.40815,11/10/2025 15:25
Gelato,GEL,0.034236399,-4.07811874,-6.43401223,9095949.2,195223.5743,265680665.3,11/10/2025 15:25
MON,MON,0.015319644,-1.2883445,-9.3530548,9095901.855,823094.3004,593741057.5,11/10/2025 15:25
Nimiq,NIM,0.000667323,0.9656503,-6.03105029,9066376.207,278305.3279,13586197741,11/10/2025 15:25
EarthMeta,EMT,0.006299177,-0.00371722,-2.92086791,9055316.552,6969.761106,1437539667,11/10/2025 15:25
Tranchess,CHESS,0.043961029,-2.24668162,9.42541418,9046274.701,1187439.23,205779414,11/10/2025 15:25
Galeon,GALEON,0.011997911,-1.76379077,0.21817901,9045086.874,194953.6141,753888486,11/10/2025 15:25
Suku,SUKU,0.017050328,-1.0390487,-4.03511146,9028921.134,243834.4629,529545293.4,11/10/2025 15:25
DOWGE,DJI6930,0.008982647,-1.69943668,-7.17678542,8982454.842,968514.7959,999978625,11/10/2025 15:25
Mayflower AI,MAY,0.027564787,2.84548953,16.76513909,8918058.649,3243283.767,323530837.3,11/10/2025 15:25
Boost,BOOST,0.056053989,-27.01879951,-63.54836109,8904747.949,320140881.7,158860200,11/10/2025 15:25
PaLM AI,PALM,0.114844025,-1.53921695,9.80537646,8857888.209,65841.93426,77129726.3,11/10/2025 15:25
Stonks,STNK,15.23342751,-1.68782119,14.12318963,8851971.733,111075.6046,581088.6439,11/10/2025 15:25
Kendu,KENDU,9.29E-06,3.30420065,-0.14069359,8812564.684,88990.97077,9.48428E+11,11/10/2025 15:25
Block (blockstreet.xyz),BLOCK,0.019137776,-2.39673144,-11.33593719,8803376.992,1071516.802,460000000,11/10/2025 15:25
Venus LTC,vLTC,2.119353371,-7.42977167,19.90516496,8779162.779,0,4142378,11/10/2025 15:25
Numbers Protocol,NUM,0.010393508,-3.61263207,-9.58634144,8767468.084,823797.5684,843552333,11/10/2025 15:25
Divi,DIVI,0.001953015,2.81272677,16.92130466,8748128.661,54163.66235,4479294377,11/10/2025 15:25
TMX,TMX,16.72064549,-4.30860639,-13.49232992,8658902.414,241498.6268,517856.9462,11/10/2025 15:25
Ultra,UOS,0.018009351,-18.25013044,-1.03228102,8637678.367,9532219.65,479621852.4,11/10/2025 15:25
Piggycell,PIGGY,1.191572153,6.51834997,-28.39885645,8633932.827,82789176.64,7245833,11/10/2025 15:25
Solana Name Service,SNS,0.001914401,1.85850213,0.44416151,8614804.426,1125051.378,4500000000,11/10/2025 15:25
Node AI,GPU,0.087840247,15.75436404,63.52787606,8614434.663,160606.7205,98069335.54,11/10/2025 15:25
SquidGrow,SQGROW,0.008598035,-0.75978842,-13.33432509,8598034.894,187787.9777,1000000000,11/10/2025 15:25
RHEA Finance,RHEA,0.042963961,-18.3801867,149.7292184,8592792.149,16384122.02,200000000,11/10/2025 15:25
Nakamoto Games,NAKA,0.081146114,-23.00821781,-24.8422607,8582309.315,6286830.393,105763652,11/10/2025 15:25
Major,MAJOR,0.102827676,0.49126044,5.41353573,8570673.229,1847923.622,83349868,11/10/2025 15:25
Coinbase tokenized stock (xStock),COINX,316.9198106,2.52605724,-3.75170991,8556833.784,9297781.819,26999.99652,11/10/2025 15:25
Konnect,KCT,0.001164942,2.39899862,2.16417482,8533199.83,551894.3446,7325000039,11/10/2025 15:25
PRIZM,PZM,0.001951746,-18.00366162,-21.48520529,8529333.001,14548.63308,4370103000,11/10/2025 15:25
Counterparty,XCP,3.287707674,-3.2661971,8.35420415,8517522.432,18.73993374,2590717.691,11/10/2025 15:25
Games for a Living,GFAL,0.002395206,10.35778466,1.43890129,8496061.932,181814.6277,3547111065,11/10/2025 15:25
Grin,GRIN,0.039406588,-2.49403081,0.83984045,8457205.534,29806.00782,214614000,11/10/2025 15:25
StaFi,FIS,0.066233036,-0.90975342,20.8029208,8420447.696,8814381.358,127133651.4,11/10/2025 15:25
Pipe Network,PIPE,0.083968304,4.79517649,15.34602027,8396830.442,2401360.456,100000000,11/10/2025 15:25
Boson Protocol,BOSON,0.05639148,-4.43443589,14.18584737,8389983.715,1430423.066,148781052.7,11/10/2025 15:25
Masa,MASA,0.00711413,5.18378743,16.0010138,8382277.745,3319050.521,1178257676,11/10/2025 15:25
Hyperion,RION,0.441088455,-1.7966617,9.45531748,8380680.645,1307606.97,19000000,11/10/2025 15:25
Tether Gold Tokens,XAUT0,4100.425773,2.90335612,2.78911564,8374548.234,1883613.137,2042.360647,11/10/2025 15:25
Seraph,SERAPH,0.028652773,-4.04588559,-5.90033233,8360828.687,1847634.681,291798237,11/10/2025 15:25
Cratos,CRTS,0.000173739,42.30070947,42.82232936,8565261.421,7526786.047,49299676745,11/10/2025 15:25
Holdstation,HOLD,1.051619562,0.7817157,6.23464913,8311685.532,324323.6035,7903700,11/10/2025 15:25
Xterio,XTER,0.058609036,0.72213648,7.71516065,8308650.273,4358410.096,141763980.5,11/10/2025 15:25
Hana Network,HANA,0.025690249,1.2274757,9.96168585,8305564.575,8140478.327,323296380.3,11/10/2025 15:25
Manchester City Fan Token,CITY,0.68610833,-0.07448833,7.21194137,8208672.79,1882036.333,11964106,11/10/2025 15:25
Cortex,CTXC,0.034910196,1.90206152,-24.09791867,8163612.49,3353235.346,233846079,11/10/2025 15:25
Scallop,SCA,0.059922772,-0.55946505,-5.40567594,8151645.906,2618591.164,136035861.6,11/10/2025 15:25
STUFF.io,STUFF,0.002801072,-3.38803968,-6.00346837,8143446.699,43119.21171,2907260875,11/10/2025 15:25
Izumi Finance,IZI,0.010330591,-4.61925075,1.03600807,8134307.671,272910.2762,787400000,11/10/2025 15:25
KONET,KONET,0.027109013,0.18417481,-14.78672786,8132704.229,222436.5059,300000007.1,11/10/2025 15:25
Echo Protocol,ECHO,0.027811997,-2.65215521,3.62851906,8113315.745,304253.4157,291720000,11/10/2025 15:25
Allo,RWA,0.004490498,-1.20703922,11.65650556,8082895.654,1263071.513,1800000000,11/10/2025 15:25
Grape,GRP,1.814481284,-4.38484633,57.69926005,8081597.373,0,4453943.64,11/10/2025 15:25
SwissCheese,SWCH,0.182781485,-1.0417703,-4.07456722,7996470.204,3948117.458,43748797.74,11/10/2025 15:25
HOSKY Token,HOSKY,3.50E-08,4.10180273,0.83770722,7982470.08,727706.7137,2.28E+14,11/10/2025 15:25
Quantoz USDQ,USDQ,0.999820381,0.04069018,0.05277146,7978615.633,3985234.453,7980049,11/10/2025 15:25
XDB CHAIN,XDB,0.00046301,9.2409939,13.87945519,7962694.944,502047.6916,17197670082,11/10/2025 15:25
Opus,OPUS,0.007943046,0.52386098,-3.68529087,7942546.956,316693.0047,999937207,11/10/2025 15:25
Stella,ALPHA,0.008375235,4.54169032,-1.52298598,7939722.537,586831.7974,948000000,11/10/2025 15:25
Atletico De Madrid Fan Token,ATM,1.057503,0.07480337,5.09050282,7930856.898,1201659.003,7499607,11/10/2025 15:25
SHPING,SHPING,0.003465835,-1.81752061,-0.25640566,7925641.1,198993.3931,2286791464,11/10/2025 15:25
iShares Core MSCI Emerging Markets Tokenized ETF (Ondo),IEMGon,68.54995934,0.23284678,0.39296633,7921235.483,99.92118408,115554.1967,11/10/2025 15:25
San Chan,SAN,0.008335187,-4.59355181,12.22109715,7851380.29,503745.4525,941956102.3,11/10/2025 15:25
xU3O8,XU3O8,4.896368372,0.90857942,-2.61410734,7834189.395,723244.0016,1600000,11/10/2025 15:25
Apple tokenized stock (xStock),AAPLX,269.06134,-2.25081779,0.09619138,7802333.37,8275132.338,28998.34428,11/10/2025 15:25
Patriot,PATRIOT,0.000774897,31.26966629,55.7431708,7748969.75,391420.3227,10000000000,11/10/2025 15:25
Bellscoin,BELLS,0.126567028,-6.44568187,15.79394022,7744918.288,71922.187,61192227,11/10/2025 15:25
CateCoin,CATE,1.35E-07,-0.45697136,6.38553978,7737630.181,959692.3196,5.72731E+13,11/10/2025 15:25
Mother Iggy,MOTHER,0.007765556,0.75825953,29.41730347,7657950.259,345666.7318,986143154.3,11/10/2025 15:25
DACXI,DXI,0.000849772,3.64059172,-0.94398256,7647945.651,471175.0436,9000000000,11/10/2025 15:25
Jambo,J,0.047454332,11.43452253,12.88561138,7640523.948,2674724.509,161007935,11/10/2025 15:25
LooksRare,LOOKS,0.007596821,-7.56910696,21.50128401,7596377.594,3660480.716,999941673,11/10/2025 15:25
Liberals Tears,TEARS,0.007595315,-6.56123138,43.7504608,7595315.091,20907.25322,999999999,11/10/2025 15:25
MileVerse,MVC,0.002750183,1.55924652,6.26207081,7593337.392,202794.5064,2761029999,11/10/2025 15:25
Opulous,OPUL,0.017774869,3.15974979,5.12026308,7586502.728,740567.3746,426810606.7,11/10/2025 15:25
Aventus,AVT,1.262610162,-0.32675506,3.11038964,7575660.971,47033.90976,6000000,11/10/2025 15:25
WELF,WELF,0.598330944,-0.57133537,7.22020214,7570809.53,193356.6016,12653214.1,11/10/2025 15:25
Argentine Football Association Fan Token,ARG,0.762327783,9.89929871,23.18350349,7569526.863,1730110.9,9929491,11/10/2025 15:25
Croatian Football Federation Token,VATRENI,1.951081044,-2.44247685,34.27906235,7539023.98,9907.303277,3864024,11/10/2025 15:25
CrossFi,XFI,0.116054431,-1.10446614,-6.97782805,7509322.384,461600.781,64705175.95,11/10/2025 15:25
Helium IOT,IOT,0.000370622,-0.24693103,11.20213795,7506574.845,7553.678373,20254000000,11/10/2025 15:25
Lingo,LINGO,0.01542642,1.01617633,-13.85298377,7500420.112,324261.8585,486206133,11/10/2025 15:25
Mochimo,MCM,0.267097963,-0.02143573,-0.0082146,7478956.739,53386.29535,28000800.38,11/10/2025 15:25
Tanssi,TANSSI,0.024564476,-1.13361457,3.87243474,7461999.34,6723301.638,303771968,11/10/2025 15:25
Orizon,ORI,55.67423519,1.13164723,-0.51067699,7430617.474,211416.9834,133466,11/10/2025 15:25
SaitaChain Coin,STC,0.000165048,0,0,7383362.193,0,44734739777,11/10/2025 15:25
Ren,REN,0.007422855,-2.38340918,-12.43790163,7369989.84,552517.0152,992878011.3,11/10/2025 15:25
Tectum,TET,0.744633747,-5.99686338,12.26627159,7367837.797,193467.5058,9894579.478,11/10/2025 15:25
Purple Bitcoin,PBTC,0.380642883,19.46584382,31.78454839,7351039.693,385537.6641,19312169,11/10/2025 15:25
Billy (Bitcoin),BILLY,0.007331768,9.46473498,117.9248321,7331768.221,331321.9836,1000000000,11/10/2025 15:25
Jager Hunter,JAGER,5.41E-10,-3.16648084,-21.18554354,7283338.285,601858.4242,1.35E+16,11/10/2025 15:25
Alaya Governance Token,AGT,0.004035424,7.83193492,24.71526394,7278263.56,3739483.421,1803593333,11/10/2025 15:25
WhiteCoin,XWC,0.009488315,-1.26986733,-1.03880801,7252152.677,177094.4508,764324623.4,11/10/2025 15:25
TokenFi,TOKEN,0.007222862,0.69945292,12.0799842,7223005.298,3751760.109,1000019789,11/10/2025 15:25
Freedom Dollar,FUSD,0.99973927,-0.03188815,0.05474098,7198122.743,263679.6238,7200000,11/10/2025 15:25
GhostwareOS,GHOST,0.007162837,-21.81592005,-48.1004289,7162702.084,1576516.35,999981104,11/10/2025 15:25
Sovryn,SOV,0.143544297,-0.14312518,0.88916494,7146601.039,30414.77494,49786729.13,11/10/2025 15:25
MATH,MATH,0.062448626,-0.67756742,10.17839818,7141385.265,316954.521,114356164,11/10/2025 15:25
Unisocks,SOCKS,23597.28694,5.41267952,13.38561316,7126380.656,185961.7111,302,11/10/2025 15:25
ShibaBitcoin,SBBTC,61.0944409,-0.02559526,3.76810098,7122607.462,159500.7629,116583.5607,11/10/2025 15:25
Wibegram,WIBE,0.348463096,0.15311368,3.43256011,7103651.596,2747786.144,20385664,11/10/2025 15:25
Lift Dollar,USDL,0.997773468,0.00588965,-0.22294073,7101608.628,0,7117455.871,11/10/2025 15:25
Forest Protocol,FOREST,0.068140554,-2.50448898,0.91587288,7100042.946,3883348.222,104197024.4,11/10/2025 15:25
Inspect,INSP,0.008862268,-10.26363972,17.93524813,7075340.549,1556488.015,798366803,11/10/2025 15:25
Venus DAI,vDAI,0.025758173,-0.01255857,0.07204159,7071587.545,0,274537625,11/10/2025 15:25
Beam,BEAM,0.04689471,3.3995812,37.78720355,7069544.42,188501.3137,150753560,11/10/2025 15:25
Pundi AI,PUNDIAI,1.000023573,-8.06072943,-10.19222363,7057778.368,339076.5472,7057612,11/10/2025 15:25
Ai Xovia,AIX,1.946911844,0.99904583,-25.75814499,7054742.146,3536388.747,3623555,11/10/2025 15:25
dHedge DAO,DHT,0.129207832,0.03999442,3.539069,7025486.653,2592.717826,54373535.58,11/10/2025 15:25
GameFi.org,GAFI,0.641065463,-0.77909221,0.24095536,7016501.992,27504.36198,10945063.18,11/10/2025 15:25
0x0.ai,0x0,0.008021121,-1.13711702,-0.91517981,6966852.629,8723.327602,868563455,11/10/2025 15:25
Vara Network,VARA,0.001698347,-4.26656875,-3.01538706,6952447.105,105541.2579,4093655275,11/10/2025 15:25
PublicAI,PUBLIC,0.033984408,1.62090508,11.59753835,6942528.971,1362287.611,204285714,11/10/2025 15:25
Smart Pocket,SP,0.006659575,-3.80702939,-14.28218816,6930054.846,262653.977,1040615110,11/10/2025 15:25
SuperTrust,SUT,3.419408693,-6.51222398,4.23254406,6922566.536,3218055.154,2024492.29,11/10/2025 15:25
VICE Token,VICE,0.006962525,3.67861204,-4.18514168,6921187.025,155223.6578,994062855.1,11/10/2025 15:25
Astra Nova,RVV,0.006746451,0.99206714,10.60669946,6915078.839,8926932.94,1024995000,11/10/2025 15:25
客服小何,客服小何,0.006914444,20.32902355,32.93651305,6914443.561,4393254.777,1000000000,11/10/2025 15:25
Dora Factory,DORA,0.012799392,1.54467984,9.40158181,6876820.58,1008380.476,537277116,11/10/2025 15:25
KAN,KAN,0.000707474,-0.30639306,3.20974721,6852315.283,108645.5822,9685605360,11/10/2025 15:25
r/CryptoCurrency Moons,MOON,0.063915408,-2.91747092,-15.28357656,6824651.98,10807.31944,106776318,11/10/2025 15:25
AC Milan Fan Token,ACM,0.616274158,-1.618762,8.57309291,6822067.418,1958037.731,11069858,11/10/2025 15:25
Xcellar,XCL,0.007303171,-2.90113719,-40.3919463,6813858.802,470945.8609,933000000,11/10/2025 15:25
Odos,ODOS,0.003173726,-1.62011917,3.55234416,6770555.471,441433.9817,2133314400,11/10/2025 15:25
Donkey (DONKEY_BSC_MEME),DONKEY,0.006739386,-5.64933735,-18.36995039,6739386.144,3371896.196,1000000000,11/10/2025 15:25
SpaceChain,SPC,0.021837688,1.78916225,4.82524556,6708160.569,0,307182730,11/10/2025 15:25
Foxy,FOXY,0.001144475,-2.19914372,-0.34694591,6704336.191,704246.6322,5858000000,11/10/2025 15:25
Smog,SMOG,0.008586422,1.39951096,-2.29949718,6688822.696,0,778999968,11/10/2025 15:25
Aurory,AURY,0.088892916,1.27697458,-1.44587785,6678460.903,89182.28434,75129281.6,11/10/2025 15:25
Kasta,KASTA,0.008746141,-2.58373039,-2.91952082,6678292.118,445228.805,763570160.8,11/10/2025 15:25
AstraAI,ASTRA,0.666676499,8.17471731,0.30586755,6666764.988,112628.1839,10000000,11/10/2025 15:25
Omnity Convertible Token,OCT,0.066374156,-15.25017734,31.4630663,6637415.61,95838.72331,100000000,11/10/2025 15:25
Stake DAO,SDT,0.276671889,1.96545352,-8.95191774,6611554.809,653.1345863,23896734.96,11/10/2025 15:25
Dragonchain,DRGN,0.017786124,-6.67371735,27.41295586,6594608.299,36739.20854,370772651.4,11/10/2025 15:25
Alphabet tokenized stock (xStock),GOOGLX,290.208349,3.41572378,2.16080659,6558479.322,6194761.822,22599.20965,11/10/2025 15:25
Pups (Bitcoin),PUPS,0.006739551,2.99254543,17.00425746,6526888.956,113739.4484,968445660,11/10/2025 15:25
KYVE Network,KYVE,0.005987292,-0.27872963,5.79385466,6517532.375,18532.73889,1088561047,11/10/2025 15:25
SentismAI,SENTIS,0.033248842,3.10161175,-44.84973851,6516773.127,3651875.662,196000000,11/10/2025 15:25
Ultiverse,ULTI,0.000919237,0.35367302,-7.19683341,6511265.893,2411946.942,7083334432,11/10/2025 15:25
Kwenta,KWENTA,14.99246774,-2.26940222,1.06079727,6473883.82,27.34891267,431809.088,11/10/2025 15:25
BitBall,BTB,0.010657867,-0.02143573,0.00398643,6466048.862,0,606692575.3,11/10/2025 15:25
MOO DENG (moodeng.vip),MOODENG,1.58E-05,-21.10081173,53.18398676,6464757.832,4368870.866,4.08508E+11,11/10/2025 15:25
Alkimi,ADS,0.027254032,-5.37770951,1.92838628,6458962.508,47240.57596,236991084.2,11/10/2025 15:25
BNBTiger,BNBTIGER,1.51E-18,-1.02611296,-11.44441686,6429333.6,10738.91589,4.25E+24,11/10/2025 15:25
Emirex Token,EMRX,0.23491619,-0.016014,-0.01522263,6403525.216,43189.70764,27258765,11/10/2025 15:25
Unizen,ZCX,0.009821079,-2.90436084,-29.84599195,6391749.619,265065.7734,650819503.4,11/10/2025 15:25
Upland (SPARKLET),SPARKLET,0.028560499,0.08608459,-1.53039443,6371628.837,314834.8392,223092346.5,11/10/2025 15:25
Skate,SKATE,0.02971052,-3.27561695,18.31339561,6360566.433,1851094.741,214084657.7,11/10/2025 15:25
MEVerse,MEV,0.003683036,1.79772531,1.26443795,6359296.406,329477.9219,1726645036,11/10/2025 15:25
Basenji,BENJI,0.006355354,-5.07508383,-10.11797127,6355354.144,402856.5832,1000000000,11/10/2025 15:25
Observer,OBSR,0.001006994,0.22059102,-8.89714696,6351190.581,488505.8348,6307080871,11/10/2025 15:25
Multichain,MULTI,0.436563232,6.8199786,2.96912017,6348106.809,13622.39251,14541093.56,11/10/2025 15:25
WAGMI Games,WAGMIGAMES,2.87E-06,-3.07149767,-8.54959506,6319195.86,218718.2362,2.2E+12,11/10/2025 15:25
FEED EVERY GORILLA,FEG,7.31E-05,-1.58470975,4.97230973,6225208.047,288778.1809,85121894466,11/10/2025 15:25
ParagonsDAO,PDT,0.052024328,-2.48036433,10.6997134,6205488.587,0,119280515.1,11/10/2025 15:25
Giant Mammoth,GMMT,0.003618795,2.2800615,-3.29568168,6201698.814,265440.3577,1713747017,11/10/2025 15:25
Sentinel,P2P,0.000191682,25.11993882,66.02091626,6186520.103,122234.584,32274940062,11/10/2025 15:25
Kadena,KDA,0.018361765,-35.25817344,-47.40243863,6156597.742,5296938.833,335294433.3,11/10/2025 15:25
Camino Network,CAM,0.018885945,-1.11719071,-2.70693375,6145783.417,52539.66323,325415728,11/10/2025 15:25
MonaCoin,MONA,0.093374217,-0.98327594,-3.75848676,6137456.94,22965.09203,65729674.87,11/10/2025 15:25
Swarm,BZZ,0.116627514,-5.1974492,-0.56530465,6134684.341,246786.8342,52600660.9,11/10/2025 15:25
UNCX Network,UNCX,131.0105373,4.5451854,1.2186413,6108719.881,8853.348577,46627.69888,11/10/2025 15:25
Baanx,BXX,0.02552664,-0.038014,1.30285529,6099526.355,6633.262155,238947484,11/10/2025 15:25
Everclear,CLEAR,0.011103681,-8.42741529,-14.70177943,6080946.742,63875.69366,547651424,11/10/2025 15:25
Light,LIGHT,0.011606354,4.04327031,41.30632356,6074512.955,255851.6786,523378212.7,11/10/2025 15:25
Nine Chronicles,WNCG,0.011059025,1.01420622,-0.86435204,6066153.076,202500.9908,548525113.4,11/10/2025 15:25
NetMind Token,NMT,0.18110203,4.36277719,-26.55208558,6057900.577,1781231.817,33450208,11/10/2025 15:25
Partisia Blockchain,MPC,0.015468548,-0.83971163,-3.32335512,6047175.469,10762.23138,390933607.8,11/10/2025 15:25
Reservoir,DAM,0.030149766,0.53125012,-2.41175765,6029703.077,2756712.61,199991705,11/10/2025 15:25
PIBBLE,PIB,0.000249528,-9.23891702,-19.44979373,6026229.393,41807.0114,24150500893,11/10/2025 15:25
Hacken Token,HAI,0.007212334,-1.07033639,-2.36152988,6010266.591,192285.7506,833331741,11/10/2025 15:25
LORDS,LORDS,0.028078574,14.96379203,-2.70922352,5992674.928,0,213425188.7,11/10/2025 15:25
Tenset,10SET,0.042870123,-0.96307014,-3.94032053,5992109.496,142732.1994,139773554.5,11/10/2025 15:25
Coinweb,CWEB,0.002475472,-2.70950076,-5.25644427,5954046.458,133372.3483,2405216325,11/10/2025 15:25
RICE AI,RICE,0.027985155,-12.63854374,-3.39502205,5919637.713,1574162.28,211527778,11/10/2025 15:25
Cook Finance,COOK,0.006737866,-0.27720288,6.34194677,5886406.819,28398.37144,873630734.7,11/10/2025 15:25
Step Finance,STEP,0.026566133,-2.62487844,-23.6445041,5881964.978,34506.88958,221408395.2,11/10/2025 15:25
U2U Network,U2U,0.003847836,-0.03556989,-11.28569892,5871834.267,1467427.939,1526009637,11/10/2025 15:25
Persistence One,XPRT,0.027388445,3.61984427,6.76905596,5843843.882,305902.5628,213368953.4,11/10/2025 15:25
Chrono.tech,TIME,8.194379598,-0.76169575,-9.99411564,5818935.479,176263.6297,710113,11/10/2025 15:25
Department Of Government Efficiency (dogegov.com),DOGE,0.005925584,129.847843,121.9849273,5801858.106,5057472.256,979120074.9,11/10/2025 15:25
Hifi Finance,HIFI,0.040848801,-0.85848105,10.66981571,5799241.825,363977.5308,141968470.5,11/10/2025 15:25
Bitboard,BB,0.001314552,-0.13136436,-15.33492651,5791150.852,426790.2331,4405418066,11/10/2025 15:25
PLAYA3ULL GAMES,3ULL,0.000399527,7.21317521,25.49916285,5787808.053,627653.0874,14486663082,11/10/2025 15:25
Arianee,ARIA20,0.053797901,-1.67841911,1.41064674,5784447.864,0,107521812.7,11/10/2025 15:25
Laqira Protocol,LQR,0.065067841,-1.99788688,-3.83962785,5766569.364,366116.5816,88623954,11/10/2025 15:25
KiboShib,KIBSHI,5.75E-06,9.34818803,15.99842685,5750069.524,103076.8394,1E+12,11/10/2025 15:25
Symbiosis,SIS,0.070184998,10.46376319,43.20385352,5763968.2,467745.8774,82125359.63,11/10/2025 15:25
ALTAVA,TAVA,0.008228888,2.72406129,-0.89922825,5726301.654,378301.1849,695877944.5,11/10/2025 15:25
AXEL,AXEL,0.020049851,0.89964943,-0.90124085,5676167.263,2918.106611,283102718,11/10/2025 15:25
ZClassic,ZCL,0.610457564,-51.03577572,-20.95369852,5669334.248,0,9287024.33,11/10/2025 15:25
MANEKI,MANEKI,0.000639832,1.79768924,-11.57927317,5668124.706,1742951.039,8858766369,11/10/2025 15:25
iShares MSCI Emerging Markets Tokenized ETF (Ondo),EEMon,55.33955499,1.4112634,-0.84500127,5657687.097,245.1457234,102235.8618,11/10/2025 15:25
Gamium,GMM,0.000115464,6.55854827,28.29795193,5653699.948,40883.37762,48964866146,11/10/2025 15:25
pSTAKE Finance,PSTAKE,0.012776295,1.88834617,-1.66149809,5617111.498,5008411.038,439651042,11/10/2025 15:25
Financie Token,FNCT,0.001490361,-0.78738952,2.02329529,5616719.91,93876.58261,3768697618,11/10/2025 15:25
Pirate Nation,PIRATE,0.010425938,-1.780265,2.01961971,5580107.333,426335.4801,535213932,11/10/2025 15:25
AGI ALPHA AGENT,AGIALPHA,0.005568126,2.9711172,-7.76717877,5568109.248,5292.112777,999996903.8,11/10/2025 15:25
iShares Silver Trust Tokenized ETF (Ondo),SLVon,45.79568496,7.95493668,4.98751259,5516339.096,262726.1176,120455.4338,11/10/2025 15:25
LumiWave,LWA,0.007154594,3.48495559,6.82114692,5509577.092,1220059.335,770075466,11/10/2025 15:25
NodeOps,NODE,0.041297462,0.37526822,-19.37188265,5508702.653,5052526.712,133390828,11/10/2025 15:25
iMe Lab,LIME,0.007296217,0.82558001,2.65365365,5503840.332,315231.3065,754341628,11/10/2025 15:25
Dino Tycoon,TYCOON,0.025301176,1.30138615,-68.38944607,5503005.718,3151892.364,217500000,11/10/2025 15:25
Alphakek AI,AIKEK,0.023148175,14.21306692,66.94329463,5493509.131,138633.9123,237319317.3,11/10/2025 15:25
Aura Finance,AURA,0.079160541,-0.90844276,8.13803368,5491994.467,7251.517244,69377929.99,11/10/2025 15:25
TrustSwap,SWAP,0.054915594,-17.63478574,3.15611904,5491293.779,3073054.21,99995164,11/10/2025 15:25
Tarot,TAROT,0.080620361,-0.10106849,8.39540691,5457998.44,37183.35702,67700000,11/10/2025 15:25
Veno Finance,VNO,0.011491129,5.87139774,3.09993636,5452707.828,39939.89603,474514554,11/10/2025 15:25
Bytecoin,BCN,2.95E-05,0.73341039,23.26868799,5435461.121,149.2754448,1.84067E+11,11/10/2025 15:25
HyperGPT,HGPT,0.006664463,5.48538229,14.46836618,5433243.489,581109.0837,815255952.4,11/10/2025 15:25
Steem Dollars,SBD,0.553581129,-0.12613644,9.33068377,5426008.552,1276290.918,9801650.135,11/10/2025 15:25
PAID,PAID,0.009985601,-7.50626711,-10.93652402,5420515.723,179650.9553,542833217.3,11/10/2025 15:25
BTSE Token,BTSE,1.241258415,5.44201491,22.45401993,5405321.675,3957086.969,4354711,11/10/2025 15:25
Propbase,PROPS,0.011915768,1.55867593,8.0909074,5374866.021,3358702.277,451071715.5,11/10/2025 15:25
Adappter Token,ADP,0.00116045,6.63868753,-2.85812903,5378490.106,3666152.976,4634832902,11/10/2025 15:25
Tectonic,TONIC,2.17E-08,3.20729141,6.60740135,5366886.246,19655.33652,2.47734E+14,11/10/2025 15:25
Freya Protocol,FREYA,0.009767682,-0.09680688,-1.3121342,5358549.995,0,548599973.9,11/10/2025 15:25
EstateX,ESX,0.005622141,3.24755469,-11.19312235,5334743.664,3493535.582,948881136.8,11/10/2025 15:25
Doge Killer,LEASH,0.015115511,-17.81028208,15.82919943,5306187.069,90104.92533,351042526.8,11/10/2025 15:25
BlackFort Exchange Network,BXN,0.001178869,1.5230775,2.4151237,5292639.862,436450.5693,4489589680,11/10/2025 15:25
PeiPei (ETH),PEIPEI,1.25E-08,-1.54645444,6.07799037,5274250.027,1150353.575,4.20684E+14,11/10/2025 15:25
trac (Ordinals),TRAC,0.250970155,-0.02220682,0.40206467,5270373.259,53644.72015,21000000,11/10/2025 15:25
Artrade,ATR,0.004166073,-1.16602621,-19.31123914,5249685.639,484253.7476,1260104055,11/10/2025 15:25
Dione Protocol,DIONE,0.000449905,6.78523876,9.75261839,5248658.471,177729.6006,11666142778,11/10/2025 15:25
michi (SOL),$MICHI,0.009438781,6.08425301,7.58455785,5245693.617,2165990.744,555759669.1,11/10/2025 15:25
Vertcoin,VTC,0.071493007,1.93156724,5.03725657,5240298.683,13777.02794,73298060,11/10/2025 15:25
AIVille Governance Token,AIV,0.001881937,-5.62866142,-13.24470844,5226439.639,204265.5885,2777160000,11/10/2025 15:25
Rezerve Money,RZR,6.134843371,-4.94945448,-33.78265353,5224331.39,1228.316812,851583.5,11/10/2025 15:25
Polaris Share,POLA,0.009745729,-2.00012318,-2.81659369,5213913.955,627364.3642,534994746.7,11/10/2025 15:25
Swarm Markets,SMT,0.061977464,3.72422286,10.00904969,5202357.113,94776.01312,83939497,11/10/2025 15:25
Epic Cash,EPIC,0.300783413,36.31626833,75.70424749,5197425.48,99524.44785,17279628,11/10/2025 15:25
Volt Inu,VOLT,9.47E-08,0.32444668,3.68009397,5186624.303,395439.2697,5.47663E+13,11/10/2025 15:25
Unibright,UBT,0.034547086,3.10160299,-34.29824669,5182062.858,3.99975405,149999999.2,11/10/2025 15:25
Mistery On Cro,MERY,1.26E-05,38.05957907,49.94265357,5175904.227,158482.6288,4.10279E+11,11/10/2025 15:25
MasterBOT,BOT,0.005159092,-10.45350218,-43.97682058,5159092.273,579929.7435,1000000000,11/10/2025 15:25
Ribbon Finance,RBN,0.061499554,3.63463481,-8.28376578,5150295.758,0,83745254.42,11/10/2025 15:25
SIDUS,SIDUS,0.000334909,-1.78547722,4.22449734,5141368.628,225135.8567,15351534372,11/10/2025 15:25
Tesla Tokenized Stock (Ondo),TSLAon,442.3123433,2.54587308,-5.21665386,5140325.528,1675614.379,11621.48334,11/10/2025 15:25
Lion Cat,LCAT,0.00993003,-0.60445001,1.62263245,5138790.692,34790.13213,517500000,11/10/2025 15:25
VNX Swiss Franc,VCHF,1.24639217,0.0465633,0.24171417,5072655.902,254816.6765,4069871.446,11/10/2025 15:25
SwarmNode.ai,SNAI,0.005068491,-7.64921235,-19.03945143,5063093.686,1382296.427,998935073.2,11/10/2025 15:25
Ref Finance,REF,0.111108189,-5.59331916,34.2318704,5056633.591,1314.815087,45510899.11,11/10/2025 15:25
TCOM Global,TCOM,0.054815273,-0.58566934,-9.92504201,5043005.088,6052543.411,92000000,11/10/2025 15:25
Cellframe,CELL,0.17585095,-3.94804143,11.37603219,5029190.85,971945.6934,28599167.9,11/10/2025 15:25
Botto,BOTTO,0.102318175,-2.80742054,-15.78845263,5024825.484,97384.14556,49109803.74,11/10/2025 15:25
VAIOT,VAI,0.012754432,0.67968936,-6.71295388,5008027.863,228986.4006,392650000,11/10/2025 15:25
Soil,SOIL,0.115002526,0.74370905,0.3404303,5002036.316,157135.1934,43495012.7,11/10/2025 15:25
BioPassport Token,BIOT,0.00058646,-1.70125054,-6.82004814,4996574.815,114514.6064,8519896710,11/10/2025 15:25
Not Pixel,PX,0.025563419,-1.46647638,8.55807327,4995840.799,20945.48859,195429289,11/10/2025 15:25
Free Palestine,YAFA,0.005148844,-4.48995006,-16.38012075,4994374.582,7394.810168,969999181,11/10/2025 15:25
TRUF.Network,TRUF,0.011757951,-1.46875683,-3.75203839,4988713.572,391081.0982,424284248,11/10/2025 15:25
Pain (paintoken.com),PAIN,0.995653075,-1.01054245,-2.17605778,4978169.093,44482.8932,4999903.296,11/10/2025 15:25
Sogni AI,SOGNI,0.004106189,0.13671465,-4.81184826,4977674.411,418075.6626,1212236918,11/10/2025 15:25
GT Protocol,GTAI,0.082188646,-1.39750556,-4.4216032,4963345.439,726633.7311,60389672.85,11/10/2025 15:25
RyuJin,RYU,5.15E-09,3.43748162,0.39938782,4962662.205,18041.21577,9.6385E+14,11/10/2025 15:25
XELIS,XEL,1.217186383,3.73154418,61.60898731,4962076.132,115697.1547,4076677.33,11/10/2025 15:25
Pepe Unchained (New),PEPU,0.000470024,-0.08429214,-7.34702319,4961965.477,245250.8794,10556824510,11/10/2025 15:25
GmeStop,GME,0.000718997,1.31528743,-2.43765457,4950450.752,1235855.254,6885214218,11/10/2025 15:25
ROA CORE,ROA,0.007771517,-1.86332828,-2.59755373,4942684.751,367635.1029,636000000,11/10/2025 15:25
U,U,0.004970299,129.2622973,-11.45159068,4937246.685,53508.06199,993349996,11/10/2025 15:25
CEEK VR,CEEK,0.006112734,0.69149028,11.76357598,4925138.431,97257.78791,805717779.2,11/10/2025 15:25
YURU COIN,YURU,0.641387125,-7.54109195,-17.75724335,4921034.78,343022.738,7672487.628,11/10/2025 15:25
STAT,STAT,0.060526354,-5.73165714,1.13178331,4897691.33,2456661.264,80918327.76,11/10/2025 15:25
BasedAI,BASEDAI,0.141100435,-7.08965279,17.91344772,4881993.22,26338.86633,34599420,11/10/2025 15:25
GALAXIA,GXA,0.001930768,-8.21534381,0.04865793,4858539.586,3862.42115,2516376928,11/10/2025 15:25
AIHub,AIH,4.333198216,-1.33270228,-6.55278559,4853182.002,0,1120000,11/10/2025 15:25
HyperChainX,HPX,0.004851651,-6.04514357,-24.15927851,4851651.01,56181.82648,1000000000,11/10/2025 15:25
Komodo,KMD,0.035616546,-22.87315517,-29.12576421,4842207.525,131372.5113,135953876,11/10/2025 15:25
修仙,修仙,0.004834398,-3.36472121,17.71598071,4834397.912,2613233.998,1000000000,11/10/2025 15:25
IMPT,IMPT,0.003500044,-0.46320557,-5.64468764,4830131.068,737744.4677,1380019923,11/10/2025 15:25
Colony,CLY,0.042753744,1.19683618,10.27618957,4819748.643,106971.5831,112732784.5,11/10/2025 15:25
Validity,VAL,0.944539848,25.41683546,21.10846487,4818111.665,1530785.379,5101014.715,11/10/2025 15:25
Clore.ai,CLORE,0.007871159,-8.23078165,-7.07439844,4814888.01,1856807.193,611712684,11/10/2025 15:25
Hydranet,HDN,0.026203553,-0.57297242,-7.92929814,4806076.692,144169.6831,183413167.5,11/10/2025 15:25
Vameon,VON,1.92E-05,-0.3314779,-23.15852662,4794972.953,450672.8927,2.49406E+11,11/10/2025 15:25
ChainSwap,CSWAP,0.005184581,6.64343519,13.06686618,4792054.725,9969.605376,924289610,11/10/2025 15:25
Synternet,SYNT,0.007308542,5.02591417,-0.97470616,4790139.606,480839.2059,655416563,11/10/2025 15:25
LeisureMeta,LM,0.001443324,2.37217876,7.71905756,4789055.639,135495.6411,3318074832,11/10/2025 15:25
WHALE,WHALE,0.473565212,0,-7.73093857,4735652.124,0,10000000,11/10/2025 15:25
Gochujangcoin,GOCHU,4.21E-07,-13.58223314,-28.9689373,4710731.137,159360.2207,1.11782E+13,11/10/2025 15:25
BitForex Token,BF,0.001094565,0,0,4694671.331,0,4289073705,11/10/2025 15:25
Zenrock,ROCK,0.024595451,19.96198868,30.21555564,4688198.367,78088.82714,190612418,11/10/2025 15:25
Wall Street Pepe,WEPE,2.33E-05,1.12671924,3.29112852,4664517.417,372544.6811,2E+11,11/10/2025 15:25
Rizzmas,RIZZMAS,9.38E-06,-5.12534214,-14.99447447,4663377.551,641673.0249,4.97318E+11,11/10/2025 15:25
Shrapnel,SHRAP,0.002226592,2.19478894,10.76008486,4660757.102,165215.2959,2093224725,11/10/2025 15:25
GOUT,GOUT,3.07E-05,0.33231827,3.82586403,4656515.148,58441.77521,1.51514E+11,11/10/2025 15:25
Sensay,SNSY,0.000893886,8.26138427,5.10530947,4653414.21,361676.1069,5205827044,11/10/2025 15:25
Stride,STRD,0.052751259,-0.92179252,-3.23982921,4632917.733,7174.855843,87825728,11/10/2025 15:25
bitsCrunch,BCUT,0.007666291,-6.83229468,-6.12327217,4628747.892,427240.7749,603779275.9,11/10/2025 15:25
Roaring Kitty,ROAR,0.004627595,2.82863253,12.59245239,4627594.762,126624.776,1000000000,11/10/2025 15:25
Blum,Blum,0.026851677,-2.65237555,5.82805075,4624259.617,4421568.357,172214930,11/10/2025 15:25
Reef,REEF,0.000216553,0.12073137,4.06248672,4551006.322,1583957.615,21015694230,11/10/2025 15:25
Pandu Pandas,PANDU,4.72E-05,-10.92094492,-14.77166944,4547378.858,468068.0431,96371579867,11/10/2025 15:25
Strawberry AI,BERRY,0.045392604,31.54202149,29.42391858,4539260.356,6302.873351,100000000,11/10/2025 15:25
W Coin,WCO,0.000696501,13.60379702,20.10185351,4538420.481,184633.058,6516031311,11/10/2025 15:25
SIGMA,SIGMA,0.005040838,-2.33590493,-3.39315999,4535993.958,1171199.783,899849202.9,11/10/2025 15:25
Nasdaq tokenized ETF (xStock),QQQX,628.3070257,-1.29633163,-0.79892555,4523760.294,2044428.445,7199.919958,11/10/2025 15:25
Petro Penguins,PENGO,0.004501992,5.10560509,0.95338767,4501969.514,28122.675,999994907,11/10/2025 15:25
FreeStyle Classic,FST,0.053499261,-3.67450573,-8.34250305,4494098.953,170572.3139,84003010,11/10/2025 15:25
Portugal National Team Fan Token,POR,0.666748669,8.48489385,19.01978624,4487176.535,332022.0181,6729937,11/10/2025 15:25
SingularityDAO,SDAO,0.054141712,19.92755292,137.8401524,4479317.27,20656.46577,82733203.76,11/10/2025 15:25
Artyfact,ARTY,0.229797128,13.08145323,-10.99672035,4476500.214,2656022.946,19480227,11/10/2025 15:25
Pluton,PLU,0.278706489,3.5657747,-4.60291784,4473239.26,19412.59358,16050000.42,11/10/2025 15:25
PUP (pupxbnb.com),PUP,0.004437274,-10.86483937,-8.81672602,4437273.517,2085352.448,1000000000,11/10/2025 15:25
Saito,SAITO,0.002244593,-18.55983206,-31.13207493,4442704.834,59109.94728,1979292275,11/10/2025 15:25
HELLO Labs,HELLO,0.006063618,1.10127607,11.33355236,4436026.282,138147.4486,731580754,11/10/2025 15:25
SLERF (OLD),SLERF,0.008859743,-1.81940557,-18.18189201,4429851.607,210404.251,499997750,11/10/2025 15:25
Hoppy,HOPPY,1.05E-05,-3.07972752,-6.68824707,4423762.824,1268009.195,4.2069E+11,11/10/2025 15:25
PAW,PAW,4.66E-09,6.19474143,68.84374708,4415289.801,94653.02478,9.47959E+14,11/10/2025 15:25
Metahero,HERO,0.000861687,-0.45341453,0.25500767,4390847.491,29417.23335,5095643290,11/10/2025 15:25
Central African Republic Meme,CAR,0.004403009,-0.8203637,-2.40739903,4389636.279,304156.0352,996962846,11/10/2025 15:25
Midas The Minotaur,MIDAS,0.000493595,-1.7065258,-7.85546991,4387508.771,77964.80898,8888888888,11/10/2025 15:25
PussFi,PUSS,0.004989298,0.40283673,1.03503056,4384718.326,1176037.985,878824621,11/10/2025 15:25
Grok,GROK,0.000692495,1.68494211,8.03902728,4376003.441,1489329.68,6319181219,11/10/2025 15:25
Nexa,NEXA,7.46E-07,0.53191279,1.93582394,4370889.506,62213.32835,5.85962E+12,11/10/2025 15:25
Inflation Hedging Coin,IHC,3.64E-05,-1.3147401,20.20483938,4360187.277,0,1.19643E+11,11/10/2025 15:25
MWX Token,MWXT,0.13833511,11.61898733,-2.07765831,4351237.705,24574.84565,31454326.44,11/10/2025 15:25
Delabs Games,DELABS,0.005777719,-0.89470388,-4.36919367,4335022.93,111989.7328,750300000,11/10/2025 15:25
Cere Network,CERE,0.000623598,-0.11948683,-7.42109814,4327726.004,100059.6467,6939923952,11/10/2025 15:25
XL1,XL1,0.000752979,-0.73329418,-6.40638346,4321521.276,6014197.418,5739235943,11/10/2025 15:25
Bifrost,BNC,0.095318879,-0.51524195,-3.00617967,4300308.822,903147.2969,45114974.86,11/10/2025 15:25
Jesus Coin,JESUS,2.84E-08,1.70450594,-9.40475565,4298386.033,15215.03302,1.51426E+14,11/10/2025 15:25
Arsenal Fan Token,AFC,0.382175659,-0.98598387,-1.96276566,4287922.607,462831.3881,11219769,11/10/2025 15:25
fanC,FANC,0.002792699,0.27757383,-6.47452397,4283232.509,104831.9586,1533725349,11/10/2025 15:25
Shido Network,SHIDO,0.000224529,10.69890132,-1.43156596,4262756.857,140711.1839,18985287641,11/10/2025 15:25
iShares Russell 2000 Value Tokenized ETF (Ondo),IWNon,175.7854461,1.1804612,-1.94364214,4258662.418,174.5839479,24226.479,11/10/2025 15:25
BigONE Token,ONE,0.000495891,-0.41762423,4.64114127,4256814.93,0,8584171727,11/10/2025 15:25
QuadrantProtocol,EQUAD,0.004248714,1.29859332,-1.99564816,4248714.462,0,1000000000,11/10/2025 15:25
Tea-Fi,TEA,0.084884839,-16.24752114,-55.42144737,4245090.81,463884.2816,50010000,11/10/2025 15:25
Fireverse,FIR,0.030994626,-1.48662132,-35.48191029,4237275.285,3721954.185,136710000,11/10/2025 15:25
CatCoin,CAT,8.46E-11,2.88870984,2.83957307,4230561.137,2380702.877,5.00E+16,11/10/2025 15:25
OVR,OVR,0.082837495,-0.57726067,0.23261655,4224271.04,172711.044,50994673.69,11/10/2025 15:25
OpenChat,CHAT,0.140909534,-0.2527127,52.89957916,4219966.742,126016.7631,29948057,11/10/2025 15:25
OpenChat,CHAT,0.14084782,-0.16466891,52.83261427,4218118.538,126021.1722,29948057,11/10/2025 15:25
Robinhood tokenized stock (xStock),HOODX,135.2167255,2.01670614,-7.97216573,4191697.596,9880579.447,30999.84548,11/10/2025 15:25
WUFFI,WUF,5.07E-08,1.39798835,1.90985998,4189498.305,12500.94067,8.25563E+13,11/10/2025 15:25
Tea-Fi,TEA,0.083614446,-17.51521459,-56.12255354,4181558.455,463843.6807,50010000,11/10/2025 15:25
Wise Monkey,MONKY,4.92E-07,-0.94369883,0.17209808,4179652.363,214685.4281,8.5E+12,11/10/2025 15:25
QuantumCoin,Q,2.39E-07,0.7037799,0.1549485,4178611.634,17521.35074,1.74986E+13,11/10/2025 15:25
DogeBonk,DOBO,7.14E-09,-0.25694099,0.66194552,4159869.302,0,5.8296E+14,11/10/2025 15:25
PoP Planet,P,0.029636719,-10.27300923,-19.46801145,4149140.694,12718826.88,140000000,11/10/2025 15:25
Atlas Navi,NAVI,0.025541766,-4.5973416,10.13523946,4130274.228,253990.1848,161706684,11/10/2025 15:25
RETARDIO,RETARDIO,0.004227022,2.35672036,10.39777688,4124183.556,813546.1646,975671265,11/10/2025 15:25
Privasea AI,PRAI,0.015164977,6.7273469,7.78724793,4107230.971,3114188.302,270836602,11/10/2025 15:25
Muse,MUSE,8.049073237,-2.93974437,-4.2058282,4093388.391,44808.577,508554,11/10/2025 15:25
Minima,MINIMA,0.010124904,-4.35236945,-7.36979263,4076961.413,121680.6961,402666667,11/10/2025 15:25
Hoge Finance,HOGE,1.03E-05,-0.24631379,6.80655503,4070535.518,828.7338868,3.93402E+11,11/10/2025 15:25
Efinity Token,EFI,0.046687459,-0.02329721,-0.01208197,4057846.977,0,86915138.61,11/10/2025 15:25
Nestree,EGG,0.001354872,2.26838214,2.13435235,4057679.612,62445.64083,2994880474,11/10/2025 15:25
Creta World,CRETA,0.002765609,0.35430421,-2.45627594,4055233.353,116154.3087,1466307454,11/10/2025 15:25
XDAG,XDAG,0.003162557,-2.56959452,-16.15920768,4052512.388,332127.7737,1281403840,11/10/2025 15:25
NuNet,NTX,0.007989997,-3.21741613,24.64440299,4027635.174,112562.6298,504084665,11/10/2025 15:25
American Coin,USA,3.46E-07,1.37417394,-3.52835718,4004851.125,880650.8522,1.15626E+13,11/10/2025 15:25
GAMEE,GMEE,0.002265199,-0.28936677,-7.12613549,3996502.111,276398.0347,1764305151,11/10/2025 15:25
MIA,MIA,0.035114121,-1.06804243,-13.64399656,3976900.052,14849.0266,113256431,11/10/2025 15:25
Ledger AI,LEDGER,0.002068033,-7.34501561,-2.81041149,3969433.564,0,1919424537,11/10/2025 15:25
SatLayer,SLAY,0.008203154,-14.62715599,-13.86273888,3962123.156,7905622.964,483000000,11/10/2025 15:25
Celo Euro,CEUR,1.154060075,-0.25601713,-0.24544832,3934239.597,360098.7717,3409042.285,11/10/2025 15:25
Ethervista,VISTA,4.181991316,1.80584666,-3.16418375,3933811.347,338411.8008,940655.0731,11/10/2025 15:25
KaiChain,KAI,0.000821716,-7.32427771,-7.2626903,3923693.463,8643.581738,4775000000,11/10/2025 15:25
NVIDIA Tokenized Stock (Ondo),NVDAon,199.0043569,4.84491834,-4.0393091,3923134.49,8259729.794,19713.81206,11/10/2025 15:25
Housecoin,HOUSE,0.003921825,-3.74677442,2.56464597,3916369.967,4996863.734,998608952.8,11/10/2025 15:25
Autonomi,ANT,0.02865678,-0.55638808,-14.97602062,3915801.011,328384.0706,136644835,11/10/2025 15:25
Inter Milan Fan Token,INTER,0.370674688,-1.31665705,2.1724211,3913580.017,484723.8723,10557991,11/10/2025 15:25
Electric Vehicle Zone,EVZ,0.001438525,0.17122684,-3.06093582,3909006.658,131065.3458,2717372238,11/10/2025 15:25
VestChain,VEST,0.000982724,0,0,3877782.587,0,3945951381,11/10/2025 15:25
Quantoz EURQ,EURQ,1.153565271,-0.09267232,1.33706214,3864749.352,30131784.38,3350265,11/10/2025 15:25
Eli Lilly Tokenized Stock (Ondo),LLYon,965.2548495,6.41260122,7.86389132,3861344.276,112985.5845,4000.336573,11/10/2025 15:25
MILC Platform,MLT,0.030906118,-2.5196311,32.2025367,3845446.108,32289.33872,124423460.9,11/10/2025 15:25
Decentrawood,DEOD,0.007405524,-1.01654649,4.68060014,3843277.619,246520.1288,518974410.3,11/10/2025 15:25
Funtico,TICO,0.001796483,-2.5734293,-9.27190726,3843170.326,165042.7029,2139274888,11/10/2025 15:25
PornRocket,PORNROCKET,1.00E-08,-1.34270658,0.28595595,3842712.204,46.12757095,3.82435E+14,11/10/2025 15:25
Cryptocurrency Coin,CRYPTO,0.003836469,14.40489654,16.59071688,3836382.29,61002.12904,999977313.2,11/10/2025 15:25
Australian Digital Dollar,AUDD,0.652922557,0.41396026,-0.26100587,3832211.419,1238588.211,5869320,11/10/2025 15:25
Nya,NYA,1.08E-07,2.11911769,1.93942535,3814807.615,0,3.52342E+13,11/10/2025 15:25
GameGPT,DUEL,0.000453728,1.16894978,102.9155506,3807088.76,511309.4488,8390692732,11/10/2025 15:25
Taraxa,TARA,0.000653417,-9.7941245,-5.70503444,3806434.704,298921.5998,5825429937,11/10/2025 15:25
VNX Gold,VNXAU,130.7527904,1.88692865,1.76410205,3804906.202,51706.57411,29100,11/10/2025 15:25
Alvara Protocol,ALVA,0.048632111,-3.63795699,3.58108175,3800415.034,177627.2679,78146208.08,11/10/2025 15:25
Meta tokenized stock (xStock),METAX,632.4442541,-0.23784605,-1.05938955,3794609.669,6419984.023,5999.911684,11/10/2025 15:25
BakeryToken,BAKE,0.013058962,16.10318358,12.84241438,3784102.025,784005.9946,289770497.6,11/10/2025 15:25
AirSwap,AST,0.02164158,-0.68839664,-6.18858525,3776012.732,58036.62073,174479533.5,11/10/2025 15:25
Astroon,AST,0.006141124,-0.12785636,-2.50704929,3772322.149,786582.2161,614272222,11/10/2025 15:25
Bloktopia,BLOK,0.000152019,-16.93171269,38.01547271,3768872.18,321781.1118,24792088581,11/10/2025 15:25
MAGA (magamemecoin.com),TRUMP,0.085464133,2.62824027,-1.15548066,3760195.955,74634.73216,43997357,11/10/2025 15:25
ICB Network,ICBX,0.000194745,0.21696461,-11.79254639,3757095.022,223466.3125,19292413946,11/10/2025 15:25
LOBO•THE•WOLF•PUP (Bitcoin),LOBO,0.000214143,-5.67211307,3.62237227,3748413.839,287133.4404,17504255343,11/10/2025 15:25
TOWER,TOWER,0.000754411,-1.86482012,-3.38040707,3747960.414,474329.6554,4968062392,11/10/2025 15:25
Dynex,DNX,0.035524582,-11.70749445,4.45326288,3743221.316,194742.2223,105369890.5,11/10/2025 15:25
Guild of Guardians,GOG,0.004661043,1.29149283,-9.08950386,3729458.936,44579.78253,800133999.3,11/10/2025 15:25
Truth,TRUU,0.000304655,-7.04771198,-3.6986237,3701188.481,327449.3163,12148792291,11/10/2025 15:25
Boom,BOOM,0.015052424,-4.46703297,-28.08512008,3698671.142,2159465.159,245719311.5,11/10/2025 15:25
WLTH,WLTH,0.004122971,-0.78414673,-6.18174163,3685546.666,159238.9738,893905558.8,11/10/2025 15:25
Penpie,PNP,2.430067681,-1.56790073,1.30775522,3659487.546,16005.31948,1505920.01,11/10/2025 15:25
METAVERSE,METAV,0.00362332,3.31662084,0.05757631,3623320.156,306566.127,1000000000,11/10/2025 15:25
Dvision Network,DVI,0.003620679,-2.79244313,-41.42434552,3620679.405,454372.6411,1000000000,11/10/2025 15:25
Pandora,PANDORA,361.1142769,-1.351804,-1.48340421,3611142.769,212938.2592,10000,11/10/2025 15:25
Mysterium,MYST,0.179848668,1.59598402,13.19131694,3603021.312,96581.2217,20033628,11/10/2025 15:25
Hyperbot,BOT,0.021300234,1.00975852,2.42467774,3599739.699,910726.4581,169000010,11/10/2025 15:25
Quq,QUQ,0.003599244,-0.05175204,16.6303781,3599243.601,331609508.6,1000000000,11/10/2025 15:25
ValleyDAO,GROW,0.337297542,1.28145768,-1.44882162,3583887.577,0,10625300,11/10/2025 15:25
Samoyedcoin,SAMO,0.000979806,9.62857389,19.24126236,3583283.956,184635.0855,3657134467,11/10/2025 15:25
Slothana,SLOTH,0.002100431,0.43218104,7.38814674,3560478.809,166260.0124,1695118152,11/10/2025 15:25
币安Holder,BNBHOLDER,0.003535295,-6.46983231,10.21327522,3535294.589,1437636.119,1000000000,11/10/2025 15:25
Qubit,QBIT,0.003560032,-4.86501772,12.98288464,3533331.696,35893.30181,992500000,11/10/2025 15:25
Fluence,FLT,0.015521617,-0.03234484,5.15235036,3532586.744,168250.9924,227591412.9,11/10/2025 15:25
Alitas,ALT,0.017512042,1.26560523,3.94090988,3502408.339,8381.918421,200000000,11/10/2025 15:25
Dill,DL,0.002950642,0.11834065,-3.16163009,3496510.885,1591593.547,1185000000,11/10/2025 15:25
HI,HI,5.60E-05,-3.76963383,3.54522659,3478362.962,18515.58068,62070066956,11/10/2025 15:25
Anome,ANOME,0.115765576,-0.10707878,-3.29240908,3472967.284,1131283673,30000000,11/10/2025 15:25
Boop,BOOP,0.011382612,-0.44991303,-16.66907142,3466312.607,463663.5997,304526987.8,11/10/2025 15:25
Defactor,REAL,0.011600506,-3.49470132,-6.66067233,3461428.036,73444.0954,298385961.6,11/10/2025 15:25
SHIBA INU,SHIB,5.11E-09,-14.6595214,18.50778717,3446818.88,38378.39637,6.74075E+14,11/10/2025 15:25
Dexsport,DESU,0.017616018,-0.73492158,-2.55346363,3446252.659,3488.039962,195631763.2,11/10/2025 15:25
Space Nation Oikos,OIK,0.012720671,16.57524695,-33.02011749,3437824.839,1312050.612,270255000,11/10/2025 15:25
Coupon Assets,CA,0.355109714,3.70400372,1.78518542,3434358.369,549428.0021,9671260,11/10/2025 15:25
Hosico,HOSICO,0.003427541,4.5914482,5.77146191,3427535.585,989021.2793,999998320,11/10/2025 15:25
MiraclePlay,MPT,0.003193214,-23.98773644,-35.91848831,3414736.425,59951.34848,1069372868,11/10/2025 15:25
Dark Eclipse,DARK,0.003410607,-5.02415088,-9.36476291,3410463.066,5411520.181,999957849,11/10/2025 15:25
Foxsy AI,FOXSY,0.003801853,17.5626616,26.56315745,3408591.139,355654.8446,896560532,11/10/2025 15:25
Mochi (New),MOCHI,3.63E-06,-0.82385356,-14.17353703,3405941.506,68371.69353,9.3763E+11,11/10/2025 15:25
Giants Protocol,G,0.000117744,0.33665709,-6.68285085,3404416.54,210623.1282,28913816755,11/10/2025 15:25
CryptoAutos,AUTOS,0.004590512,-22.63576501,66.63396138,3399461.53,745420.3424,740540782,11/10/2025 15:25
Trias Token (New),TRIAS,0.677591845,-6.8093758,-9.75206218,3387959.224,71193.27027,5000000,11/10/2025 15:25
Alphabet Class A Tokenized Stock (Ondo),GOOGLon,290.2712365,3.67829082,2.21325974,3364375.469,375424.1199,11590.45419,11/10/2025 15:25
Worldwide USD,WUSD,0.999717689,-0.04426147,-0.00078637,3358423.59,967278.8371,3359371.978,11/10/2025 15:25
Renta Network,RENTA,0.00755714,-13.47740648,-15.95340117,3349475.163,84448.01278,443219952.8,11/10/2025 15:25
Azit,AZIT,0.008761644,0.28163156,3.63960083,3347006.354,321391.5309,382006641,11/10/2025 15:25
ZTX,ZTX,0.000794893,-0.03254171,-4.39152808,3342483.67,159055.3941,4204949769,11/10/2025 15:25
Djed,DJED,1.012563317,1.02269291,0.24832876,3334780.149,0,3293404.07,11/10/2025 15:25
Graphlinq Chain,GLQ,0.009737774,2.64631304,3.40241392,3310842.216,169098.5777,339999895,11/10/2025 15:25
Lockheed Tokenized Stock (Ondo),LMTon,461.7934576,0,-5.65341855,3304729.523,0,7156.29351,11/10/2025 15:25
Matchain,MAT,0.307927215,4.00704087,-13.82603131,3289001.58,1885703.589,10681100.66,11/10/2025 15:25
Footballcoin (XFC),XFC,0.008312196,-0.03908211,-0.64573926,3285544.953,40910.9502,395267968.9,11/10/2025 15:25
Electra Protocol,XEP,0.00017917,7.19110351,5.05903023,3278852.878,117040.961,18300274005,11/10/2025 15:25
TEMCO,TEMCO,0.000824269,2.58004682,-0.7009228,3275032.381,39492.25086,3973256413,11/10/2025 15:25
Aleph Zero,AZERO,0.012261234,-18.94246082,-6.53267445,3271039.182,328455.0738,266778951,11/10/2025 15:25
BRN Metaverse,BRN,0.116311868,3.73270798,12.47820725,3262489.83,184453.8018,28049500.65,11/10/2025 15:25
Turbos Finance,TURBOS,0.000492258,-0.01962146,-23.42838365,3258748.388,154159.4675,6620000000,11/10/2025 15:25
Step App,FITFI,0.000764921,0.80885433,8.233519,3254740.118,2137568.214,4255000000,11/10/2025 15:25
Fei USD,FEI,1.001140268,0.00480003,-0.09608492,3253140.345,12135.73533,3249435.118,11/10/2025 15:25
BitShares,BTS,0.001082116,1.54919512,7.66423983,3241002.501,71200.8963,2995060000,11/10/2025 15:25
WINR Protocol,WINR,0.004542051,-9.53802182,-6.35856956,3237408.212,85096.34151,712763582,11/10/2025 15:25
Stratos,STOS,0.083386997,-2.49722096,11.79420724,3235488.367,133554.5257,38800874,11/10/2025 15:25
Biswap,BSW,0.004722503,-1.20601201,-6.71475227,3219263.549,3642204.202,681685804,11/10/2025 15:25
LUCA,LUCA,0.527888706,-2.57967665,-1.87313932,3215169.022,155824.8129,6090619.07,11/10/2025 15:25
VNX Euro,VEUR,1.161350507,0.35870683,-0.11457048,3210068.904,124607.1467,2764082.751,11/10/2025 15:25
Starlink,STARL,3.21E-07,-0.88192397,-4.94959168,3206683.918,35791.91208,9.97917E+12,11/10/2025 15:25
TOKPIE,TKP,0.111341424,-1.61035483,-3.91869846,3197064.751,0,28714063.84,11/10/2025 15:25
Sidekick,K,0.021121207,-4.62992647,-5.78995842,3177333.148,10035020.8,150433310.9,11/10/2025 15:25
Hyperpigmentation,HYPER,0.003187596,0.60993253,-18.97542237,3176905.943,24296.42711,996646498.6,11/10/2025 15:25
Shido ETH,SHIDO,0.000177963,-6.3564256,-17.11297297,3171663.654,8099.697921,17822021620,11/10/2025 15:25
ArbDoge AI,AIDOGE,1.82E-11,13.92503468,-1.72572204,3167984.298,3528346.765,1.74E+17,11/10/2025 15:25
LinqAI,LNQ,0.010893963,25.3170457,20.98256964,3162518.327,610074.9262,290300078,11/10/2025 15:25
Streamflow,STREAM,0.023301147,-3.11473953,-9.18847478,3160519.824,123367.4237,135637949.1,11/10/2025 15:25
Velas,VLX,0.001139994,-2.55854504,-10.04731617,3151290.367,138.3807411,2764304288,11/10/2025 15:25
THORWallet,TITN,0.073833757,-0.50698739,35.99243458,3137934.688,2933779.024,42500000,11/10/2025 15:25
JoJoWorld,JOJO,0.028014074,-1.22493923,-3.49463482,3137576.283,686548.7224,112000000,11/10/2025 15:25
Attila,ATT,0.001127306,-0.05273425,-16.65117278,3133910.826,0,2780000000,11/10/2025 15:25
DAOBase,BEE,0.018362637,0.43572253,-8.96348036,3130486.709,29303.45907,170481330,11/10/2025 15:25
IBStoken,IBS,0.000776243,-0.28602564,-1.21985872,3124390.268,139555.9311,4025015200,11/10/2025 15:25
Cycle Network,CYC,0.020305412,2.18125484,-16.54317581,3120941.845,2038144.957,153700000,11/10/2025 15:25
Fleek,FLK,0.155656019,1.76190582,5.21063165,3113120.371,2235101.941,20000000,11/10/2025 15:25
Belong,LONG,0.043761942,-27.00632293,-72.74099669,3105639.154,76643367.01,70966666,11/10/2025 15:25
Klink Finance,KLINK,0.013398469,-23.65156979,-57.2999317,3103978.618,1981734.09,231666666,11/10/2025 15:25
Storm Trade,STORM,0.011985429,0.27634865,3.32514535,3094986.484,157628.3586,258229085,11/10/2025 15:25
Italian National Football Team Fan Token,ITA,0.286671302,-0.085035,26.62972455,3077341.317,201353.5107,10734738,11/10/2025 15:25
KiloEx,KILO,0.01452732,-0.47082488,-0.98950411,3075433.709,913672.7092,211700000,11/10/2025 15:25
Coca-Cola Tokenized Stock (Ondo),KOon,70.73418145,0.19952499,3.49279914,3071242.23,215.185446,43419.49206,11/10/2025 15:25
e-Radix,EXRD,0.002505591,0.13971534,0.05508039,3069931.925,9921.255644,1225232765,11/10/2025 15:25
apM Coin,APM,0.002016394,-0.27196538,12.63212488,3065725.518,39461.59344,1520400320,11/10/2025 15:25
Decentralized Euro,DEURO,1.142683877,-1.26553664,-0.63081425,3062888.788,7135.035092,2680434.063,11/10/2025 15:25
Energi,NRG,0.030932607,4.72155542,-8.54145703,3062323.034,138001.3046,98999837.7,11/10/2025 15:25
The Root Network,ROOT,0.000789351,-1.73543665,-2.41447163,3056879.638,1303191.412,3872651753,11/10/2025 15:25
RocketX exchange,RVF,0.03255066,-0.33030445,-24.28975585,3049713.9,8816.652207,93691309,11/10/2025 15:25
Aerobud,AEROBUD,0.003142977,3.84073237,-8.06430753,3048687.226,151801.3605,970000000,11/10/2025 15:25
Zypto,ZYPTO,0.003372917,1.3158022,0.09815499,3023678.22,66667.93796,896457994,11/10/2025 15:25
Eesee,ESE,0.005156503,20.24786359,16.57682071,3017109.708,334682.8135,585107663.3,11/10/2025 15:25
BOSagora,BOA,0.005263032,0.72024772,-0.01722915,3008606.357,216677.053,571648900.8,11/10/2025 15:25
LABUBU ETH,LABUBU,0.002999376,-0.17723291,7.56828673,2999375.704,8612088.805,1000000000,11/10/2025 15:25
Kinic,KINIC,1.044118547,-13.124818,19.446011,2995179.346,116167.9188,2868620,11/10/2025 15:25
TaleX,X,0.01988819,0.48207043,6.36692373,2983228.449,145928.0853,150000000,11/10/2025 15:25
Pfizer Tokenized Stock (Ondo),PFEon,24.9750698,-0.25265718,-0.19027323,2977860.023,30.26073614,119233.3013,11/10/2025 15:25
Hydra,HYDRA,0.101539755,0.61511744,1.84082945,2970808.433,107891.514,29257589.08,11/10/2025 15:25
The Game Company,GMRT,0.00989737,2.80370454,438.220946,2962552.137,23907.4184,299327212.2,11/10/2025 15:25
XRP Healthcare,XRPH,0.041784297,22.84871666,23.57159797,2954513.973,335695.7258,70708715.13,11/10/2025 15:25
Spectral,SPEC,0.209408981,-9.71234924,-1.07218609,2953650.232,2140880.513,14104697,11/10/2025 15:25
ZKWASM,ZKWASM,0.02879923,1.00553412,-17.82684129,2943921.256,1411089.722,102222222,11/10/2025 15:25
AIntivirus,AINTI,0.031775219,3.68429076,1.85586162,2927915.023,168292.5402,92144606,11/10/2025 15:25
Homebrew Robotics Club,BREW,0.003650345,1.03495061,-2.94950492,2918728.067,87010.03668,799576048.9,11/10/2025 15:25
Somnium Space Cubes,CUBE,0.232850987,2.74842762,6.07192942,2910637.344,2130.532373,12500000,11/10/2025 15:25
WhiteBridge Network,WBAI,0.015164353,-22.49023906,-6.5376048,2910511.684,2424415.677,191931146.2,11/10/2025 15:25
EverRise,RISE,4.55E-05,7.58523394,7.30553127,2907764.106,198.2292106,63879000000,11/10/2025 15:25
OpenxAI Network,OPENX,0.290473472,-9.45877807,-29.24272429,2905657.259,839542.8864,10003175.99,11/10/2025 15:25
BLOCKLORDS,LRDS,0.06984301,-2.04390062,-0.86143786,2882076.965,651014.7945,41265074,11/10/2025 15:25
Silencio,SLC,0.00016526,-5.45061059,-4.22493922,2880135.854,136683.183,17427933245,11/10/2025 15:25
zkLink,ZKL,0.007198251,2.56368847,4.55118633,2864703.758,1436831.591,397972222,11/10/2025 15:25
Alon,ALON,0.002868651,-1.10182459,-7.14701252,2862804.191,638825.4601,997961742,11/10/2025 15:25
Vertex Protocol,VRTX,0.005392756,82.02545388,-10.48392475,2849325.778,66.61866699,528361752.4,11/10/2025 15:25
Jerry The Turtle By Matt Furie,JYAI,4.12E-05,-0.05085692,9.14571152,2842924.554,4872539.4,69000000000,11/10/2025 15:25
iShares Russell 2000 Tokenized ETF (Ondo),IWMon,244.4395549,1.38967973,-0.7488219,2831617.52,299986.0215,11584.12157,11/10/2025 15:25
NuriTopia,NBLU,0.001290164,0.67982561,-7.27764175,2830539.558,64064.8446,2193937690,11/10/2025 15:25
AR.IO Network,ARIO,0.005708774,0.06971553,8.29753214,2829840.513,9425.48986,495700204,11/10/2025 15:25
Griffin AI,GAIN,0.006351392,24.91689863,10.3305402,2826373.961,4086678.109,445000746.8,11/10/2025 15:25
Apple Tokenized Stock (Ondo),AAPLon,269.5842852,0.51294601,0.33636767,2822015.215,2119635.779,10468.02566,11/10/2025 15:25
KLEVA Protocol,KLEVA,0.040727259,-1.64476488,-3.08199667,2806904.693,35244.25657,68919558.48,11/10/2025 15:25
Kima Network,KIMA,0.042768139,-4.45517349,-12.06595067,2803679.958,485633.8483,65555341.32,11/10/2025 15:25
Morpheus.Network,MNW,0.058513081,0.58651933,-11.48003515,2802613.809,2666.387915,47897218,11/10/2025 15:25
Spheron Network,SPON,0.013122656,-1.63079434,-3.33499013,2801741.831,311090.5246,213504166.6,11/10/2025 15:25
Pwease,PWEASE,0.002797008,-9.79089361,3.48269122,2796793.086,493061.1809,999923144.3,11/10/2025 15:25
The Official 67 Coin Onchain,67,0.002757577,0.16203662,0.16203662,2756694.548,434059.8414,999680000,11/10/2025 15:25
Rain Coin,RAIN,2.754283612,-0.75268353,-0.55497106,2754283.612,7937.264954,1000000,11/10/2025 15:25
ICHI,ICHI,0.293136308,-0.37291547,-0.98393677,2749449.107,445.4971642,9379421.891,11/10/2025 15:25
Russell,RUSSELL,0.002829505,-2.52220582,-10.30703936,2747402.237,164158.1242,970983463,11/10/2025 15:25
BIDZ Coin,BIDZ,0.003228864,3.14794496,-5.57875531,2744534.248,38436.46461,850000000,11/10/2025 15:25
Tottenham Hotspur Fan Token,SPURS,0.258873236,-0.18230963,3.04417219,2744008.932,152734.8577,10599817,11/10/2025 15:25
Blocery,BLY,0.002772725,2.09527083,16.04703235,2731134.201,85931.95509,984999995.6,11/10/2025 15:25
USD Coin (Wormhole),USDC(WormHole),1.002517482,0.10196257,-0.0227401,2721616.473,169572.3179,2714782.058,11/10/2025 15:25
donotfomoew,MOEW,0.000436933,-1.38496632,20.07593217,2708985.905,344643.7252,6199998994,11/10/2025 15:25
DeFi Kingdoms,JEWEL,0.023710032,1.64606579,6.03346155,2691976.777,0,113537457.1,11/10/2025 15:25
Sabai Protocol,SABAI,0.005010355,-0.53736278,-10.35404398,2685414.16,1323201.588,535972819,11/10/2025 15:25
OpenGPU,OGPU,0.136562337,-5.51170411,24.65793378,2681962.05,259205.5264,19639104.82,11/10/2025 15:25
Dejitaru Tsuka,TSUKA,0.002675717,-2.18652996,-17.64172205,2675717.038,64185.85665,1000000000,11/10/2025 15:25
Mode,MODE,0.001069725,22.44060244,57.55420736,2674311.875,3118715.192,2500000009,11/10/2025 15:25
Palantir tokenized stock (xStock),PLTRX,198.61,11.13535896,-6.2674029,2661374,29463.84335,13400,11/10/2025 15:25
BitcoinOS,BOS,0.005656371,16.66096791,6.22772246,2660756.761,10606536.56,470400000,11/10/2025 15:25
Bitcoin 2,BTC2,0.144473873,0.1856013,-4.4907893,2656577.968,10669.48841,18387947.4,11/10/2025 15:25
Kin,KIN,9.63E-07,-2.55133467,7.97751539,2655720.518,76087.4227,2.75786E+12,11/10/2025 15:25
iShares Core S&P MidCap Tokenized ETF (Ondo),IJHon,65.63036859,0.9700131,1.00913259,2654737.512,301.616114,40449.83395,11/10/2025 15:25
Katana Inu,KATA,7.11E-05,-8.80580947,-15.92789203,2653764.713,114500.6871,37298973925,11/10/2025 15:25
Aki Network,AKI,0.00132565,5.56766297,-4.16596749,2651299.189,114940.2285,2000000000,11/10/2025 15:25
Shina Inu,SHI,2.17E-07,1.12673266,-7.52421014,2648834.259,210349.2499,1.22154E+13,11/10/2025 15:25
Analog,ANLOG,0.001425343,-3.10726075,15.48310818,2646989.207,466117.5436,1857089402,11/10/2025 15:25
RENEC,RENEC,0.07364882,-0.00893063,0.15756374,2643624.755,0,35895005,11/10/2025 15:25
Project WITH,WIKEN,0.002507123,1.01067454,-0.92396193,2640060.748,24972.71222,1053023953,11/10/2025 15:25
KoKoK The Roach,KOKOK,0.013178509,-5.36548235,-8.77310784,2635654.843,324208.2011,199996434.8,11/10/2025 15:25
DFI.Money,YFII,68.18005438,0.15209198,5.31401366,2631477.379,125509.5536,38596,11/10/2025 15:25
McDonald's Tokenized Stock (Ondo),MCDon,300.4336922,-0.35445639,1.085715,2626640.386,1154610.11,8742.828964,11/10/2025 15:25
Procter & Gamble Tokenized Stock (Ondo),PGon,146.9517378,-1.01386847,-1.69396125,2618645.549,1115.250753,17819.76578,11/10/2025 15:25
Blocksquare Token,BST,0.042465107,-0.6687897,-4.46868312,2610513.758,129252.9968,61474323.88,11/10/2025 15:25
CumRocket,CUMMIES,0.001975529,-3.21688033,-3.84435727,2608543.857,128332.7847,1320428309,11/10/2025 15:25
Zero1 Labs,DEAI,0.028493244,-0.21075373,5.60045433,2599189.156,795672.9449,91221244,11/10/2025 15:25
Primecoin,XPM,0.046470818,23.34278497,21.36840381,2593949.021,11233.54425,55818880.16,11/10/2025 15:25
Router Protocol (New),ROUTE,0.003952586,-0.27746939,7.81773479,2564197.352,480841.2503,648739153.3,11/10/2025 15:25
Pepe 2.0 (pepe20.vip),PEPE2.0,5.46E-09,0.2972461,-3.35960344,2560127.757,74636.77878,4.69E+14,11/10/2025 15:25
Brett (ETH),BRETT,0.036793587,-0.02785549,-5.44704808,2554210.81,80115.82133,69420000,11/10/2025 15:25
DecideAI,DCD,0.005191751,-4.97639714,65.8351179,2537091.818,79925.77074,488677471,11/10/2025 15:25
Hege,HEGE,0.002530678,0.78441874,4.68573507,2530304.748,428962.2942,999852396.9,11/10/2025 15:25
Handshake,HNS,0.003732669,0.5477899,13.97812937,2529743.338,7663.530919,677730457.3,11/10/2025 15:25
ShibaDoge,SHIBDOGE,2.02E-17,-0.9870474,-11.21925666,2515567.008,1754.66192,1.25E+23,11/10/2025 15:25
LETSTOP,STOP,0.038164041,17.03457863,-0.73777215,2510360.781,415695.506,65778170.81,11/10/2025 15:25
Microsoft Tokenized Stock (Ondo),MSFTon,505.8455583,1.61770396,-2.14137025,2495558.448,240957.0751,4933.439479,11/10/2025 15:25
JPMorgan Chase Tokenized Stock (Ondo),JPMon,318.2426753,0.91869258,2.50405624,2481366.531,195.4739596,7797.089214,11/10/2025 15:25
GOMBLE,GM,0.008966912,21.5336655,-13.30221623,2475106.651,285941.0808,276026637.8,11/10/2025 15:25
Mumu the Bull (SOL),MUMU,1.07E-06,1.25695165,2.12848671,2445019.539,404169.5139,2.2832E+12,11/10/2025 15:25
SigmaDotMoney,SIGMA,0.01682675,-0.815962,-7.02648534,2439878.798,909402.0342,145000000,11/10/2025 15:25
Harold,HAROLD,0.003096343,-3.42019651,7.25655689,2436838.668,49749.02966,787005431,11/10/2025 15:25
Vai,VAI,1.000001909,-0.03164796,0.07464742,2435703.713,1811.212957,2435699.064,11/10/2025 15:25
Radiant,RXD,0.000172018,-0.03117367,1.78591548,2434253.51,112493.0334,14151195940,11/10/2025 15:25
HODL,HODL,0.000270602,-2.69784328,-10.91805412,2423082.024,75921.0758,8954406772,11/10/2025 15:25
GemHUB,GHUB,0.019982053,-0.1211117,2.20480936,2418194.515,203888.4832,121018321,11/10/2025 15:25
Dolan Duck,DOLAN,0.024604624,5.42542174,-2.18944286,2417040.745,94027.91262,98235225,11/10/2025 15:25
Rai Reflex Index,RAI,4.008437757,1.40747183,-0.64167899,2409808.135,10285.81255,601183.8729,11/10/2025 15:25
catwifmask,MASK,0.002408232,-5.01422696,-2.045312,2407682.665,628648.208,999771729,11/10/2025 15:25
Verse,VERSE,5.60E-05,-3.07094449,-3.36249308,2395192.853,4753.854233,42789116191,11/10/2025 15:25
LogX Network,LOGX,0.004650968,0.41076821,-12.90036629,2388551.242,70733.09704,513560000,11/10/2025 15:25
Tune.FM,JAM,8.03E-05,9.94774528,4.35838036,2385290.883,19861.99163,29709130676,11/10/2025 15:25
Koinos,KOIN,0.028579852,4.29575504,9.78325548,2379482.4,7962.891421,83257338,11/10/2025 15:25
John Tsubasa Rivals,JOHN,0.013240268,1.73705829,4.76484581,2370008.02,65657.03387,179000000,11/10/2025 15:25
IBM Tokenized Stock (Ondo),IBMon,311.9654678,0.84074296,1.87907515,2360304.343,5154.935166,7565.91542,11/10/2025 15:25
Matrix AI Network,MAN,0.005024748,4.87370989,12.44701048,2355752.113,130792.5762,468829945.8,11/10/2025 15:25
Prosper,PROS,0.045658718,19.89957944,-7.95997775,2346621.364,148315.8899,51394815,11/10/2025 15:25
HyperCycle,HYPC,0.015094551,6.65369985,7.2502195,2341508.17,0,155122742,11/10/2025 15:25
Dingocoin,DINGO,2.03E-05,-0.26145314,-19.81116457,2340228.701,173710.3745,1.15123E+11,11/10/2025 15:25
Chirp,CHIRP,0.031886619,-1.15700293,-7.74769075,2330149.322,300774.0242,73076086,11/10/2025 15:25
Stool Prisondente,JAILSTOOL,0.002324082,-0.71331385,0.3260595,2323366.664,284140.4476,999692281.2,11/10/2025 15:25
Xeleb Protocol,XCX,0.021431788,6.51873885,9.53438075,2321062.664,1661546.613,108300000,11/10/2025 15:25
Obyte,GBYTE,2.54097276,-5.36490595,7.99310849,2312911.373,6242.326858,910246.4258,11/10/2025 15:25
Eternal AI,EAI,0.010080243,1.63220784,6.68839339,2307182.258,32155.83098,228881604,11/10/2025 15:25
SunContract,SNC,0.02999223,1.13677176,-1.43276625,2305663.904,673048.8626,76875374.14,11/10/2025 15:25
0xGasless,0XGAS,0.240021606,5.03364987,19.53520512,2287078.274,0,9528635,11/10/2025 15:25
Robonomics.network,XRT,1.33993005,-4.73555024,7.7753957,2284076.542,18515.66842,1704623.717,11/10/2025 15:25
Meter Governance,MTRG,0.070689527,0.17378798,-16.43769147,2281597.079,67883.9248,32276310,11/10/2025 15:25
Vesper,VSP,0.242097811,-0.73729122,-2.08980198,2279683.876,0,9416375.412,11/10/2025 15:25
Decubate,DCB,0.005993506,0.48736974,-7.1345724,2277702.935,193814.2659,380028488,11/10/2025 15:25
Ctomorrow Platform,CTP,0.001393806,2.13398374,5.61393128,2272758.883,185168.8974,1630612955,11/10/2025 15:25
EQTY,EQTY,0.007788356,36.15668497,158.4591605,2266759.7,358233.5617,291044699,11/10/2025 15:25
Byte,BYTE,2.35E-06,-1.02578906,-13.32277895,2263945.782,62957.37741,9.64467E+11,11/10/2025 15:25
Serum,SRM,0.008576662,-0.16890975,6.92910597,2257760.516,86477.47269,263244669,11/10/2025 15:25
DeHub,DHB,0.000551959,-0.44194868,26.68504388,2249670.962,0,4075792623,11/10/2025 15:25
SolCex,SOLCEX,0.002880198,2.51337583,0.87489019,2246554.726,12911.27206,780000000,11/10/2025 15:25
LIBRA,LIBRA,0.008747349,-12.54505211,-11.50412901,2243001.787,508.3713697,256420761,11/10/2025 15:25
Priceless,PRICELESS,0.002241924,-41.14739556,249.6796315,2241924.154,2389603.626,1000000000,11/10/2025 15:25
Custodiy,CTY,4.49462702,0,218.7982975,2231771.09,0,496542,11/10/2025 15:25
Luckycoin,LKY,0.184695898,1.85947195,-2.69178466,2229439.81,73767.78321,12070868,11/10/2025 15:25
League of Traders,LOT,0.012668606,-2.39178402,-6.2975879,2227563.191,657079.9874,175833335,11/10/2025 15:25
Farcana,FAR,0.000549363,-1.26056149,-10.72309903,2214653.752,108272.3772,4031310000,11/10/2025 15:25
AVINOC,AVINOC,0.00568406,0,-5.77299331,2212488.877,0,389244472.2,11/10/2025 15:25
Polytrade,TRADE,0.053403136,3.52490803,-2.23972578,2204955.396,363852.6056,41288875,11/10/2025 15:25
Akita Inu,AKITA,3.24E-08,-1.97192793,-1.57715634,2203991.185,154693.6305,6.80715E+13,11/10/2025 15:25
PepsiCo Tokenized Stock (Ondo),PEPon,143.5868989,0.32297113,-0.43336301,2203220.656,112551.4249,15344.16213,11/10/2025 15:25
SPACEM WORLD,SPCM,0.000247505,6.00902469,-5.59017711,2202792.62,223346.5433,8899991869,11/10/2025 15:25
ROVR Network,ROVR,0.010197682,8.24972292,10.42509112,2195487.921,149400.7787,215292848,11/10/2025 15:25
Sugar Daddy Season,SUGAR,0.002192442,1.13306242,3.62621578,2192437.08,0,999997858.4,11/10/2025 15:25
Karura,KAR,0.018749212,-3.14243803,6.87534686,2187407.962,73851.04492,116666660,11/10/2025 15:25
Shyft Network,SHFT,0.000936104,3.91029586,8.34553111,2185861.945,10380.50852,2335062791,11/10/2025 15:25
Cocoro (officialcocoro.com),COCORO,0.002741568,1.64832251,-0.11624288,2185715.246,170404.7991,797250000,11/10/2025 15:25
OPEN tokenized stock (xStock),OPENX,8.37,30.78125,12.04819277,2184569.974,96561.21745,260999.9969,11/10/2025 15:25
DOPU The Dog with A Purpose,DOPU,0.002727016,4.34327129,12.63589832,2182094.75,823761.3495,800176861,11/10/2025 15:25
Troll (troll.run),TROLL,2.27E-09,0.06430516,0.93441772,2177505.657,260952.905,9.6042E+14,11/10/2025 15:25
DexCheck AI,DCK,0.003207906,0.92610264,-2.4816105,2175651.793,925310.2861,678215649,11/10/2025 15:25
Circle Internet Group Tokenized Stock (Ondo),CRCLon,104.6829113,0.10218881,-11.68139379,2170598.175,922212.215,20734.98098,11/10/2025 15:25
GensoKishi Metaverse,MV,0.005157128,0.98255979,-7.85943858,2146859.889,363957.5895,416289784.5,11/10/2025 15:25
BOB (ETH),BOB,3.11E-06,-5.28383984,-9.2329761,2144915.555,260685.3629,6.89128E+11,11/10/2025 15:25
4EVERLAND,4EVER,0.001181644,5.11132279,-15.14003607,2144192.266,85390.28903,1814583334,11/10/2025 15:25
Permission Coin,ASK,0.000132545,0.00988748,-1.9494813,2142807.614,8916.242309,16166619298,11/10/2025 15:25
BASE,BASE,2.30E-06,-5.09041453,-9.76266888,2138674.421,5300.672465,9.29459E+11,11/10/2025 15:25
yesnoerror,YNE,0.002127201,3.44943972,11.39864715,2127197.239,508926.085,999998467,11/10/2025 15:25
DMAIL Network,DMAIL,0.017184574,-5.07619818,-14.14334223,2112081.013,3509914.105,122905634.1,11/10/2025 15:25
Cypherium,CPH,0.005503112,-0.91257494,0.1263634,2107423.318,56668.05985,382951230,11/10/2025 15:25
Hypr,HYPR,0.003004671,12.56056774,42.55970029,2103269.923,61511.02776,700000000,11/10/2025 15:25
StrikeBit AI,STRIKE,0.010016458,-0.69462398,-37.03964197,2102454.596,425404.9228,209900000,11/10/2025 15:25
Cream Finance,CREAM,1.130100688,-0.08102277,-0.25858749,2097081.513,48117.91064,1855659,11/10/2025 15:25
Singularity Finance,SFI,0.013422673,0.48699736,-0.14459595,2087232.295,189682.9486,155500500,11/10/2025 15:25
Hive AI,BUZZ,0.002083419,-2.72056629,-6.02711695,2083142.573,1278313.065,999867160,11/10/2025 15:25
Toyota Tokenized Stock (Ondo),TMon,203.105126,1.65770849,-0.68480441,2077354.662,31.19983489,10227.97751,11/10/2025 15:25
Trabzonspor Fan Token,TRA,0.281354394,-0.06602517,-1.82726578,2076132.358,455190.1814,7379065,11/10/2025 15:25
GPUnet,GPU,0.204072689,0.04425736,-0.20523296,2075253.34,0,10169187,11/10/2025 15:25
Landshare,LAND,0.387185536,-2.97315648,-9.53474812,2068482.945,168477.6061,5342355.93,11/10/2025 15:25
LATOKEN,LA,0.005438711,-0.01379028,-0.0097539,2067283.67,68.32316654,380105462,11/10/2025 15:25
Super Champs,CHAMP,0.002249602,-0.91188628,-9.63730107,2054920.422,369729.2753,913459485,11/10/2025 15:25
GMCoin,GMCOIN,0.049839728,-0.13609675,-2.89656328,2052573.513,9819.313463,41183481.15,11/10/2025 15:25
Micron Technology Tokenized Stock (Ondo),MUon,252.691502,6.2368052,7.74623459,2048354.299,140138.2796,8106.146359,11/10/2025 15:25
Populous,PPT,0.038440241,19.13931996,19.15764496,2047029.196,0,53252245.99,11/10/2025 15:25
Novo Nordisk Tokenized Stock (Ondo),NVOon,45.94379737,0.12132895,-7.03236757,2037852.565,134.8233189,44355.33591,11/10/2025 15:25
Young Peezy AKA Pepe,PEEZY,0.002018483,-2.12158693,-5.46737548,2018483.438,3.26076403,1000000000,11/10/2025 15:25
Xavier: Renegade Angel,XAVIER,0.002018488,7.57996922,25.98858973,2018240.662,23315.4659,999877581.1,11/10/2025 15:25
Intel tokenized stock (xStock),INTCX,38.05,-3.13136456,-4.5887663,2016650,6115.890726,53000,11/10/2025 15:25
UniBot,UNIBOT,2.014102692,-2.6789649,-2.55082691,2014102.692,74576.18862,1000000,11/10/2025 15:25
Warped Games,WARPED,0.000348212,-2.79153529,-4.02893499,2010283.017,0,5773161331,11/10/2025 15:25
ShareToken,SHR,0.000554766,-14.1310931,-15.59415841,2005166.332,104573.9987,3614438089,11/10/2025 15:25
Walmart Tokenized Stock (Ondo),WMTon,101.6938263,0,0.28948056,2002158.085,0,19688.09865,11/10/2025 15:25
Thala,THL,0.040836925,-0.40154987,11.85822735,2001637.409,145433.1303,49015380,11/10/2025 15:25
Waves Enterprise,WEST,0.008866028,1.27430083,41.75398225,1994856.324,10671.90207,225000000,11/10/2025 15:25
Agent Virtual Machine,AVM,0.036974836,-4.72957362,-16.06103393,1994255.816,336559.0406,53935488.15,11/10/2025 15:25
ZyFAI,ZFI,0.025439611,-2.43394512,-2.77694212,1993932.657,63583.15625,78379054,11/10/2025 15:25
KLAYswap Protocol,KSP,0.024916506,-4.70282226,-39.95376346,1984850.326,7522.32879,79660058.51,11/10/2025 15:25
just buy $1 worth of this coin,$1 ,0.001983338,5.33247567,14.62653958,1982851.656,805146.3976,999755024.4,11/10/2025 15:25
Phantasma,SOUL,0.015934013,10.36425758,-8.49268442,1977876.31,283480.9087,124129197.7,11/10/2025 15:25
CatSlap,SLAP,0.000452088,0.65717065,-0.22992294,1976062.999,0,4370972477,11/10/2025 15:25
EVDC Network,EVDC,3.12E-05,-0.55665223,-0.84312424,1971982.182,549584.7496,63230072625,11/10/2025 15:25
Banano,BAN,0.001227167,11.92774027,10.79654354,1970710.603,6442.421912,1605902929,11/10/2025 15:25
QORPO WORLD,QORPO,0.005001632,-3.52489839,-14.22600661,1969472.63,558046.3788,393766031,11/10/2025 15:25
SubQuery Network,SQT,0.000587574,1.09293956,-9.69098523,1967900.968,127861.4761,3349198328,11/10/2025 15:25
Minati Coin,MNTC,0.311748026,1.07916925,-1.92523883,1956218.862,61410.21603,6275000,11/10/2025 15:25
AMD Tokenized Stock (Ondo),AMDon,243.6023903,-7.61970345,-6.44370705,1954150.851,84716.25246,8021.887015,11/10/2025 15:25
Bombie,BOMB,0.000216704,-0.19659503,-1.26904884,1950339.195,364959.0958,9000000000,11/10/2025 15:25
BaaSid,BAAS,0.000194609,-2.01349055,-17.9406618,1946090.343,125152.3404,10000000000,11/10/2025 15:25
Crypterium,CRPT,0.02051697,0.09457083,0.09457083,1942098.579,0.02051697,94658156.86,11/10/2025 15:25
Nodepay,NC,0.010940183,3.63412077,18.85231826,1941581.022,2386116.164,177472445,11/10/2025 15:25
RWA Inc.,RWAINC,0.003947537,-2.85312198,-19.86511786,1940472.857,170287.3514,491565499.5,11/10/2025 15:25
Æternity,AE,0.005000926,-3.97265588,7.79404841,1925891.154,10984.28226,385106897.5,11/10/2025 15:25
TQQQ tokenized ETF (xStock),TQQQX,110.8050999,3.32862978,-6.44169127,1922464.225,156390.8945,17349.96156,11/10/2025 15:25
META FINANCIAL AI,MEFAI,0.003311554,11.16909499,-1.82048498,1920989.855,423795.4298,580087144.3,11/10/2025 15:25
Fragmetric,FRAG,0.010655729,-0.02550705,-10.61262677,1911638.631,4064824.941,179400085.7,11/10/2025 15:25
Intel Tokenized Stock (Ondo),INTCon,37.84101403,-10.82321947,-3.7554457,1907907.741,209187.4205,50419.04373,11/10/2025 15:25
Amazon Tokenized Stock (Ondo),AMZNon,248.0199697,1.96588791,-2.31000721,1905617.457,292862.3784,7683.322674,11/10/2025 15:25
Azuro Protocol,AZUR,0.009470977,3.28468405,34.93967719,1901235.279,148873.0643,200743303.5,11/10/2025 15:25
Bitcoin.ℏ,BTC.ℏ,0.690434485,7.58262691,1.27782558,1899137.403,14320.32916,2750641,11/10/2025 15:25
GAIMIN,GMRX,4.09E-05,1.19627828,-9.59819685,1898216.716,31822.78128,46432451474,11/10/2025 15:25
R0AR,1R0R,0.004586511,-3.96993926,-13.53849112,1897816.627,36204.41772,413782197,11/10/2025 15:25
Doge Eat Doge,OMNOM,6.11E-09,4.91694595,11.59054111,1892841.513,62430.40972,3.1E+14,11/10/2025 15:25
E Money,EMYC,0.012755421,-3.03093814,-3.8292789,1889762.306,352673.1643,148153655,11/10/2025 15:25
LIQUIDIUM•TOKEN,LIQ,0.08638086,-0.95065197,-12.77506513,1885457.569,67089.28284,21827261,11/10/2025 15:25
Chevron Tokenized Stock (Ondo),CVXon,155.6197725,0.19503452,0.95317811,1883606.379,162.9747656,12103.90138,11/10/2025 15:25
Gracy,GRACY,0.010123205,-1.33862355,-3.87862547,1880807.661,50718.99107,185791725,11/10/2025 15:25
Reploy,RAI,0.187967987,14.09745821,17.28336974,1879679.873,964057.0098,10000000,11/10/2025 15:25
Meta Platforms Tokenized Stock (Ondo),METAon,632.2729174,1.60766311,-1.10916133,1872243.372,653451.9685,2961.131689,11/10/2025 15:25
Frodo the virtual samurai,FROG,0.00037359,1.43173202,0.42589089,1867950.493,26351.2901,5000000000,11/10/2025 15:25
Acolyt,ACOLYT,0.001906618,-5.60005476,-45.89271109,1866313.137,31787.84755,978860597.5,11/10/2025 15:25
Levana Protocol,LVN,0.002351302,2.16881014,-6.14235784,1861679.828,0,791765393.7,11/10/2025 15:25
Retard Finder Coin,RFC,0.001934926,-1.76018375,8.9778393,1860528.149,793561.8036,961550031,11/10/2025 15:25
KIRA,KEX,0.009044244,0.03602325,12.97567381,1859189.644,18.70479672,205566065.6,11/10/2025 15:25
Orbit Chain,ORC,0.002710167,-4.37962144,2.47277011,1856725.796,694.082539,685096426,11/10/2025 15:25
Gold tokenized ETF (xStock),GLDX,378.0532214,2.50706423,2.96255777,1852453.103,588332.8364,4899.979681,11/10/2025 15:25
"Blackrock, Inc. Tokenized Stock (Ondo)",BLKon,1086.457252,-0.00761146,1.38614377,1849451.719,40.6236063,1702.277485,11/10/2025 15:25
Gorilla,GORILLA,0.001847978,3.009014,20.22447603,1847977.512,726472.4094,1000000000,11/10/2025 15:25
Solanium,SLIM,0.018466404,-2.25840742,-14.24183942,1846640.379,88200.41522,100000000,11/10/2025 15:25
WorldShards,SHARDS,0.005469867,2.31066868,-9.8909571,1845360.674,2641008.361,337368497.4,11/10/2025 15:25
Amazon tokenized stock (xStock),AMZNX,248.5496662,1.51634199,-2.06741766,1840520.828,5896037.431,7405.042446,11/10/2025 15:25
Chickencoin,CHKN,2.84E-08,-0.38378086,-10.13785957,1824063.642,78827.71345,6.4239E+13,11/10/2025 15:25
LABEL AI,LBL,0.00067467,1.49994075,-32.15984326,1820199.768,822641.2985,2697909680,11/10/2025 15:25
DeepBrain Chain,DBC,0.000334852,-1.49972394,-10.57297319,1817892.969,20414.23536,5428952299,11/10/2025 15:25
Shoggoth (shoggoth.monster),SHOGGOTH,0.001811928,8.80043254,23.0551597,1811928.333,526981.9828,1000000000,11/10/2025 15:25
Shrub,SHRUB,0.001921059,-1.66176307,56.55828434,1809986.742,217729.9188,942181551,11/10/2025 15:25
Smoking Chicken Fish,SCF,0.001809839,4.36820879,-7.66259725,1809677.128,299074.055,999910648.1,11/10/2025 15:25
Chihuahua,HUAHUA,1.93E-05,-1.89380006,57.08070421,1809136.329,298273.4788,93550000000,11/10/2025 15:25
Medieval Empires,MEE,0.003230981,-0.48865259,22.64739708,1807447.47,297625.9044,559411443,11/10/2025 15:25
Vexanium,VEX,0.002455613,-0.02212062,-0.13861446,1801541.334,0,733642279,11/10/2025 15:25
Shiden Network,SDN,0.026468693,-2.34120028,-5.10072904,1798263.721,15782.58522,67939271.16,11/10/2025 15:25
Cisco Systems Tokenized Stock (Ondo),CSCOon,72.45175168,0.79754363,-3.0767839,1796042.113,413228.4808,24789.49192,11/10/2025 15:25
Rivalz Network,RIZ,0.00155912,29.50844694,32.93377165,1794481.852,335816.7053,1150957788,11/10/2025 15:25
Optimus AI,OPTI,0.018863736,-1.72395882,17.94417643,1792713.957,65182.93643,95034939,11/10/2025 15:25
HahaYes,RIZO,4.24E-06,-1.9762103,8.70693919,1784824.693,128427.8054,4.20641E+11,11/10/2025 15:25
Blockasset,BLOCK,0.005708026,6.17275768,-20.57002824,1782253.461,24338.12377,312236396,11/10/2025 15:25
BNB Card,BNB CARD,0.001778551,7.70848479,10.70896483,1778550.988,437614.0489,1000000000,11/10/2025 15:25
TRVL (Dtravel),TRVL,0.004265222,-4.28863686,-23.72821029,1777098.916,580495.4502,416648589.4,11/10/2025 15:25
Fuse,FUSE,0.008073973,2.90823494,26.99775426,1775322.759,324628.222,219882167.5,11/10/2025 15:25
IMGN Labs,IMGN,0.002078828,-0.85118157,-2.68329505,1768088.463,65207.17589,850521771,11/10/2025 15:25
Boop,BOOP,1.77E-05,-2.31242971,12.31246625,1766771.587,16520.94718,99597706590,11/10/2025 15:25
mStable Governance Token: Meta (MTA),MTA,0.031634166,-1.36103466,6.51859523,1754691.208,11.43383654,55468230.65,11/10/2025 15:25
catwifhat,CWIF,5.85E-08,-2.21103392,-4.50714236,1754040.608,16173.08739,2.99756E+13,11/10/2025 15:25
OciCat,OCICAT,5.49E-09,-10.51829806,52.08638607,1746078.795,7895.501176,3.18294E+14,11/10/2025 15:25
Exactly Protocol,EXA,0.419698783,3.67283679,4.03383166,1738649.921,3300.05491,4142613.685,11/10/2025 15:25
LABUBU SOL,LABUBU,0.001738446,-3.55226422,-7.36638342,1734518.728,7198711.393,997740721.4,11/10/2025 15:25
Signum,SIGNA,0.000811126,-0.27269428,-6.20614304,1727610.869,4052.655923,2129891582,11/10/2025 15:25
Non-Playable Coin Solana,NPCS,0.00177928,0.9746069,-3.2513847,1725394.427,90568.58771,969714773,11/10/2025 15:25
Solcasino Token,SCS,0.001403946,1.05262178,-1.93434098,1722564.343,556.3110759,1226945031,11/10/2025 15:25
ARC,ARC,0.001866835,2.89973212,3.54213108,1722377.746,67014.30357,922619289.7,11/10/2025 15:25
zkRace,ZERC,0.01433493,-8.48102502,-7.94602496,1720191.591,94295.82162,120000000,11/10/2025 15:25
Multibit,MUBI,0.001809199,0.81915498,-0.5978598,1718739.396,445296.0632,950000000,11/10/2025 15:25
RCADE,RCADE,0.000206546,-9.7417161,-10.7637842,1714281.927,1441688.366,8299741140,11/10/2025 15:25
Swash,SWASH,0.001724573,-0.15107536,-4.71334608,1715881.242,8861.906968,994960022.4,11/10/2025 15:25
aixCB by Virtuals,AIXCB,0.001726345,-1.57409049,-5.32738665,1715135.516,5148.043847,993506898,11/10/2025 15:25
Crypto Asset Governance Alliance,CAGA,2.78E-05,0.78008886,0.81127962,1710313.013,11006.58531,61492072802,11/10/2025 15:25
Plugin Decentralized Oracle,PLI,0.011275361,-1.36220597,2.77076242,1706702.45,122513.2085,151365659,11/10/2025 15:25
Presearch,PRE,0.004283175,4.57937613,12.52682934,1698614.973,3947.426852,396578435,11/10/2025 15:25
RingDAO,RING,0.001000419,-0.29295918,-0.5692801,1697612.308,11268.20899,1696901697,11/10/2025 15:25
GameZone,GZONE,0.002017785,-1.96920106,-11.04870614,1695176.384,9454.961982,840117284.9,11/10/2025 15:25
FACTOR,FACT,1.521346085,9.18353642,9.01919542,1692785.014,10580.72168,1112688.973,11/10/2025 15:25
Multi Asset Investment Vehicle,MAIV,0.001134094,2.3121877,11.04491998,1690974.93,4269.788052,1491036269,11/10/2025 15:25
OFFICIAL K-POP,KPOP,0.000258846,0.44573834,-8.16294749,1678409.356,183317.1503,6484200010,11/10/2025 15:25
Netflix tokenized stock (xStock),NFLXX,1118.813477,1.27338911,1.7628738,1678219.847,32395.79647,1499.99967,11/10/2025 15:25
Starbucks Tokenized Stock (Ondo),SBUXon,85.6186224,0,3.95752215,1675429.039,0,19568.51199,11/10/2025 15:25
Arcas,ARCAS,0.024125266,3.93634061,-0.61895694,1675093.421,0,69433158,11/10/2025 15:25
Vyvo Coin,VSC,0.001775605,0.09330456,-8.36396017,1671467.55,19685.7846,941351172,11/10/2025 15:25
MAGA (maga-hat.vip),MAGA,4.28E-06,6.14519107,3.94255335,1671426.455,954990.607,3.90259E+11,11/10/2025 15:25
Napoli Fan Token,NAP,0.38670377,-0.33014414,-3.45879854,1670390.911,233170.1453,4319562,11/10/2025 15:25
NanoByte Token,NBT,0.001766162,-2.02453189,-10.8160471,1667580.38,10833.73239,944183141.1,11/10/2025 15:25
Shark Cat,SC,0.001683347,3.04724768,-2.2270585,1666337.328,825762.3588,989895519,11/10/2025 15:25
Yee Token,YEE,0.001663646,0.16612692,-2.32411538,1663645.936,143024.2263,1000000000,11/10/2025 15:25
Abbott Tokenized Stock (Ondo),ABTon,125.3867177,-0.75897463,1.63655167,1662007.513,512954.0098,13255.0524,11/10/2025 15:25
LIKE,LIKE,0.005018024,3.58075051,2.96700464,1661768.541,266919.3586,331159918,11/10/2025 15:25
SnapX,XNAP,0.005788371,-12.11554826,-51.23926974,1660538.942,665249.1171,286875000,11/10/2025 15:25
PlayDapp,PDA,0.002616927,-6.44209145,4.45702483,1660063.207,70994.00809,634355934,11/10/2025 15:25
Happy Cat,HAPPY,0.000495197,-1.04925624,-9.1110056,1650578.713,632308.4446,3333174669,11/10/2025 15:25
Real Smurf Cat,SMURFCAT,1.76E-05,0.55483932,-8.57195618,1647752.396,70830.54611,93809000000,11/10/2025 15:25
MAX Exchange Token,MAX,0.330628773,1.61864442,0.9475385,1645473.938,51099.02311,4976802,11/10/2025 15:25
VIDT DAO,VIDT,0.00188731,0.00510202,0.00970493,1641572.901,121610.5034,869795245,11/10/2025 15:25
Phoenic,PNIC,0.006407205,3.5435485,10.82995102,1629781.554,131442.1255,254367022.4,11/10/2025 15:25
Venus BCH,vBCH,10.52822677,0.26946281,-0.10974988,1625473.988,0,154392,11/10/2025 15:25
Carnomaly,CARR,0.00092228,11.67351761,56.68828944,1613990.608,73170.96797,1750000000,11/10/2025 15:25
JMPT Rewards,JMPT,0.85195148,-1.66248777,-2.62278955,1613587.584,12003.18127,1893990,11/10/2025 15:25
Humanode,HMND,0.010098733,1.41949491,24.77478991,1610044.182,235125.3389,159430319.2,11/10/2025 15:25
Credefi,CREDI,0.002148968,-3.22766928,-4.30718524,1608661.452,74408.73909,748573880,11/10/2025 15:25
Creo Engine,CREO,0.002680022,-3.66860079,-11.61206413,1608013.161,1141952.86,600000000,11/10/2025 15:25
ADAMANT Messenger,ADM,0.01455604,0.00191949,-0.22326662,1606562.281,46766.88954,110370831,11/10/2025 15:25
Moon Tropica,CAH,0.53446175,-14.53458692,-10.72527655,1599376.786,3457.579833,2992500,11/10/2025 15:25
Dust,DUST,0.001596547,-8.86476208,-2.91766549,1596547.302,761054.6749,1000000000,11/10/2025 15:25
GAM3S.GG,G3,0.002639457,-3.30634995,-24.70703739,1594023.765,402501.0834,603921203.3,11/10/2025 15:25
Bridge AI,BRG,0.000198904,-1.2513026,29.52067628,1591660.405,756523.8019,8002167205,11/10/2025 15:25
StarSlax,SSLX,0.000633839,0.82845459,-4.91817391,1585649.249,199458.9839,2501658636,11/10/2025 15:25
Boba Cat,BOBA,0.00258704,9.29220466,7.66826969,1585543.442,72709.72269,612879401,11/10/2025 15:25
BSX,BSX,0.008363884,-1.42695169,-4.01677276,1584769.57,820749.8864,189477711,11/10/2025 15:25
Crypton,CRP,0.150073347,-4.35447739,-1.83932643,1575657.885,304484.819,10499252,11/10/2025 15:25
KOMPETE,KOMPETE,0.002094244,3.55251962,3.097371,1572515.522,0,750874987,11/10/2025 15:25
Etherisc DIP Token,DIP,0.006514604,22.85846439,23.84490709,1561824.86,39.47857759,239742108,11/10/2025 15:25
DFDV tokenized stock (xStock),DFDVx,8.509285555,-0.04953553,-9.68685669,1558890.682,868427.1482,183198.774,11/10/2025 15:25
Skey Network,SKEY,0.003141918,2.82214317,-3.77696101,1557685.735,238473.8208,495775459.3,11/10/2025 15:25
v.systems,VSYS,0.00043771,14.20296503,47.63230097,1551363.911,375815.4381,3544270409,11/10/2025 15:25
BiCity AI Projects,BICITY,0.000371665,0.45619935,0.38383898,1550734.58,65442.45258,4172398276,11/10/2025 15:25
ScPrime,SCP,0.032187088,17.22716028,23.02576296,1548073.871,4088.225622,48096113.85,11/10/2025 15:25
ASML Holding NV Tokenized Stock (Ondo),ASMLon,1037.111547,-7.1920292,-3.23161633,1546285.925,56831.62847,1490.954304,11/10/2025 15:25
Startup,STARTUP,0.001559063,-8.37768955,-30.65497428,1543894.255,497872.383,990270566.1,11/10/2025 15:25
Didi Bam Bam,DDBAM,0.073506775,1.1575645,-10.94838575,1543642.275,100538.6264,21000000,11/10/2025 15:25
OmniFlix Network,FLIX,0.00613902,55.5856544,-22.48316573,1539411.97,7300.572936,250758585,11/10/2025 15:25
Bad Idea AI,BAD,2.49E-09,3.98664669,1.53523681,1539051.695,556252.1733,6.18734E+14,11/10/2025 15:25
Redbrick,BRIC,0.006495988,-48.46321744,105.947018,1527262.052,1776335.275,235108500,11/10/2025 15:25
Vanguard tokenized ETF (xStock),VTIX,331.9587015,0.59958243,-1.1533225,1527010.027,46586.55367,4600,11/10/2025 15:25
StreamCoin,STRM,0.001022592,-18.79313077,-9.53793267,1526351.209,137397.1936,1492629682,11/10/2025 15:25
Xaya,CHI,0.026265679,-1.39905644,-3.43599237,1516410.252,0,57733525.08,11/10/2025 15:25
Zypher Network,POP,0.00100662,-7.03658342,-78.35646458,1514124.494,11596950.2,1504166666,11/10/2025 15:25
Q Protocol,QGOV,0.005540112,0.33133068,0.37912066,1509551.438,99733.00009,272476688.1,11/10/2025 15:25
Palo Alto Networks Tokenized Stock (Ondo),PANWon,216.3638287,3.07999798,-1.05718296,1502599.808,20.93610707,6944.782858,11/10/2025 15:25
ASTROS,ASTROS,0.058891193,0.03767151,0.10039204,1501696.127,7234.780936,25499502.47,11/10/2025 15:25
UFO Gaming,UFO,5.81E-08,0.02322272,-2.02896772,1496332.918,1272.618589,2.57576E+13,11/10/2025 15:25
New XAI gork,gork,0.001490794,-10.01238574,7.84991448,1490784.787,3366046.706,999993896.2,11/10/2025 15:25
MECCA,MEA,0.007165924,-1.30101679,-9.98761045,1490507.256,81539.91918,207999316.7,11/10/2025 15:25
LayerEdge,EDGEN,0.005131446,0.93548017,-2.00925552,1488119.246,3681499.107,290000000,11/10/2025 15:25
GAL (migrated to Gravity - G),GAL,0.342649554,-9.7171997,-5.05248745,1486261.776,568.7516938,4337556.431,11/10/2025 15:25
GoChain,GO,0.001112764,-3.32921789,-38.5714962,1480838.928,9880.994542,1330775039,11/10/2025 15:25
Shadow Exchange,SHADOW,4.067326244,-4.25881033,20.40398447,1475058.291,369992.8286,362660.4315,11/10/2025 15:25
HeroesTD,HTD,0.0032343,-61.1449734,-60.95108797,1472530.13,0,455285563.5,11/10/2025 15:25
Phoenixcoin,PXC,0.015842324,0.91682407,-0.86674099,1471081.397,9.89723048,92857674.63,11/10/2025 15:25
Shiro Neko,SHIRO,2.58E-09,-0.41568237,19.70421434,1467471.295,472625.0227,5.68849E+14,11/10/2025 15:25
Talken,TALK,0.004408061,0.23475915,4.93237046,1467420.392,49212.92808,332894783.1,11/10/2025 15:25
Choise.ai,CHO,0.003140313,-12.42952497,-10.03378518,1460860.985,111769.6207,465196040.4,11/10/2025 15:25
Zenon,ZNN,0.230527169,12.65949613,-5.48442152,1459409.969,269.6032194,6330750.418,11/10/2025 15:25
Hive Intelligence,HINT,0.003167525,-12.58189481,8.40707764,1458249.396,499761.5854,460375000,11/10/2025 15:25
MagicCraft,MCRT,0.000289166,-2.19016887,-1.52653899,1456896.826,1004115.626,5038275907,11/10/2025 15:25
XOCIETY,XO,0.001935368,-1.55664269,-1.08941926,1451526.369,102336.4349,750000000,11/10/2025 15:25
Numerico,NWC,0.009648215,10.14336502,0.41821454,1451099.654,20684.46392,150400833.7,11/10/2025 15:25
DeFi,DEFI,0.000830591,4.02413785,11.17899922,1449874.45,334530.3826,1745593968,11/10/2025 15:25
Rally,RLY,0.000276353,9.81373173,-28.45892893,1447778.963,13363.317,5238873834,11/10/2025 15:25
ISKRA Token,ISK,0.00269293,-1.07047241,-8.02343766,1447075.578,11343.57537,537360974,11/10/2025 15:25
Petrobras Tokenized Stock (Ondo),PBRon,13.03872415,6.6845593,9.71128115,1442354.26,15.51939978,110620.8125,11/10/2025 15:25
Billy,BILLY,0.001540735,-1.07293344,-3.93510764,1442339.826,475651.3703,936137657,11/10/2025 15:25
Sipher,SIPHER,0.016032186,-0.16463416,-12.78832934,1438809.95,4688.519348,89745088,11/10/2025 15:25
Tajir Tech Hub,TJRM,0.002217495,-9.91655177,-38.52682437,1430183.933,332697.7614,644954804.4,11/10/2025 15:25
Marvell Technology Tokenized Stock (Ondo),MRVLon,93.37382528,1.83286396,2.84039715,1427207.768,15.45905174,15284.88058,11/10/2025 15:25
Emorya Finance,EMR,0.001688403,-5.30580821,27.85759788,1414228.525,77694.56012,837613136,11/10/2025 15:25
Waffles Davincij15's Cat,$WAFFLES,0.001580757,-2.10728269,-5.43739596,1413934.145,40069.34364,894466543,11/10/2025 15:25
nomnom,NOMNOM,0.001460908,-20.84063977,52.01266807,1413000.51,346934.9918,967206795,11/10/2025 15:25
Serenity,SERSH,0.033932455,0.60022579,-10.00284865,1408989.129,17466.12628,41523348,11/10/2025 15:25
Microsoft tokenized stock (xStock),MSFTX,520.6584129,2.41717068,-0.46338959,1405777.683,5959.893692,2699.999938,11/10/2025 15:25
Keep3rV1,KP3R,3.299927247,-4.23003008,-0.01040517,1403056.467,107127.8811,425178,11/10/2025 15:25
Shiba Predator,QOM,2.34E-09,0.506141,0.10554704,1401399.248,0,5.99886E+14,11/10/2025 15:25
Particl,PART,0.090882601,0,0,1396427.685,0,15365181.83,11/10/2025 15:25
POOH,POOH,3.29E-09,-1.66847562,-1.22067072,1384193.718,57865.2339,4.2069E+14,11/10/2025 15:25
TOP AI Network,TOP,9.60E-05,-0.01937724,-0.02480154,1382185.189,499018.7009,14400583004,11/10/2025 15:25
MILLI,MILLI,5.25E-06,2.92777459,36.17383393,1380547.769,77581.758,2.63E+11,11/10/2025 15:25
General Electric Tokenized Stock (Ondo),GEon,308.2675563,0,-0.50489796,1379341.764,0,4474.495405,11/10/2025 15:25
OSCAR,OSCAR,0.001542667,-2.4074693,-4.40560622,1378833.678,420401.6699,893798748,11/10/2025 15:25
KARASOU,INTELLIQUE,1.820550804,-2.66552707,8.02338764,1377416.273,0,756593.1533,11/10/2025 15:25
Intuit Tokenized Stock (Ondo),INTUon,652.7646831,-0.11352933,-3.53051782,1377217.612,10.13921704,2109.822495,11/10/2025 15:25
COCORO,COCORO,3.27E-06,-3.66618637,-6.56840208,1375984.282,280067.6574,4.2069E+11,11/10/2025 15:25
Ta-da,TADA,0.002039461,0.66591094,-0.15597419,1374577.726,168719.2952,673990717,11/10/2025 15:25
Celsius,CEL,0.036341794,0.45018426,-3.27704094,1370816.506,224526.9538,37720111,11/10/2025 15:25
Dtec,DTEC,0.011189711,3.78558977,2.38155644,1369122.431,231018.9267,122355479.6,11/10/2025 15:25
Linde plc Tokenized Stock (Ondo),LINon,422.2421916,0.15636904,2.01403505,1367304.003,220.9573149,3238.198434,11/10/2025 15:25
Gata,GATA,0.014167602,0.98854145,-13.8617243,1363511.04,1352344.787,96241485,11/10/2025 15:25
Push Protocol,PUSH,0.015105891,-0.53897078,-29.13162145,1363102.469,328990.7495,90236482,11/10/2025 15:25
Rejuve.AI,RJV,0.001767696,1.59200286,-7.42541033,1359475.973,196655.2358,769066651,11/10/2025 15:25
BytomDAO,BTM,0.000876187,0,0,1358212.197,0,1550139251,11/10/2025 15:25
Baidu Tokenized Stock (Ondo),BIDUon,132.1970644,4.11828346,8.83520642,1354405.855,440.1948026,10245.355,11/10/2025 15:25
DEFIT,DEFIT,0.043085743,-0.30954651,-3.02329365,1351707.411,333.3499824,31372498.58,11/10/2025 15:25
HAVAH,HVH,0.000596795,0.90377165,-7.1150533,1349283.088,44565.54024,2260880938,11/10/2025 15:25
Ghost,GHOST,0.047647915,-40.74454851,-9.65003765,1344362.245,7313.303568,28214503,11/10/2025 15:25
IRISnet,IRIS,0.00082865,1.37595193,15.26908754,1340315.145,131551.2617,1617468819,11/10/2025 15:25
Taiwan Semiconductor Manufacturing Tokenized Stock (Ondo),TSMon,294.5080834,-7.04901531,-3.94111162,1333268.255,81755.19432,4527.102412,11/10/2025 15:25
Fusion,FSN,0.016996981,0.29879649,0.00398643,1329754.676,5527.936172,78234755.51,11/10/2025 15:25
Universe Boss Coin,UBC,0.001325509,0.13834958,-1.30505482,1325509.315,245816.5944,1000000000,11/10/2025 15:25
Equinix Tokenized Stock (Ondo),EQIXon,827.2822079,-0.41572245,-0.20750013,1321129.952,324.7106713,1596.95197,11/10/2025 15:25
Broadcom tokenized stock (xStock),AVGOX,356.4157695,1.92325142,-2.96627537,1318738.347,13061.23327,3700,11/10/2025 15:25
MSTR2100,MSTR,0.063619111,17.44451472,8.26603399,1313468.393,405352.5694,20645815,11/10/2025 15:25
BEERCOIN,BEER,2.39E-06,-4.68281896,4.537522,1312909.14,38309.95367,5.49761E+11,11/10/2025 15:25
Accenture Tokenized Stock (Ondo),ACNon,245.9634819,-0.63604616,-1.25836007,1310029.5,215879.9988,5326.113818,11/10/2025 15:25
Gui Inu,GUI,2.35E-06,-2.49351379,22.28330128,1305998.716,185394.5639,5.55895E+11,11/10/2025 15:25
Wells Fargo Tokenized Stock (Ondo),WFCon,86.73791948,0.01291784,-1.09662628,1300121.299,56.01956365,14989.07637,11/10/2025 15:25
ServiceNow Tokenized Stock (Ondo),NOWon,852.6264132,0,-6.31097968,1297440.801,0,1521.699047,11/10/2025 15:25
PARSIQ,PRQ,0.004179126,-4.81191378,-0.49128829,1296602.609,72730.75493,310256872,11/10/2025 15:25
SOVRUN,SOVRN,0.007176659,-2.69507034,-3.00159973,1292032.358,90173.67933,180032568,11/10/2025 15:25
Tevaera,TEVA,0.002635735,-5.71933673,-11.57729071,1291281.281,1025419.415,489913207,11/10/2025 15:25
Flamengo Fan Token,MENGO,0.092697982,-0.42357549,10.17121259,1289155.29,80791.07733,13907048,11/10/2025 15:25
Efforce,WOZX,0.002435433,-0.71311938,-2.62211221,1283803.048,0,527135519.4,11/10/2025 15:25
Eli Lilly tokenized stock (xStock),LLYX,966.8348721,4.8134106,7.90229049,1282989.875,82630.45827,1327,11/10/2025 15:25
Nuco.cloud,NCDT,0.025567849,6.49538788,11.26365991,1278392.439,162117.6378,50000000,11/10/2025 15:25
Alibaba Tokenized Stock (Ondo),BABAon,165.7517145,-0.34111657,-1.14691989,1276570.553,1464386.847,7701.703459,11/10/2025 15:25
Unifi Protocol DAO,UNFI,0.133225808,4.68808757,10.25919965,1272126.623,261592.4356,9548650.104,11/10/2025 15:25
Fric,FRIC,0.001271611,-0.8848238,-1.84032157,1271602.28,187053.3286,999992771,11/10/2025 15:25
Futu Holdings Tokenized Stock (Ondo),FUTUon,187.8338058,-0.28509898,-3.87740956,1266939.792,56995.20515,6745.00411,11/10/2025 15:25
XELS,XELS,0.060302575,16.31928821,-4.7291088,1266354.071,102605.2711,21000000,11/10/2025 15:25
PayPal Tokenized Stock (Ondo),PYPLon,66.14352781,-0.46493032,-3.21903498,1263251.935,59.40071553,19098.6477,11/10/2025 15:25
ORBIT,GRIFT,0.001262242,0.26982819,3.90144134,1261823.948,594369.2595,999668762,11/10/2025 15:25
Suzuverse,SGT,0.125398062,-2.21849674,-5.46498414,1260617.564,350240.9826,10052927,11/10/2025 15:25
Ispolink,ISP,0.000160093,1.74805336,-7.46139793,1259089.074,144205.5734,7864719597,11/10/2025 15:25
Skibidi Toilet,SKBDI,0.017968815,0.78458532,11.40151211,1258511.97,454324.5263,70038672,11/10/2025 15:25
Rubic,RBC,0.007576024,-0.89544819,5.33313931,1252192.446,132348.5884,165283584,11/10/2025 15:25
AIPAD,AIPAD,0.006444551,-5.17696426,7.07493898,1252105.403,173897.8133,194289019.3,11/10/2025 15:25
SafeCoin,SAFE,0.044819795,1.77664294,-18.56250303,1243079.824,24.44441541,27735062.61,11/10/2025 15:25
Orbitt Token,ORBT,0.082840942,0.73319884,-5.03720476,1237643.675,290392.9542,14940000,11/10/2025 15:25
MicroBitcoin,MBC,2.22E-05,-0.20069234,-17.7892039,1235706.059,444248.8057,55679220699,11/10/2025 15:25
LeverFi,LEVER,2.21E-05,-3.06775546,-5.92508399,1233762.889,888271.2041,55785746619,11/10/2025 15:25
Lnfi Network,LN,0.012589822,3.56029346,-4.5360617,1232750.288,2448263.44,97916421.28,11/10/2025 15:25
MultiVAC,MTV,0.000343127,0.76810302,2.20596634,1230923.808,312969.519,3587369426,11/10/2025 15:25
Nugget Trap Gold Token,NGTG$$,0.005000109,0,0,1228782.104,0,245751050,11/10/2025 15:25
Dogechain,DC,1.75E-05,13.43054314,6.99772952,1227247.58,145481.8425,70120283928,11/10/2025 15:25
Mdex,MDX,0.001288867,2.59537818,3.47199219,1224742.186,13283.48537,950246937.4,11/10/2025 15:25
Venus DOT,vDOT,0.073181362,0.3234523,25.35200208,1218414.275,0,16649243,11/10/2025 15:25
Neutrino Index,XTN,0.023381711,1.76730748,10.96365972,1215398.506,1252.148777,51980734,11/10/2025 15:25
zkSwap Finance,ZF,0.002045997,-1.43143108,-1.41687648,1213086.048,241102.3777,592907009.7,11/10/2025 15:25
Nike Tokenized Stock (Ondo),NKEon,61.1470975,-0.50319641,-3.03613259,1211825.785,5031.424143,19818.20617,11/10/2025 15:25
Solchat,CHAT,0.150335389,3.74024098,-5.55242894,1209216.686,66990.27491,8043460,11/10/2025 15:25
MCNCOIN,MCN,0.100269144,5.31243908,-23.75074899,1203229.727,189009.6428,12000000,11/10/2025 15:25
BOTIFY,BOTIFY,0.001203167,6.14594548,17.81283177,1203020.475,132320.1355,999877981.3,11/10/2025 15:25
Big Data Protocol,BDP,0.022742164,-0.67149853,1.37535945,1202141.624,89513.14252,52859597.09,11/10/2025 15:25
Ternoa,CAPS,0.000930989,3.38848412,8.58009558,1198211.132,19966.89525,1287030207,11/10/2025 15:25
Cakepie,CKP,0.607087881,18.18296885,19.68309883,1189361.313,120768.4103,1959125.442,11/10/2025 15:25
The Nation Token,NATO,1.19E-06,-1.64003554,-9.96133585,1191436.999,286537.4022,1E+12,11/10/2025 15:25
Tron Bull,BULL,0.001251276,1.84072153,2.42598195,1189056.537,0.02019506,950275472,11/10/2025 15:25
AgriDex,AGRI,0.004181929,-2.22776954,-8.00040115,1187667.831,28611.28666,284000000,11/10/2025 15:25
MBP Coin,MBP,0.074183488,7.76279858,9.8825041,1186558.516,938801.7484,15994914,11/10/2025 15:25
Exxon Mobil tokenized stock (xStock),XOMX,118.64,0.95302927,3.08454253,1186399.993,14019.19858,9999.999937,11/10/2025 15:25
YooShi,YOOSHI,3.24E-09,0.18551254,0.90161419,1177512.521,0,3.6319E+14,11/10/2025 15:25
Graphite Network,@G,0.114092311,-1.32773986,-1.74105819,1173754.773,234879.4258,10287764,11/10/2025 15:25
Hakka.Finance,HAKKA,0.002756115,-0.61592722,-0.1281272,1170857.845,0,424821821.5,11/10/2025 15:25
Broadcom Tokenized Stock (Ondo),AVGOon,358.8924355,1.93804803,-1.52039027,1170512.665,308447.8245,3261.458168,11/10/2025 15:25
MAD,MAD,1.17E-06,-0.09967569,-16.02658635,1169750.802,324094.7122,9.99978E+11,11/10/2025 15:25
0xBitcoin,0xBTC,0.120358126,-2.61573623,-19.03401638,1168286.239,1.78090125,9706750,11/10/2025 15:25
NFT Worlds,WRLD,0.00163941,0,-27.31341944,1167408.277,0,712090665,11/10/2025 15:25
Plearn,PLN,0.013554837,0.58199285,6.83259023,1166579.536,48797.56555,86063705,11/10/2025 15:25
DappRadar,RADAR,0.001213712,-1.78180955,-3.57218017,1165280.655,12985.56376,960096177,11/10/2025 15:25
$TRUST ME BROs by Virtuals,TRUST,0.001271481,-3.38562396,-10.26338346,1164607.238,6321.032107,915945398.8,11/10/2025 15:25
Aark,AARK,0.002452801,-31.45645958,-36.83544827,1163429.997,77534.61587,474327090.2,11/10/2025 15:25
Alpaca Finance,ALPACA,0.007617553,-0.99471371,23.74433367,1155343.947,357891.0819,151668641.6,11/10/2025 15:25
IVPAY,IVPAY,0.001247778,-7.90859999,11.98940613,1155166.334,205561.9399,925778726.9,11/10/2025 15:25
LimoCoin Swap,LMCSWAP,0.000971846,1.94211164,2.79435093,1143983.329,27927.22035,1177124373,11/10/2025 15:25
RFOX,RFOX,0.000868744,299.2835409,263.2401837,1139793.127,0,1312000760,11/10/2025 15:25
MarsDAO,MDAO,0.016089874,-13.19069834,9.16418987,1135929.345,823190.3512,70599019.82,11/10/2025 15:25
Everest,ID,0.009687221,-0.58388506,4.48875184,1130498.735,0,116700000,11/10/2025 15:25
Boeing Tokenized Stock (Ondo),BAon,194.5991404,-0.51730299,-4.7633769,1129987.64,2237.743809,5806.74528,11/10/2025 15:25
Mintlayer,ML,0.017593733,-0.66920458,-8.88392561,1129493.186,124009.1973,64198610,11/10/2025 15:25
Novo Nordisk tokenized stock (xStock),NVOX,45.5,-3.3970276,-6.78139725,1128400,740.2207085,24800,11/10/2025 15:25
Packet,PKT,0.000264103,4.77302512,-3.05068686,1121220.499,0,4245392097,11/10/2025 15:25
MongCoin,$MONG,1.93E-09,-3.45187542,-4.20998438,1121146.584,79768.63755,5.81196E+14,11/10/2025 15:25
PoolTogether,POOL,0.165595531,5.38170958,1.37553077,1120835.007,0,6768510,11/10/2025 15:25
Minted,MTD,0.006043299,2.07748147,-3.97212638,1119265.566,2395.680424,185207721,11/10/2025 15:25
Mastercard Tokenized Stock (Ondo),MAon,551.4859318,5.00316241,1.68567695,1118896.27,424200.0322,2028.875454,11/10/2025 15:25
Darkpino,DPINO,0.001127204,15.68087044,-9.93306008,1118005.896,21069.2306,991839963,11/10/2025 15:25
First Convicted Raccon Fred,FRED,0.001116435,-3.76043359,-8.94904246,1116231.174,264701.3457,999817667.3,11/10/2025 15:25
Rift AI,RIFT,0.004192058,0,-10.37896133,1110539.006,0,264914960.5,11/10/2025 15:25
Xend Finance,RWA,0.010372394,2.05950417,0.19238724,1110193.663,18238.53104,107033500.3,11/10/2025 15:25
IDRX,IDRX,5.98E-05,0.57536556,-0.43951439,1109002.602,0,18534124233,11/10/2025 15:25
VinuChain,VC,0.002384651,-5.58572139,7.02567968,1102598.042,248319.5681,462372897.5,11/10/2025 15:25
TON Station,MRSOON,1.67E-05,1.52030605,-2.24824524,1102332.794,219349.5733,65860282991,11/10/2025 15:25
Super Zero Protocol,SERO,0.002481689,0.37491036,2.12419034,1100768.509,22541.63186,443556232,11/10/2025 15:25
Witch Token,WITCH,0.04020168,-6.66370607,-11.84247137,1097480.341,19662.18546,27299365.38,11/10/2025 15:25
Hemule,HEMULE,0.001117839,0.33574875,-4.76307141,1095480.433,0,979998587.9,11/10/2025 15:25
Alliance Games,COA,0.002643317,-3.47979656,-19.32451333,1095434.825,666378.2299,414416666,11/10/2025 15:25
Stobox Token,STBU,0.007295895,8.04043825,-11.49113164,1094384.323,119162.3838,150000000,11/10/2025 15:25
CHADETTE,CHADETTE,0.001128692,5.73685408,-23.38997571,1091619.497,4571.89553,967154364,11/10/2025 15:25
Degen Spartan AI,DEGENAI,0.001085277,6.69545639,-5.13760077,1085222.498,346987.0769,999949997,11/10/2025 15:25
Butthole Coin,BHC,0.001085186,0.91883846,15.72399592,1085167.416,498859.9864,999982618,11/10/2025 15:25
ISLAND Token,ISLAND,0.007453503,-1.54388796,0.27169114,1084756.193,573405.3023,145536428.6,11/10/2025 15:25
Vector Smart Gas,VSG,0.000108225,0.03941399,0.78862798,1082254.557,196889.4172,10000000000,11/10/2025 15:25
ALEX Lab,ALEX,0.001776036,-4.1407034,-55.83524112,1077147.642,239576.5526,606489877.3,11/10/2025 15:25
Beny Bad Boy,BBB,0.000451822,3.73581082,9.86530464,1076648.734,40630.63152,2382904000,11/10/2025 15:25
Pell Network,PELL,0.001466833,-0.13695346,2.83992918,1075344.596,223765.4216,733106157.3,11/10/2025 15:25
Polkamarkets,POLK,0.011687105,-4.08698912,2.19197229,1075328.082,10463.17405,92009791.12,11/10/2025 15:25
Philtoken,PHIL,0.001074168,0.410728,-2.49938836,1074167.6,298854.5525,1000000000,11/10/2025 15:25
Costco Tokenized Stock (Ondo),COSTon,916.8683778,-0.81682788,-1.47689083,1073762.422,119.0119058,1171.119485,11/10/2025 15:25
Etarn,ETAN,0.015687145,8.27565127,29.20429293,1072779.027,634565.239,68385869,11/10/2025 15:25
Astherus,ASTHERUS,0.001092873,9.03987024,2.09492461,1069993.942,23249.07308,979065333,11/10/2025 15:25
Gari Network,GARI,0.00190495,-6.62181568,-23.20144648,1069700.272,129955.0639,561537169,11/10/2025 15:25
Verified USD,USDV,0.062310594,39.67561219,45.52706381,1068116.674,0,17141815,11/10/2025 15:25
Airbnb Tokenized Stock (Ondo),ABNBon,120.5219813,-3.11315468,-4.44286015,1062145.001,57221.82784,8812.873718,11/10/2025 15:25
LUCE,LUCE,0.001059244,1.17647148,-10.49808396,1059243.906,345950.8738,999999996,11/10/2025 15:25
Super Micro Computer Tokenized Stock (Ondo),SMCIon,40.36501626,-0.2126517,-20.91737883,1059012.473,73.52488402,26235.8986,11/10/2025 15:25
Trading and Payment Token,TPTU,0.07020005,-2.68110668,-19.95416638,1053000.755,129344.5654,15000000,11/10/2025 15:25
FOMO (fomo.fund),FOMO,1.05E-05,-0.39519356,22.93364946,1052223.322,58127.28142,99987000000,11/10/2025 15:25
Rebel Cars,RC,0.005096034,-3.07720478,12.31127448,1051588.952,91630.93595,206354380,11/10/2025 15:25
Neurai,XNA,0.000106483,-1.09645677,6.41085813,1051292.411,29182.10519,9872903071,11/10/2025 15:25
Flixxo,FLIXX,0.012428569,0.50995784,4.17191644,1048022.644,2.44E-05,84323674.75,11/10/2025 15:25
StupidCoin,STUPID,0.001052285,2.25931178,-4.72123782,1046857.005,714835.8578,994841831,11/10/2025 15:25
ritestream,RITE,0.001303386,0.39379891,-1.98944444,1042344.274,52820.5612,799720518.7,11/10/2025 15:25
Reality Metaverse,RMV,0.00417115,-8.10377846,-19.2122598,1042341.743,67184.40849,249893123,11/10/2025 15:25
PoSciDonDAO,SCI,0.291921195,0.19679606,-3.69362306,1041187.507,84654.25257,3566673.214,11/10/2025 15:25
LoungeM,LZM,0.007912943,-1.10927748,-14.09665116,1038485.988,10222.06781,131238913,11/10/2025 15:25
AppLovin tokenized stock (xStock),APPX,668.38,11.94707311,2.671316,1035989,2658.76217,1550,11/10/2025 15:25
Rage Guy,RAGE,0.00105095,-8.11487664,-12.97069501,1034167.746,68324.33708,984031503,11/10/2025 15:25
8-Bit Coin,COIN,3.44E-05,0.8193053,3.3865933,1032509.834,0,30000000000,11/10/2025 15:25
Aipocalypto,AIPO,0.00740115,11.78544003,-32.09524957,1032460.453,73246.09255,139500000,11/10/2025 15:25
Brainlet,BRAINLET,0.001083162,15.18356426,8.89285648,1032151.32,38188.2936,952905541,11/10/2025 15:25
DUKO,DUKO,0.000106794,8.39224059,-2.47320711,1032055.916,183532.4023,9663955990,11/10/2025 15:25
Netflix Tokenized Stock (Ondo),NFLXon,1119.67842,0.47323209,1.82858133,1031779.882,362373.273,921.496622,11/10/2025 15:25
EARNM,EARNM,0.000317051,1.41596662,-9.32244465,1031361.156,10114.76513,3252978336,11/10/2025 15:25
Solama,SOLAMA,0.001577257,4.21475041,-2.38937965,1031318.247,159049.2411,653868075,11/10/2025 15:25
hehe,HEHE,0.001225151,-1.25069462,-5.99358418,1029869.683,80534.39254,840606180,11/10/2025 15:25
UnitedHealth Tokenized Stock (Ondo),UNHon,322.7131554,-1.49629643,-3.19784902,1028866.347,803582.6041,3188.176033,11/10/2025 15:25
Tap,XTP,0.000832819,17.59184511,1.82490928,1025959.255,8888.085132,1231911016,11/10/2025 15:25
BABB,BAX,1.23E-05,1.66011705,-5.84182938,1014549.834,24424.81397,82259947394,11/10/2025 15:25
Sallar,ALL,0.000557029,5.14727696,5.07829051,1002673.558,0,1800038960,11/10/2025 15:25
Poolz Finance,POOLX,0.191536068,2.54708451,-14.16939346,1002643.863,57749.90972,5234752.262,11/10/2025 15:25
BunkerCoin,BUNKER,0.001002563,5.41131017,2.17680161,1002562.975,0,1000000000,11/10/2025 15:25
Pfizer tokenized stock (xStock),PFEX,25,-0.03998401,0.04001601,999998.4117,3123.17,39999.93647,11/10/2025 15:25
LayerAI,LAI,0.00018153,-4.25916345,16.42737011,998290.1139,199107.7551,5499308275,11/10/2025 15:25
Baby Grok (babygrok.ai),BABYGROK,3.10E-09,3.54580258,-7.74749216,993781.9274,103806.0212,3.20703E+14,11/10/2025 15:25
American Express Tokenized Stock (Ondo),AXPon,368.8042025,-0.16380682,1.42652111,991548.1191,129.9893361,2688.548863,11/10/2025 15:25
FireStarter,FLAME,0.014423154,157.8329691,87.82665018,988566.7584,903700.9336,68540262,11/10/2025 15:25
Kimbo,KIMBO,1.42E-05,-5.47017458,-4.75153227,986210.6038,71936.24052,69420000000,11/10/2025 15:25
Oracle tokenized stock (xStock),ORCLX,234.67,-4.86479912,-9.58233798,985613.9967,3498.857187,4199.999986,11/10/2025 15:25
Crash,CRASH,0.001004739,-1.52186559,-9.25209174,982872.8288,30.94925451,978237337,11/10/2025 15:25
Let's BONK,LetsBONK,0.01423707,-2.55375848,16.27032689,982208.927,1794431.052,68989541.19,11/10/2025 15:25
KISSAN,KSN,0.045874921,-2.47168074,-3.02040898,979898.6427,2123.091929,21360225,11/10/2025 15:25
APF Coin,APFC,0.029126501,4.83784957,20.42078946,977891.1352,39698.41105,33573931,11/10/2025 15:25
Klaydice,DICE,0.002137019,0.05505956,-4.86214088,974581.5254,0,456047290.1,11/10/2025 15:25
SOLVEX NETWORK,SOLVEX,0.024658618,6.64520882,1.85500727,974013.2874,220879.799,39499914,11/10/2025 15:25
Netvrk,NETVR,0.009704724,8.46996768,15.55049809,970472.3932,4514.165052,100000000,11/10/2025 15:25
BlackCardCoin,BCCOIN,0.096994258,-3.71658346,-8.44428901,969942.5817,2549710.859,10000000,11/10/2025 15:25
Unite,UNITE,0.000324362,7.28635171,22.54666477,967545.3607,6515941.218,2982921100,11/10/2025 15:25
r/FortNiteBR Bricks,BRICK,0.00869117,0.54518837,-24.26220453,966720.7794,796.134696,111230228,11/10/2025 15:25
Pepes Dog,ZEUS,2.30E-09,-0.09597761,-2.40684643,965682.7469,298320.193,4.2069E+14,11/10/2025 15:25
DoorDash Tokenized Stock (Ondo),DASHon,204.7666899,0,-15.2647588,962951.3705,0,4702.675866,11/10/2025 15:25
Edwin,EDWIN,0.000962888,0.83430897,19.59892028,962887.6121,346804.8158,1000000000,11/10/2025 15:25
Mettalex,MTLX,0.856712953,-1.2528869,5.52660044,962091.2164,14238.83304,1123003,11/10/2025 15:25
Disney Tokenized Stock (Ondo),DISon,110.8081517,0,-0.90960662,961846.4014,0,8680.285579,11/10/2025 15:25
enfineo,ENF,0.023637261,13.91810877,12.22474638,960422.6527,6099.845351,40631723,11/10/2025 15:25
Palio,PAL,0.005049567,1.15570672,5.0993072,959417.7685,707183.7622,190000000,11/10/2025 15:25
Uber Tokenized Stock (Ondo),UBERon,94.10187999,-6.56497101,-6.43576327,958693.5596,55801.30006,10187.82579,11/10/2025 15:25
Magic Square,SQR,0.002633904,1.10829783,-0.5442726,955451.0929,169790.9339,362750871.6,11/10/2025 15:25
SelfKey,KEY,0.000159172,3.5718735,17.45452545,955034.8051,54845.3381,5999999954,11/10/2025 15:25
Sekuya Multiverse,SKYA,0.002368477,-1.45523531,3.70798904,955000.1427,106014.6777,403212732.7,11/10/2025 15:25
OAX,OAX,0.009941865,-0.12838864,-9.63413313,952552.4325,9458.538017,95812246,11/10/2025 15:25
XCAD Network,XCAD,0.010158879,-7.59242378,-10.54529557,950598.3818,492590.4764,93573153.26,11/10/2025 15:25
Chipotle Tokenized Stock (Ondo),CMGon,30.55821532,0,-2.98471632,948830.0235,0,31049.91615,11/10/2025 15:25
S&P Global Tokenized Stock (Ondo),SPGIon,496.8479708,0,0.10832077,948331.7191,0,1908.695969,11/10/2025 15:25
JD.com Tokenized Stock (Ondo),JDon,31.42049907,-2.99677981,-4.01018958,945813.5564,56355.25087,30101.79928,11/10/2025 15:25
WTF Opossum,WTFO,0.001111859,-0.44924554,-9.94112986,943573.3493,2245.964365,848645098.3,11/10/2025 15:25
TTcoin Network,TC,0.000191371,-0.17792522,0.1243462,941273.0723,214776.7512,4918587317,11/10/2025 15:25
Goldman Sachs Tokenized Stock (Ondo),GSon,798.2552232,2.2417509,1.6086277,941219.2679,40.16246492,1179.095658,11/10/2025 15:25
Welshcorgicoin,WELSH,9.40E-05,-2.11297988,-5.03417926,940019.0463,57533.08751,10000000000,11/10/2025 15:25
BNBXBT,BNBXBT,0.00093432,8.84123755,24.09744032,934320.2706,431316.6624,1000000000,11/10/2025 15:25
DeFiChain,DFI,0.001127058,1.02950177,14.52409522,934262.366,340.2569253,828938979.6,11/10/2025 15:25
BEFE,BEFE,1.00E-05,-5.73639147,4.65752828,932763.3094,102909.0434,93201825078,11/10/2025 15:25
Atomic Wallet Coin,AWC,0.087928599,-0.51931878,2.87238852,932364.8498,0,10603658.69,11/10/2025 15:25
Coral Finance,CORL,0.00401198,-7.80001826,-76.27571959,932223.6224,4235870.588,232360000,11/10/2025 15:25
KlimaDAO,KLIMA,0.11635501,-0.19185022,-0.05234046,930533.4832,1345.336843,7997365,11/10/2025 15:25
BarnBridge,BOND,0.117515861,-2.82360922,0.08201778,929581.2821,218661.2312,7910262.291,11/10/2025 15:25
MAX,MAX,0.000922869,0.42603449,-8.59093697,922722.2564,249992.835,999840477,11/10/2025 15:25
RefundYourSOL,RYS,0.000934067,1.49029069,-8.30675872,919705.7993,4390.607726,984625096,11/10/2025 15:25
Seascape Crowns,CWS,0.119708319,15.10877715,7.71907277,915271.8479,25864.52434,7645850,11/10/2025 15:25
StormX,STMX,7.39E-05,-1.10075248,-5.50011094,912714.535,144211.9171,12352473523,11/10/2025 15:25
Adobe Tokenized Stock (Ondo),ADBEon,329.1981561,-6.13467893,-2.36870418,911389.848,61044.5189,2768.514437,11/10/2025 15:25
Whales Market,WHALES,0.034994322,-2.28100257,-1.37028315,911053.7143,8633.768432,26034330,11/10/2025 15:25
Asterix Labs,ASTX,90.6327456,1.8959278,-5.6896945,906327.456,319.4328413,10000,11/10/2025 15:25
Taker,TAKER,0.00533023,-2.76512815,-0.75801184,906139.0634,1079790.379,170000000,11/10/2025 15:25
Loom Network,LOOM,0.000728894,5.79466725,-15.45461757,905957.5048,261666.8936,1242920898,11/10/2025 15:25
JetTon Games,JETTON,0.111426357,-1.04266921,3.20439015,904129.7324,60680.90622,8114146,11/10/2025 15:25
Toad,$TOAD,2.21E-09,-3.61325267,-5.13211349,901513.3411,6763.340028,4.07085E+14,11/10/2025 15:25
Realis Worlds,REALIS,0.000899988,-10.02341351,-15.53732591,899981.5023,318350.6209,999993035,11/10/2025 15:25
Geeq,GEEQ,0.023298289,0.00187353,-8.45330329,897501.8684,182738.9359,38522222,11/10/2025 15:25
HOME3,HTS,0.010136259,-13.99400246,-26.08430849,895538.4678,0,88350000,11/10/2025 15:25
Rifampicin,RIF,0.000895843,-90.96576578,-89.69531313,895487.4081,814076.7718,999602916.2,11/10/2025 15:25
Nodle,NODL,0.000154488,-4.22952115,-12.45301133,894730.0094,12459.91636,5791584754,11/10/2025 15:25
Buying.com,BUY,0.002687623,-0.01047205,-18.38220057,891725.102,36300.97031,331789518,11/10/2025 15:25
BIG,BIG,0.000890878,-0.47083265,0.22522267,890877.9657,54189.51413,1000000000,11/10/2025 15:25
Wizard Gang,WIZARD,0.000890505,1.56679763,13.00061285,890348.537,629033.3436,999823745.9,11/10/2025 15:25
BSCPAD,BSCPAD,0.011237977,-0.91154048,-0.29230117,890178.4042,10174.01175,79211621,11/10/2025 15:25
iBoxx $ High Yield Corporate Bond Tokenized ETF (Ondo),HYGon,81.92456896,0.50381617,0.43301348,888383.3507,32.90204805,10843.91852,11/10/2025 15:25
Snowflake Tokenized Stock (Ondo),SNOWon,269.4354592,-2.89901445,-2.75462136,888061.3771,61892.91684,3296.007807,11/10/2025 15:25
Bepro,BEPRO,8.88E-05,-2.96999329,-4.60382107,887846.8033,122271.0019,10000000000,11/10/2025 15:25
Scamcoin,SCAM,0.000885886,3.98874034,2.24698315,885845.8756,8283.613663,999955056,11/10/2025 15:25
TERMINUS,TERMINUS,0.008856361,9.25882757,13.66631513,885636.0956,260516.1121,100000000,11/10/2025 15:25
Honeyland,HXD,0.00220799,-5.75596256,-2.02232832,884241.3971,24791.67271,400473449,11/10/2025 15:25
WiFi Map,WIFI,0.001267218,-5.00316157,-37.62282336,879278.14,93436.68824,693864993.8,11/10/2025 15:25
Redacted,RDAC,0.003566856,-0.54647567,-12.82609523,878795.8939,7202513.583,246378314.3,11/10/2025 15:25
SALT,SALT,0.007278046,-2.74655619,-4.37711927,873365.5056,0,119999995.2,11/10/2025 15:25
UNIT0,UNIT0,0.170928411,-1.76847488,-14.45606934,871606.0159,181069.5449,5099246,11/10/2025 15:25
Bubb,BUBB,0.0008702,4.55587994,15.30638697,870199.7971,243337.3734,1000000000,11/10/2025 15:25
OUTLAW Crypto Games,OUTLAW,0.000872251,-3.05461168,-1.7718038,868238.7668,16341.92477,995399582,11/10/2025 15:25
Gekko AI,GEKKO,0.000867256,-6.17538384,16.34480837,867256.2631,25777.66356,1000000000,11/10/2025 15:25
Kekius Maximus (kekiusmaximus.army),KM,0.00095913,-0.6076773,-9.3291553,865813.4112,359533.7084,902706682,11/10/2025 15:25
Arm Holdings plc Tokenized Stock (Ondo),ARMon,155.3131715,-2.69912833,-7.84507564,865727.8423,57545.84335,5574.078707,11/10/2025 15:25
MASQ,MASQ,0.025096189,-3.42826478,-2.28760624,862793.8005,0,34379475,11/10/2025 15:25
Pollux Coin,POX,0.025987674,-1.93135467,-11.78350476,862190.1283,118801.5279,33176887,11/10/2025 15:25
Salesforce Tokenized Stock (Ondo),CRMon,241.8827229,0.56407737,-7.49844387,855456.6548,69.84718294,3536.658777,11/10/2025 15:25
Ultraround Money,CIRCLE,0.976087487,-4.00209729,12.46255492,852587.0413,17264.13261,873474,11/10/2025 15:25
MetaCene,MAK,0.001635957,-2.13822325,-9.55211646,852468.122,30666.44263,521082165,11/10/2025 15:25
D-Wave Quantum Tokenized Stock (Ondo),QBTSon,29.57210635,-1.63930234,-11.22475281,851118.6173,1589.232678,28781.12932,11/10/2025 15:25
Lumerin,LMR,0.001401501,1.57027018,0.91248665,850171.5917,0,606615000,11/10/2025 15:25
UnitedHealth tokenized stock (xStock),UNHX,319.9965932,-1.6224832,-3.80271914,847990.9469,96053.61758,2649.999922,11/10/2025 15:25
myDID,SYL,0.000109584,1.09921169,-7.28048264,846916.2695,12799.34136,7728437007,11/10/2025 15:25
BlueMove,MOVE,0.003889061,-0.12418016,-0.00835645,845870.7601,0,217500000,11/10/2025 15:25
Crust Network,CRU,0.059823943,-2.88260991,18.72805376,845824.9477,96728.97194,14138569,11/10/2025 15:25
REVOX,REX,0.000313165,-1.55873937,-13.6458204,845546.7563,358714.2407,2700000000,11/10/2025 15:25
WeSendit,WSI,0.001029843,0.65794787,5.11829189,844503.2018,12071.61198,820030831.2,11/10/2025 15:25
Areum,AREA,0.007159,1.66774238,9.81726683,843765.933,19143.49881,117860866,11/10/2025 15:25
PINO,PINO,0.000848676,7.0710483,46.91013632,839984.4276,4885.32038,989758257,11/10/2025 15:25
ACA Token,ACA,0.017000296,-0.65551938,9.64289868,839877.8175,176727.839,49403718.16,11/10/2025 15:25
REVV,REVV,0.000703975,-3.83855289,-16.2615917,838219.2044,46257.62425,1190694705,11/10/2025 15:25
Splendor,SPLD,0.256554395,-4.8585599,-23.01806354,836902.4986,832757.1583,3262086,11/10/2025 15:25
Qualcomm Tokenized Stock (Ondo),QCOMon,171.9995361,-7.16269353,-5.07435919,834701.6371,61197.1629,4852.929584,11/10/2025 15:25
Moonveil,MORE,0.004632,-7.54869372,-43.29147215,833245.0532,469835.7682,179888825,11/10/2025 15:25
5ire,5IRE,0.000568752,4.77187552,15.07414816,833012.9025,289036.1152,1464633235,11/10/2025 15:25
Abyss,ABYSS,0.003635887,0.15426587,-1.14294011,832631.6744,0,229003738.8,11/10/2025 15:25
Nyzo,NYZO,0.008297218,3.71891937,6.97035382,829721.8337,9813.876513,100000000,11/10/2025 15:25
GhibliCZ,Ghibli,0.000959235,-8.00175774,48.84105648,829051.9005,135656.9666,864284368,11/10/2025 15:25
Orbofi AI,OBI,0.000740755,-12.92490804,-5.75621614,829039.0547,95511.59688,1119180800,11/10/2025 15:25
Any Inu,AI,1.97E-06,-0.31867694,-3.81322541,828457.406,50810.35971,4.20346E+11,11/10/2025 15:25
McDonald's tokenized stock (xStock),MCDX,299.3999145,-0.1811458,0.77660476,827285.4113,2194470.715,2763.145115,11/10/2025 15:25
Hatom,HTM,0.049539251,-1.63497248,15.23965148,825693.3348,119975.718,16667457,11/10/2025 15:25
King Shiba,KINGSHIB,0.002354494,-1.06814322,37.03869684,824137.4939,9449.522357,350027372,11/10/2025 15:25
LightLink,LL,0.010088549,2.16090885,-0.02491799,823933.6077,304470.7091,81670180.2,11/10/2025 15:25
Hush,HUSH,0.068650072,0.97812342,7.41225367,823248.0943,0,11991948,11/10/2025 15:25
ILCOIN,ILC,0.000796827,0.5769823,1.7791673,818858.3794,3083.900201,1027648761,11/10/2025 15:25
TenUp,TUP,0.007764196,9.34358102,12.7002133,818127.2826,76779.42872,105371800.3,11/10/2025 15:25
Fautor,FTR,0.000898744,2.18980986,-16.95608924,816296.0193,18000.62513,908262718.2,11/10/2025 15:25
ToCa.Gg,TCG,0.000813401,-2.90750985,2.58414702,813400.7204,0,999999310.5,11/10/2025 15:25
Dynachain,DYNA,0.020014406,-0.49761141,-0.94788834,808734.0738,149831.4604,40407599.06,11/10/2025 15:25
Decimated,DIO,0.001485792,0.80629316,31.69385045,807171.3101,100499.419,543259848,11/10/2025 15:25
TRUST AI,TRT,0.212404304,-6.04615444,-5.58376869,807136.3539,25704.87916,3800000,11/10/2025 15:25
Apollo Global Management Tokenized Stock (Ondo),APOon,131.3321491,1.73538923,4.09556642,804339.8316,18.66522975,6124.470187,11/10/2025 15:25
BLink,BLINK,0.004360302,-0.0070112,-28.27562032,803809.0486,63.43746087,184347125,11/10/2025 15:25
Tranche Finance,SLICE,0.040183308,0.7013256,-1.05813441,803666.1568,9516.422027,20000000,11/10/2025 15:25
Wolf Safe Poor People,WSPP,5.94E-11,-1.98203653,46.46577751,802755.225,492.2392054,1.35E+16,11/10/2025 15:25
Muhdo Hub,DNA,0.000476727,-1.2661018,-19.78872924,800777.574,2170.891378,1679741443,11/10/2025 15:25
Peng,PENG,0.007990644,-0.32777505,4.0657599,799064.2085,193428.5163,99999979,11/10/2025 15:25
Goldman Sachs tokenized stock (xStock),GSX,796.69,-1.16244448,0.36660032,796690,407.9690152,1000,11/10/2025 15:25
Woman Yelling At Cat,WYAC,0.00080427,-5.38705574,0.26357594,796207.1986,25090.37864,989975296,11/10/2025 15:25
Trog,TROG,1.89E-06,-1.03182707,-1.05808938,794892.7797,86032.72583,4.2069E+11,11/10/2025 15:25
SelfieDogCoin,SELFIE,0.000806766,-0.07766116,-1.82687737,793630.5797,36362.08888,983717932,11/10/2025 15:25
moonpig,MOONPIG,0.000790689,-0.44390721,-6.61452635,790634.55,1087297.518,999931280,11/10/2025 15:25
TOKYO GAMES TOKEN,TGT,0.004899516,6.72690726,22.02067652,787952.4312,1148259.063,160822499,11/10/2025 15:25
OctonetAI,OCTO,0.007985182,-7.14185012,-13.62798666,786540.389,87474.95999,98500000,11/10/2025 15:25
BlockVault Token,BVT,0.316724921,-7.39992902,-88.54316616,786531.8656,795231.2787,2483328,11/10/2025 15:25
END,END,0.006497705,0,-1.79581678,785009.3716,0,120813336.5,11/10/2025 15:25
Vulcan Forged (LAVA),LAVA,0.003188371,0,-7.03084404,784005.394,0,245895290,11/10/2025 15:25
Carbon browser,CSIX,0.001975895,0.40428333,-17.85434422,783610.43,1574711.221,396585068,11/10/2025 15:25
TROY,TROY,7.80E-05,-2.548667,-13.56936376,779786.0913,680297.449,10000000000,11/10/2025 15:25
EXMO Coin,EXM,0.007252498,-0.62639178,-3.96220332,778740.2173,4449529.872,107375446,11/10/2025 15:25
Sperax USD,USDs,1.006700105,-0.06551622,0.46981017,778689.7673,110823.5355,773507.188,11/10/2025 15:25
Cosplay Token,COT,0.001973972,3.4770918,0.72690801,778453.9954,83818.90973,394359177,11/10/2025 15:25
HAPI Protocol,HAPI,1.062159765,10.20932039,14.9320828,777764.8137,18060.53642,732248.4234,11/10/2025 15:25
XANA,XETA,0.000157166,1.86120396,-4.37753515,774154.0767,9440.718014,4925701908,11/10/2025 15:25
Octokn,OTK,0.00158054,11.06473185,8.68895309,773720.8603,69729.39933,489529439,11/10/2025 15:25
Eliza (elizawakesup),ELIZA,0.000773747,6.11142721,18.47335561,773708.562,236143.3506,999950090.6,11/10/2025 15:25
MercadoLibre Tokenized Stock (Ondo),MELIon,2092.300267,-1.16557309,-9.4696917,770870.3879,59.63354022,368.4320076,11/10/2025 15:25
Johnson & Johnson tokenized stock (xStock),JNJX,192.62,0.49564355,2.36488282,770480,1305.689117,4000,11/10/2025 15:25
StarHeroes,STAR,0.003495721,0.00630571,-20.00622582,769851.7979,34299.31525,220226921.4,11/10/2025 15:25
Archivas,RCHV,0.000766933,-4.74233233,-4.74233233,766933.1832,3971064.523,1000000000,11/10/2025 15:25
Marvell tokenized stock (xStock),MRVLX,93.2,-0.58666667,2.66578542,760512,2054.1513,8160,11/10/2025 15:25
Sportbet.one Token,SBET,0.006019573,-0.05061442,2.82172611,759191.976,37828.25092,126120568,11/10/2025 15:25
holoride,RIDE,0.000861888,-0.14485461,4.08495914,758374.6854,11152.94188,879899580,11/10/2025 15:25
Overlay,OVL,0.06041149,-0.82804474,-3.73693489,756871.8937,1573163.28,12528608.35,11/10/2025 15:25
Project Merlin,MRLN,0.01205273,-5.54892681,-19.50222431,747269.2295,2903968.485,62000000,11/10/2025 15:25
GALAXIS Token,GALAXIS,0.000223967,0.2432459,-4.30865731,744549.5878,54309.33758,3324377158,11/10/2025 15:25
AbbVie tokenized stock (xStock),ABBVX,218.7635951,0.51966765,3.35141673,743796.2232,77875.44528,3400,11/10/2025 15:25
Bostrom,BOOT,1.25E-09,0.50639922,75.60209469,737140.0683,0,5.91488E+14,11/10/2025 15:25
Axol,AXOL,0.000736856,-7.20473781,36.86368933,736856.2694,7059.050565,1000000000,11/10/2025 15:25
Thermo Fisher tokenized stock (xStock),TMOX,578.86,1.35700653,2.64021136,729363.6,49.0410192,1260,11/10/2025 15:25
Palantir Technologies Tokenized Stock (Ondo),PLTRon,193.4861476,7.38404307,-7.23179868,728812.8175,1587892.937,3766.744166,11/10/2025 15:25
Pussy Financial,PUSSY,4.41E-06,6.84371205,0.53570432,726681.5784,0,1.64757E+11,11/10/2025 15:25
GameSwift,GSWIFT,0.002012148,-0.7526185,-7.81929942,725920.866,40203.78872,360769188,11/10/2025 15:25
Torum,XTM,0.00373459,-5.27642543,3.74382889,724870.2523,85784.11819,194096317,11/10/2025 15:25
Gamestop tokenized stock (xStock),GMEX,21.5,2.33222275,-3.88913724,722392.1227,12734.3093,33599.63361,11/10/2025 15:25
CannabisCoin,CANN,0.002249084,0,0,722236.6449,0,321124782.7,11/10/2025 15:25
Mirror Protocol,MIR,0.009282256,-2.52688121,3.07759305,721627.4559,1326.946227,77742679.93,11/10/2025 15:25
Ghiblification,Ghibli,0.000721099,5.85570644,-3.74762677,720999.761,830965.2743,999861821,11/10/2025 15:25
Just A Shitcoin,SHITCOIN,0.000720715,12.91865493,3.20129102,720714.5201,32491.72363,999999999.9,11/10/2025 15:25
Circuits of Value,COVAL,0.000403303,4.55043171,-12.10587848,719831.6033,13399.24284,1784838484,11/10/2025 15:25
CYBRO,CYBRO,0.005421714,0.38316781,-0.04937732,717828.31,82932.14451,132398785.7,11/10/2025 15:25
Fenerbahçe Token,FB,0.328451413,-1.61237798,13.19719853,716024.08,1367958.379,2180000,11/10/2025 15:25
Marie Rose,MARIE,0.001696378,2.9501691,4.19609368,713649.1685,73.11056166,420690000,11/10/2025 15:25
Algorix,ALOR,0.057069864,8.04653472,-3.04347937,712167.7024,12.27236355,12478875,11/10/2025 15:25
OptionRoom,ROOM,0.056797804,3.9147908,4.28518608,709596.1484,9775.408571,12493373,11/10/2025 15:25
AS Monaco Fan Token,ASM,0.126907459,-0.38176064,-2.93956451,708143.6233,11084.29421,5580000,11/10/2025 15:25
Nitro,NITRO,1.68E-06,-5.69093634,-14.57396803,706551.194,503615.9813,4.2E+11,11/10/2025 15:25
Burn,BURN,3.72E-06,0.78470697,-14.79031868,706488.6779,10797.21637,1.8995E+11,11/10/2025 15:25
Oracle Tokenized Stock (Ondo),ORCLon,241.0937817,0.63654662,-6.43789968,705031.6921,65638.47504,2924.304755,11/10/2025 15:25
Black Mirror Experience,MIRROR,0.007344675,-1.76535759,-10.97831353,704918.0225,1234410.926,95976750,11/10/2025 15:25
Berkshire Hathaway tokenized stock (xStock),BRK.BX,502.9609344,-3.86219087,6.0182768,704145.3081,2138.242383,1400,11/10/2025 15:25
Talent Protocol,TALENT,0.003918663,-7.95856736,-3.75359269,702588.305,176291.2034,179292849.7,11/10/2025 15:25
RIBBIT,RBT,1.72E-06,-2.2905904,8.22271268,702241.839,2034.582354,4.07187E+11,11/10/2025 15:25
Kromatika,KROM,0.008736221,1.34628261,0.20424351,701349.7061,0,80280675,11/10/2025 15:25
Holy coin,HOLY,0.000700261,4.88396862,-8.88026245,700232.4766,13269.90338,999959950,11/10/2025 15:25
SavannaSurvival,SVSA,0.003637115,-21.43194203,-28.77135356,697618.9426,340184.7736,191805555.3,11/10/2025 15:25
BullDogito,BDOGITO,0.002188904,8.30335048,1.99749582,695461.8294,3291.665856,317721483,11/10/2025 15:25
NikolAI,NIKO,0.000695151,4.70050391,8.14871576,695150.7302,10052.596,1000000000,11/10/2025 15:25
Tron Bull,TBULL,0.000693301,-2.6376752,-19.56871712,693301.0315,0,999999997.2,11/10/2025 15:25
AIT Protocol,AIT,0.002343329,-0.63794833,2.6787014,692808.9428,489.3348958,295651556.5,11/10/2025 15:25
Salesforce tokenized stock (xStock),CRMX,238.65,-3.14922284,-7.15814044,692085,286.0960065,2900,11/10/2025 15:25
Vectorspace AI,VAIX,0.013873756,-5.0234413,4.07243081,691965.9826,4074.252882,49875895.48,11/10/2025 15:25
Reddio,RDO,0.000313039,-2.46512217,1.84735258,690312.832,693716.909,2205198129,11/10/2025 15:25
PepeMusk,PEPEMUSK,0.000689295,-1.28004524,-25.26353987,689294.6393,1980.221755,1000000000,11/10/2025 15:25
QSTaR,Q*,7.14E-05,-0.57006651,-4.24867982,685437.8963,0,9596124336,11/10/2025 15:25
Exeedme,XED,0.006837644,0,-9.30147217,683764.4337,0,100000000,11/10/2025 15:25
VelasPad,VLXPAD,0.002714417,0,-1.70381493,681818.5211,0,251184186.3,11/10/2025 15:25
Deeper Network,DPR,0.000210692,0.2058585,19.55580001,680620.7395,64295.01894,3230401788,11/10/2025 15:25
Vidya,VIDYA,0.016721166,1.52232224,6.58954476,680591.7553,0,40702410.73,11/10/2025 15:25
Kava Lend,HARD,0.005031604,6.62774946,5.02418439,678218.3551,23688.56967,134791668,11/10/2025 15:25
Hamster,HAM,2.84E-10,-0.96704192,1.484451,678166.6341,64004.01538,2.38423E+15,11/10/2025 15:25
Pockemy,PKM,0.000677775,-1.37634835,-13.61796243,677736.1086,0,999943061,11/10/2025 15:25
Dasha,VVAIFU,0.000682259,4.58422583,7.56242493,677676.9468,404267.6756,993284551,11/10/2025 15:25
Assisterr AI,ASRR,0.046232101,-2.66001019,-5.2369693,675913.3158,725511.4784,14620000,11/10/2025 15:25
Gasspas,GASS,1.60E-09,0.06795358,-5.75140768,674673.9488,300429.8947,4.2069E+14,11/10/2025 15:25
Giveth,GIV,0.001756328,2.69445826,0.21426476,673589.7814,258.1370682,383521553.4,11/10/2025 15:25
Striker League,MBS,0.001076269,1.320453,4.20160212,673139.0182,9586.205839,625437750,11/10/2025 15:25
Kudai,KUDAI,6.72E-06,11.01956584,27.8763773,671762.9775,0,1E+11,11/10/2025 15:25
Baby BNB,BABYBNB,0.001204746,16.17105063,35.12369569,668439.768,599477.2084,554838709.7,11/10/2025 15:25
America Party,AP,0.00066751,-9.55998156,-8.5274744,667510.2047,70556.17887,1000000000,11/10/2025 15:25
Multiple Network,MTP,0.000758077,10.45829319,-1.6258022,667107.5163,559228.9532,880000000,11/10/2025 15:25
Genopets,GENE,0.007772952,6.16493857,26.71233511,665691.609,1427.396771,85642054.55,11/10/2025 15:25
Gains,GAINS,0.01719398,-0.67120545,-8.45385185,665309.0436,5728.827805,38694301,11/10/2025 15:25
Element,ELMT,0.000382248,-11.76763102,-14.12054249,663135.7822,0,1734830085,11/10/2025 15:25
spinning cat,OIIAOIIA,0.000662861,-4.07279176,10.32380696,662733.6058,78376.72337,999807328,11/10/2025 15:25
Tiamonds,TOTO,0.00223007,-1.29385576,-6.58405218,661923.2316,96117.46162,296817304.2,11/10/2025 15:25
Valencia CF Fan Token,VCF,0.100152715,-1.40851161,0.06873435,660932.8053,22982.81772,6599250,11/10/2025 15:25
Spotify Tokenized Stock (Ondo),SPOTon,622.1222101,-3.32329446,-2.94078933,660905.8846,57525.95287,1062.340926,11/10/2025 15:25
The Next Bitcoin,BUTTCOIN,0.000658667,-9.25510794,-6.0146375,658108.4557,590445.276,999151679.4,11/10/2025 15:25
AME Chain,AME,0.001313927,9.51327216,-17.59563701,656963.3111,55519.47136,500000000,11/10/2025 15:25
AstraZeneca tokenized stock (xStock),AZNX,87.4654103,3.48301736,6.93054147,655990.5066,62952.31376,7499.999193,11/10/2025 15:25
Seedworld,SWORLD,0.000111322,-1.5149513,-1.37167006,654314.0539,0,5877691848,11/10/2025 15:25
Forj (Bondly),BONDLY,0.000656349,-3.19951326,-12.64105521,645598.7314,76619.4473,983620759,11/10/2025 15:25
CryBaby,CRYBB,0.000938915,-0.90547121,-21.99115897,653640.1833,9205762.36,696165580,11/10/2025 15:25
Wall Street Memes,WSM,0.00034658,-9.38520003,-8.69197555,652518.0634,0,1882735109,11/10/2025 15:25
Merck tokenized stock (xStock),MRKX,86.86,1.08227627,4.03641155,651450,168.3447558,7500,11/10/2025 15:25
Sentio AI,SEN,0.006628026,-8.07354169,-7.13399708,649546.5651,279006.7306,98000000,11/10/2025 15:25
KOBAN,KOBAN,0.001306336,2.46218464,-57.14879263,647945.1685,55780.63807,496001943,11/10/2025 15:25
UX Chain,UX,0.000161966,-6.45169892,5.5263244,645298.9696,6785.245453,3984164930,11/10/2025 15:25
UPTOP,UPTOP,0.003070346,-0.30960728,-7.14528504,644772.6407,19729.96655,210000000,11/10/2025 15:25
Bank of America tokenized stock (xStock),BACX,55.05,3.07058603,1.69961205,644635.5,2985.508208,11710,11/10/2025 15:25
DeFi Land,DFL,9.02E-05,-1.56989016,-0.95928492,643852.7086,17453.23181,7137303616,11/10/2025 15:25
eXPerience Chain,XPC,7.05E-06,-0.02143573,-0.0082146,642076.2113,0,91090814961,11/10/2025 15:25
Vertus,VERT,0.001217014,-0.03181333,-1.90272254,641609.0916,347172.0373,527199617,11/10/2025 15:25
WeFi,WEFI,0.015297283,0.04395248,-2.86512276,640701.1896,2350.294703,41883332,11/10/2025 15:25
Everton Fan Token,EFC,0.102520392,1.1580561,2.43442546,640663.4599,4508.118928,6249132,11/10/2025 15:25
K21,K21,0.034373032,0.021535,-4.68485702,631960.2081,9135.145526,18385349.38,11/10/2025 15:25
Alt.town,TOWN,0.000882508,13.7254304,-4.69094097,630992.9089,1249400.353,714999998,11/10/2025 15:25
Bomb Crypto (BNB),BCOIN,0.007966117,-0.42344001,-4.74200324,629336.9146,0,79001713,11/10/2025 15:25
My DeFi Pet,DPET,0.014531446,-5.17112591,-8.18829032,627792.5242,12974.73092,43202344.52,11/10/2025 15:25
Trollcoin,TROLL,0.001056155,0.91682407,-0.86674099,626099.3718,0,592810145,11/10/2025 15:25
CrowdStrike tokenized stock (xStock),CRWDX,558.4610443,3.33225528,1.2272501,625476.3696,47675.0287,1120,11/10/2025 15:25
Omax Coin,OMAX,7.22E-05,-3.63644135,-9.29229674,625469.6261,210737.134,8667996990,11/10/2025 15:25
BBS Network,BBS,0.008879824,0.50995784,4.17191644,625020.0989,717.6577966,70386540.66,11/10/2025 15:25
TOPGOAL,GOAL,0.001146754,-2.4834559,-12.53461858,623547.3556,9192.008469,543750000,11/10/2025 15:25
Rari Governance Token,RGT,0.049849767,0,-6.35451441,621727.5818,0,12472025.79,11/10/2025 15:25
International Business Machines tokenized stock (xStock),IBMX,309.28,3.24131255,0.55270174,618560,1049.547866,2000,11/10/2025 15:25
Akasha by Bloomverse,$AKA,0.000617922,2.13215448,17.26352476,617916.281,51530.35612,999991183.5,11/10/2025 15:25
Cashaa,CAS,0.000616523,-1.82073218,6.68671085,616522.8455,4062.794105,1000000000,11/10/2025 15:25
Expand,XZK,0.000897961,-1.57962438,-11.19991762,616274.4798,17700.86898,686304222.6,11/10/2025 15:25
TypeAI,TYPE,0.061592824,0.39605204,0.00784069,615928.2436,0,10000000,11/10/2025 15:25
Clustr Labs,CLUSTR,0.001231285,-0.56158509,-3.48175635,615255.5199,0,499685616,11/10/2025 15:25
RabbitX,RBX,0.000700054,0,-27.82312148,614412.9463,0,877665664.4,11/10/2025 15:25
Nabox,NABOX,2.94E-06,-2.01155004,-2.03280688,613483.2466,0,2.08614E+11,11/10/2025 15:25
Monavale,MONA,58.50061708,5.5191854,3.78465433,611689.915,11.47705064,10456.12757,11/10/2025 15:25
Robinhood,HOOD,1.37E-05,0.33564067,5.25557558,611035.5061,543983.2558,44547590451,11/10/2025 15:25
SafeMoon Inu,SMI,6.11E-07,6.23059169,-1.9298151,610796.1238,0,1E+12,11/10/2025 15:25
SUNCAT,SUNCAT,0.000610075,1.38322015,-19.68089934,610074.6528,1251194.335,1000000000,11/10/2025 15:25
SaTT,SATT,0.000187903,-1.98323806,2110.914405,609726.9178,0,3244898181,11/10/2025 15:25
Tiger Shark,TIGERSHARK,0.000608912,14.73272346,-27.222316,608911.8984,0,999999608.8,11/10/2025 15:25
Bitgesell,BGL,0.037550791,0.39311498,-5.57183735,606743.0592,917.8880748,16157930.36,11/10/2025 15:25
Coca-Cola tokenized stock (xStock),KOX,70.32419463,-0.10098611,3.33191771,604787.9015,60870.1521,8599.997549,11/10/2025 15:25
Panda Swap,PANDA,0.000678678,-1.40233977,-7.67774927,603269.2791,75627.37567,888888885,11/10/2025 15:25
Okratech Token,ORT,0.000736785,7.05433923,-0.4433814,601747.2189,322029.9582,816719844.8,11/10/2025 15:25
JPMorgan Chase tokenized stock (xStock),JPMX,316.08,-1.89639654,1.01952763,600552,424.5972178,1900,11/10/2025 15:25
BonusCloud,BXC,0.000179471,2.38325591,0.92713219,601613.0878,9122.630982,3352137888,11/10/2025 15:25
FooDriver,FDC,0.060622015,-9.85029624,-14.26259507,597852.7391,157043.7498,9861974,11/10/2025 15:25
PirateCash,PIRATE,0.021936563,-1.92693303,-0.3054855,595870.292,1048008.887,27163339,11/10/2025 15:25
Sinverse,SIN,0.000703961,-3.91724238,-18.16155607,595512.0853,339144.0858,845944168.6,11/10/2025 15:25
Coinbase Tokenized Stock (Ondo),COINon,317.7236676,1.97695512,-3.55033115,593071.2186,856304.4011,1866.625874,11/10/2025 15:25
ROOBEE,ROOBEE,0.000144511,-2.19924688,-12.79491801,592794.304,107703.9353,4102063740,11/10/2025 15:25
Bubble,BUBBLE,0.000198996,-5.11696461,-0.99010194,592567.7664,12377.11936,2977784480,11/10/2025 15:25
Brazil National Football Team Fan Token,BFT,0.020580132,4.16333349,13.46862261,592141.8405,127584.2595,28772500,11/10/2025 15:25
Jobchain,JOB,6.00E-05,-24.0820281,-25.00650439,591746.8047,1.1143951,9864586781,11/10/2025 15:25
Openfabric AI,OFN,0.003378482,-4.13415131,-19.64124697,590712.7945,93851.69267,174845640.3,11/10/2025 15:25
K9 Finance,KNINE,1.47E-06,-0.76075137,-1.49693908,590197.6472,87868.66227,4.02272E+11,11/10/2025 15:25
Mindfak By Matt Furie,MINDFAK,0.000853564,-14.76158953,-35.36644789,588959.2783,3216370.833,690000000,11/10/2025 15:25
Cisco tokenized stock (xStock),CSCOX,72.2258137,1.37716682,-3.13668527,588640.3816,50024.23799,8150,11/10/2025 15:25
DomRaider,DRT,0.0009846,0,0,582390.8915,0,591500000,11/10/2025 15:25
Biometric Financial,BIOFI,0.000148686,0.63719904,37.9992474,582004.0246,89291.98058,3914323139,11/10/2025 15:25
sekoia by Virtuals,SEKOIA,0.000588933,-0.20912274,-11.51416849,580821.7638,79067.34959,986227199.7,11/10/2025 15:25
Göztepe S.K. Fan Token,GOZ,0.150849667,-0.98317794,0.83980662,580771.2187,23121.04229,3850000,11/10/2025 15:25
Red Kite,PKF,0.005034315,3.62115747,-7.31328182,577396.2962,0,114692137.7,11/10/2025 15:25
Tensora,TORA,0.000576512,-16.88683713,-20.02226233,576511.5824,364763.4361,1000000000,11/10/2025 15:25
neurahub,NEURA,0.006960155,5.05900655,22.80708615,573124.0033,0,82343568.75,11/10/2025 15:25
Mastercard tokenized stock (xStock),MAX,545.6628297,-1.32149871,0.60729125,572940.2049,11532.22406,1049.989433,11/10/2025 15:25
STAKE,STAKE,0.067690164,0.14708015,-3.99067104,572661.7867,3.10302183,8460044.341,11/10/2025 15:25
My Crypto Heroes,MCHC,0.020873167,-0.90020872,4.01753086,571000.2214,1232.883185,27355706,11/10/2025 15:25
Lattice Token,LTX,0.01992701,0.60191083,0.21262469,570986.4751,92979.92537,28653895.88,11/10/2025 15:25
PepsiCo tokenized stock (xStock),PEPX,142.7085812,0.05237904,-0.38858185,570834.3248,55556.50684,4000,11/10/2025 15:25
UpOnly,UPO,0.005015618,7.60314914,-35.8112839,570738.6089,181364.019,113792290,11/10/2025 15:25
Perry,PERRY,0.000569812,-4.72449789,-1.96049577,569811.6529,17659.9092,1000000000,11/10/2025 15:25
Povel Durev,DUREV,0.005977474,-3.33789663,2.22216975,567860.0086,9473.611379,95000000,11/10/2025 15:25
Danaher tokenized stock (xStock),DHRX,210.4970676,-0.00201996,-3.85788237,568342.0824,9912.868605,2700,11/10/2025 15:25
Ski Mask Cat,SKICAT,0.000569632,-2.86244181,-3.68930943,564023.9551,76438.00301,990154868,11/10/2025 15:25
Workloop AI,LOOP,0.015567167,1.14847945,-8.30795544,562827.3138,3025.384474,36154769.18,11/10/2025 15:25
Belt Finance,BELT,0.058908622,-0.37043255,0.01926501,562584.5269,0,9550122,11/10/2025 15:25
Shopify Tokenized Stock (Ondo),SHOPon,158.8731423,-7.806454,-7.97841692,562584.4939,58843.82228,3541.092509,11/10/2025 15:25
Goldcoin,GLC,0.012823826,8.79572572,1.37294508,560162.9761,2061.163079,43681422,11/10/2025 15:25
Laika AI,LKI,0.001300254,13.42213395,5.9823306,556814.0194,435530.8082,428234948.5,11/10/2025 15:25
ZeroLend,ZERO,1.01E-05,10.18164355,-12.54545443,555497.4814,102522.8093,54868247451,11/10/2025 15:25
Home Depot tokenized stock (xStock),HDX,370.2683892,-0.30004236,-1.61168541,555402.5837,43336.19543,1500,11/10/2025 15:25
Revomon,REVO,0.018631197,-2.52052719,-1.4761213,554886.9267,0,29782677.77,11/10/2025 15:25
Messiah,MSIA,0.076623644,-1.14676098,-11.49266349,554474.7643,3667.900281,7236340.276,11/10/2025 15:25
Koala AI,KOKO,6.07E-08,-2.36823481,-2.60534463,552553.0155,11571.32217,9.11038E+12,11/10/2025 15:25
Swingby,SWINGBY,0.000618789,12.66783703,29.75463359,550591.4156,0,889788091.4,11/10/2025 15:25
VGX Token,VGX,0.000838154,1.6216466,-3.50525489,550156.001,629224.867,656390334.6,11/10/2025 15:25
Apeiron,APRS,0.005415837,0.09295418,-20.57132702,549772.343,9328.850748,101511980,11/10/2025 15:25
Visa tokenized stock (xStock),VX,343.61,-0.43464403,0.8304478,549774.2163,6631.879853,1599.994809,11/10/2025 15:25
Medtronic tokenized stock (xStock),MDTX,91.76,3.3915493,2.08032039,548449.52,88.88038768,5977,11/10/2025 15:25
Dypius [New],DYP,0.00296843,0.74160228,2.81660019,543378.8859,192301.1746,183052612,11/10/2025 15:25
Chevron tokenized stock (xStock),CVXX,151.18,-2.59020619,-2.67799665,544248,677.2213926,3600,11/10/2025 15:25
Large Language Model,LLM,0.000543418,14.52814411,4.06957094,543416.2463,539655.0544,999997360,11/10/2025 15:25
Long,LONG,6.88E-07,-0.67600476,-2.69139675,539149.6004,365.3170569,7.83714E+11,11/10/2025 15:25
Milady Wif Hat,LADYF,2.16E-06,-0.77300913,9.88610729,539709.1114,9094.706174,2.49993E+11,11/10/2025 15:25
Baby Neiro BNB,BABYNEIRO,1.28E-12,-2.10715821,-1.64146428,537487.8821,136277.8622,4.20E+17,11/10/2025 15:25
Self Chain,SLF,0.003213339,7.21881212,12.9920486,536627.6022,281153.6289,167000000,11/10/2025 15:25
Powsche,POWSCHE,0.00562163,-0.50340519,6.45060913,534333.866,48852.66165,95049634,11/10/2025 15:25
Fly.trade,FLY,0.041050677,104.1586948,47.13371414,525337.7948,626772.2646,12797299.2,11/10/2025 15:25
Bitcoin Second Chance,BTC,0.025395213,-2.04127661,-28.90435315,533229.4487,0,20997243,11/10/2025 15:25
NEST Protocol,NEST,0.000181968,-0.02807292,0.00398643,529843.2971,411843.7315,2911743948,11/10/2025 15:25
Baby Shark Meme,BABYSHARK,0.000622979,34.28588416,-0.30299905,529126.9115,49663.2052,849349306,11/10/2025 15:25
Reddit Tokenized Stock (Ondo),RDDTon,204.1856496,1.12945488,-0.04092316,528300.9272,59542.84147,2587.355812,11/10/2025 15:25
Groyper (groypereth.vip),GROYPER,0.005678484,-0.99504426,-1.29842551,528099.0321,1495.509993,93000000,11/10/2025 15:25
Honeywell tokenized stock (xStock),HONX,194.969811,0.37136789,-1.46079608,526418.4897,57096.75698,2700,11/10/2025 15:25
Integral,ITGR,0.002391659,-1.43656304,-10.80081254,523779.7133,8915.917945,219002684,11/10/2025 15:25
Aston Villa Fan Token,AVL,0.105124836,0.44239242,-1.29365027,525587.9106,6142.420289,4999655,11/10/2025 15:25
B-cube.ai,BCUBE,0.014733765,5.12748601,-2.13809756,522674.823,837.4071742,35474626.38,11/10/2025 15:25
Mubarakah,MUBARAKAH,0.000521328,-0.73966302,-2.60839926,521328.4934,19869.00088,1000000000,11/10/2025 15:25
QnA3.AI,GPT,0.000626127,-2.52573298,17.06452175,520666.1829,11469.90591,831566270,11/10/2025 15:25
XCarnival,XCV,0.000658237,-0.49067261,-5.29601114,520428.8491,87201.28207,790640622,11/10/2025 15:25
LandWolf (SOL),WOLF,5.20E-05,-0.02329721,-0.01208197,519793.9204,0,9998722012,11/10/2025 15:25
Pixelverse,PIXFI,0.000153037,-6.62756123,5.16921666,519818.0513,320105.8838,3396677753,11/10/2025 15:25
Smart Layer Network,SLN,0.012443577,-11.08740622,-21.06119905,515437.4592,20727.51929,41421970.44,11/10/2025 15:25
ANGL TOKEN,ANGL,0.002165638,8.07049112,-8.23769447,517948.4087,0,239166686,11/10/2025 15:25
Skillful AI,SKAI,0.001428325,-0.38614088,-3.75487751,517545.5523,9797.050421,362344272.4,11/10/2025 15:25
Dotmoovs,MOOV,0.000704534,-1.00754208,-4.03920172,515140.954,15107.6034,731180094,11/10/2025 15:25
Accenture tokenized stock (xStock),ACNX,244.5045942,-0.44209401,-1.69341602,513459.6478,29047.30598,2100,11/10/2025 15:25
Andy BSC,ANDY,5.13E-09,-4.63355231,-9.12537178,512774.2922,10372.09814,1E+14,11/10/2025 15:25
BitcoinZ,BTCZ,4.07E-05,-16.44922591,3.50126729,512740.3087,1144.561855,12604351724,11/10/2025 15:25
BizAuto,BIZA,0.000191454,9.38748412,15.3041942,512528.9464,33073.05668,2677034361,11/10/2025 15:25
NEWM,NEWM,0.000212421,1.56748411,0.31225482,512453.9041,60976.51808,2412447151,11/10/2025 15:25
UnityMeta,UMT,21.7237068,0,0,511701.9137,0,23555,11/10/2025 15:25
Dolos The Bully,BULLY,0.00053266,3.88781054,-20.85842031,511647.8974,243862.6151,960552281,11/10/2025 15:25
LandX Finance,LNDX,0.03605971,-1.47973966,-7.26145182,511176.3293,82546.072,14175830.46,11/10/2025 15:25
Wrapped Dog,WDOG,0.000509042,2.65231615,6.12689752,509041.3374,270651.9252,999998439,11/10/2025 15:25
SAD HAMSTER,HAMMY,0.000540243,13.41345921,10.89788074,508855.8159,35239.663,941901250,11/10/2025 15:25
Garlicoin,GRLC,0.007393085,0.91682407,-13.25839837,508806.6979,0.00316678,68821976.17,11/10/2025 15:25
Abbott tokenized stock (xStock),ABTX,125.5144312,0.46320423,1.83652534,508333.3735,13185.39775,4049.99942,11/10/2025 15:25
3space Art,PACE,0.007026491,-4.43708417,-1.18164496,507112.4916,9215.32331,72171511.66,11/10/2025 15:25
EPIK Prime,EPIK,0.000393764,8.21322482,11.47266869,504763.7258,61052.90053,1281894231,11/10/2025 15:25
Spain National Fan Token,SNFT,0.021997467,-7.79511289,12.6644206,503818.3769,67442.89262,22903472,11/10/2025 15:25
VentureMind AI,VNTR,0.001162785,-6.46873913,11.00701705,503482.4271,85463.40109,432996944,11/10/2025 15:25
QSTAY,QSTAY,0.000502361,-13.50049629,-26.57291715,502348.1924,14027.9295,999975060.7,11/10/2025 15:25
DAFI Protocol,DAFI,0.000440342,-2.09801581,-10.15637603,501530.9965,13699.74752,1138957714,11/10/2025 15:25
Forward Protocol,FORWARD,0.000100285,-0.0251579,-2.5515017,501407.7826,146870.2092,4999822645,11/10/2025 15:25
ETHEREUM IS GOOD,EBULL,5.01E-05,-7.53059327,-1.69494474,501267.632,7324.280256,10000000000,11/10/2025 15:25
Ferro,FER,0.000537223,2.59989435,-22.16506032,500977.1038,16045.03588,932530341,11/10/2025 15:25
Locked Money,LMY,0.000830617,-0.60260958,-5.82797086,500409.4289,0,602454732,11/10/2025 15:25
catgirl,CATGIRL,1.61E-11,-3.01375012,-2.0773136,499975.1482,0,3.10E+16,11/10/2025 15:25
Feathercoin,FTC,0.00211231,0.91682407,-0.6985787,499773.0273,22.32679477,236600238,11/10/2025 15:25
Carlo,CARLO,0.000537287,-1.19500856,-11.7078451,498028.197,0,926931816,11/10/2025 15:25
Walken,WLKN,0.000328585,-4.92179354,-12.45289713,496089.235,34029.05699,1509776274,11/10/2025 15:25
XRADERS,XR,0.009731826,0.48265888,-4.46179687,495029.3702,1304440.467,50867058,11/10/2025 15:25
Blockchain Brawlers,BRWL,0.000494203,3.60273935,13.81615942,494202.6078,11202.88944,1000000000,11/10/2025 15:25
Make CRO Great Again,MCGA,0.000493255,7.77210009,6.52378788,493254.6812,0,1000000000,11/10/2025 15:25
Clash of Lilliput,COL,0.006002934,-0.02807292,0.00398643,492687.1952,0,82074400,11/10/2025 15:25
Everyworld,EVERY,0.000193288,6.34253883,10.05495121,492730.7463,337816.8779,2549201959,11/10/2025 15:25
Unification,FUND,0.014293717,0,-8.49090628,492381.4006,0,34447402,11/10/2025 15:25
Dust Protocol,DUST,0.025666993,-0.17607841,-1.62353919,491367.9435,412.4083042,19143962,11/10/2025 15:25
Ithaca Protocol,ITHACA,0.00615488,-1.09932371,-19.57925409,491073.8157,265168.2665,79786095,11/10/2025 15:25
Infinitar,IGT,0.001571521,17.73904797,-18.26895166,488207.3547,17197.44366,310659156,11/10/2025 15:25
Honk,HONK,0.000530342,0.13730436,2.79461347,487818.8074,0,919818677.2,11/10/2025 15:25
888,888,0.005488149,-0.11391514,-8.51061809,487645.3675,473.6720819,88854249,11/10/2025 15:25
Saakuru Protocol,SKR,0.000575606,-1.26615018,2.03495135,484122.3644,0,841065866.8,11/10/2025 15:25
The Winkyverse,WNK,8.80E-05,-0.06185429,-0.13084713,483464.7562,59190.76322,5495676469,11/10/2025 15:25
STARSHIP,STARSHIP,0.02555623,-1.18637689,-1.9801252,483223.7981,674.9101133,18908258,11/10/2025 15:25
Wonderman Nation,WNDR,0.033767533,-0.95675729,-5.75987485,480022.1944,10569.85157,14215495,11/10/2025 15:25
MAHA.xyz,MAHA,0.109174583,0.30617874,-20.60556039,479439.7461,67732.66891,4391496,11/10/2025 15:25
DeFinder Capital,DFC,0.018029608,7.95775306,-17.75421894,478925.5109,283.7298916,26563279,11/10/2025 15:25
Wing Finance,WING,0.090162408,5.01275748,4.56408479,479155.3185,81884.3496,5314358.07,11/10/2025 15:25
Linde tokenized stock (xStock),LINX,418.13,-1.19801512,-0.36932901,478758.85,43.19533778,1145,11/10/2025 15:25
Bitcoin Plus,XBC,1.735273494,10.97845755,65.86249282,478419.802,0,275702.8236,11/10/2025 15:25
Green Satoshi Token (BSC),GST,0.002253714,0.93708232,-0.90178057,477924.9071,40.94537186,212060989.7,11/10/2025 15:25
PAWS,PAWS,9.00E-06,2.95241318,-5.78004516,477646.3522,288389.8096,53056726596,11/10/2025 15:25
Luigi Mangione,LUIGI,0.000475237,5.42204744,4.33143518,475212.4125,636270.0532,999948924,11/10/2025 15:25
CryptoTradingFund,CTF,0.100556077,-3.81053342,0.60382718,475160.0811,611.3421247,4725324.372,11/10/2025 15:25
TAOCat by Virtuals & Masa,TAOCAT,0.00047159,1.32255367,4.4438528,471589.7732,84179.39235,1000000000,11/10/2025 15:25
BiFi,BIFI,0.000978574,-0.67440261,8.67777672,471104.3326,11138.75531,481419049.7,11/10/2025 15:25
Nutcoin,NUT,2.34E-08,-3.12720221,-10.86004662,470612.6225,389190.5908,2.00928E+13,11/10/2025 15:25
Spore,SPORE,1.54E-11,-4.36340349,2.92340971,470210.6474,109.1848628,3.05E+16,11/10/2025 15:25
Janitor,JANITOR,0.000469321,-7.56051664,-11.67981508,469321.2574,51284.14452,1000000000,11/10/2025 15:25
XMON,XMON,312.7489449,2.13391335,20.18804257,467533.9553,0,1494.91777,11/10/2025 15:25
Dark Cheems,TOTAKEKE,0.000466439,-6.98057714,1.07038195,466438.9395,208920.0531,1000000000,11/10/2025 15:25
Urolithin A,URO,0.000465978,-6.42769692,-2.70267572,465746.2275,606281.4038,999502806.4,11/10/2025 15:25
Robinhood Markets Tokenized Stock (Ondo),HOODon,135.232059,3.04985667,-7.91063616,462681.8874,1505794.063,3421.392018,11/10/2025 15:25
Philip Morris tokenized stock (xStock),PMX,154.53,0.89448942,6.81551116,463590,803.8975113,3000,11/10/2025 15:25
Chuck,CHUCK,0.000528269,-0.40516577,-14.19302708,463502.9973,54874.10392,877399618,11/10/2025 15:25
Sylo,SYLO,7.08E-05,-0.18319982,-9.45769886,461555.6394,237731.9945,6514652100,11/10/2025 15:25
Cryowar,CWAR,0.001769572,19.82135972,27.1724389,460088.6648,10970.38059,260000000,11/10/2025 15:25
Renewable Energy Token,RET,2.29E-11,-2.48081222,-9.77841473,459942.836,271576.1744,2.01E+16,11/10/2025 15:25
Portuma,POR,0.000121502,20.0229378,32.6647281,459856.204,83635.43146,3784748038,11/10/2025 15:25
Gameswap,GSWAP,0.041534137,6.93883725,-3.33793198,458239.4102,0,11032838.09,11/10/2025 15:25
Matr1x,MAX,0.003509057,-4.14292107,-50.87128464,458002.1176,928866.9314,130520000,11/10/2025 15:25
CloakCoin,CLOAK,0.074996413,0,-1.85917683,455648.3897,0,6075602.473,11/10/2025 15:25
CBPAY Global,CBPAY,0.000123609,0.81892325,-0.14899122,454962.7489,0,3680656565,11/10/2025 15:25
HarryPotterObamaPacMan8Inu,XRP,0.005573989,6.42918299,1.52036673,454823.6631,0,81597517,11/10/2025 15:25
Govi,GOVI,0.014461895,-0.25924727,0.08203214,453864.5653,11561.5511,31383479,11/10/2025 15:25
Finceptor,FINC,0.00814139,-4.01526514,-20.66717957,452859.485,142846.0754,55624346.57,11/10/2025 15:25
Dfyn Network,DFYN,0.002632211,-0.3745674,-0.40521809,452420.7259,153668.7457,171878615,11/10/2025 15:25
ForTube,FOR,0.000568456,12.09496334,2.50962908,451922.4418,14197.56262,795000000,11/10/2025 15:25
BendDAO,BEND,0.000124412,-0.00418124,-6.57457445,451607.1381,0,3629922028,11/10/2025 15:25
Kava Swap,SWP,0.013298178,1446.370545,1190.391963,450198.7387,1422.523036,33854166,11/10/2025 15:25
SGC,SGC,0.000265202,-47.51562769,33.3876814,449085.8298,1296724.28,1693372841,11/10/2025 15:25
LAMBO,LAMBO,4.49E-05,9.16835858,18.49076679,448857.2885,0,10000000000,11/10/2025 15:25
Aster Dog,ADOG,0.000479893,14.20969715,4.06404852,448656.5099,39103.65756,934908796,11/10/2025 15:25
Ÿ,YAI,0.004915595,0.89410169,-4.62816948,447319.1756,0,91000000,11/10/2025 15:25
PLANET,PLANET,5.24E-07,0.91890925,-1.76144015,446518.9561,9250.542766,8.5145E+11,11/10/2025 15:25
Worlds First Memecoin,LOLCOIN,0.000445848,1.56494805,10.64489307,445675.727,132310.123,999612857.6,11/10/2025 15:25
PlayZap,PZP,0.005189523,-5.33148204,-18.89545578,445498.2334,276072.956,85845698,11/10/2025 15:25
NULS,NULS,0.003876615,0.25776146,-1.40988896,442869.8584,63036.41639,114241392.8,11/10/2025 15:25
RigoBlock,GRG,0.163943475,-3.71431502,-7.19593554,442821.6533,0,2701063,11/10/2025 15:25
Paribus,PBX,5.88E-05,-11.525842,0.88680176,441341.9598,14341.98309,7511811272,11/10/2025 15:25
Moonray,MNRY,0.002285028,-19.59069133,-41.34002365,438921.8538,83599.57389,192086026.5,11/10/2025 15:25
Baby Pepe,BABYPEPE,1.04E-06,-0.98539591,-2.64544967,437975.0855,0,4.2069E+11,11/10/2025 15:25
Deri Protocol,DERI,0.003500223,-2.0534741,-4.54730458,436463.1467,12247.69985,124695829,11/10/2025 15:25
Numogram,GNON,0.00043617,1.07495154,-1.11149561,436169.6819,678572.4366,1000000000,11/10/2025 15:25
UnMarshal,MARSH,0.006635358,0.6884789,-3.89089999,435560.669,436977.8299,65642378.86,11/10/2025 15:25
Stream SZN,STRSZN,0.000435304,-0.39292392,3.32498725,435303.5188,142886.522,1000000000,11/10/2025 15:25
Pepoclown,HONK,1.05E-09,-1.32631826,14.87982771,434135.8318,772.8759095,4.1518E+14,11/10/2025 15:25
Ertha,ERTHA,0.000216869,0.96708924,-11.32289784,433737.6661,71056.59116,2000000000,11/10/2025 15:25
Elderglade,ELDE,0.002628334,-7.43469317,-16.09605572,433236.9897,1806951.113,164833330,11/10/2025 15:25
Joystream,JOY,0.000392395,-6.90597606,-5.70082722,432263.8225,109928.5599,1101602811,11/10/2025 15:25
xHashtag AI,XTAG,0.006488728,-1.55731468,-4.86460929,429352.6766,90633.23974,66169002,11/10/2025 15:25
Lemmy The Bat,LBAI,6.22E-06,6.7672286,-17.63610523,429074.2862,856851.4274,69000000000,11/10/2025 15:25
Sharpe AI,SAI,0.003835325,2.92464861,-8.25266491,428872.3403,162034.0437,111821649,11/10/2025 15:25
SUGARVERSE,CNDY,0.000916035,-0.57120579,-3.86398438,427417.5607,44373.25553,466595178,11/10/2025 15:25
WAM,WAM,0.000914779,2.48069753,1.25716299,425171.3745,47295.24259,464780364,11/10/2025 15:25
KAI KEN,KAI,1.01E-09,0.44707345,-4.21924131,423266.712,51613.7334,4.2069E+14,11/10/2025 15:25
PIKACHU INU,PIKACHU,4.48E-12,-5.21673128,14.82209125,420899.8586,0,9.39E+16,11/10/2025 15:25
Prism,PRISM,0.000728775,-12.00552662,-14.43676533,420613.9807,12951.67476,577152438,11/10/2025 15:25
Comcast tokenized stock (xStock),CMCSAX,27.14795825,-0.73036807,-0.42219158,418078.557,47620.52269,15400,11/10/2025 15:25
DSLA Protocol,DSLA,7.57E-05,9.38035374,-2.17776126,415941.185,0,5491802966,11/10/2025 15:25
Broccoli (broccolibnb.org),BROCCOLI,0.002257027,-5.47486586,-14.97849795,415881.9641,179624.0706,184260935.8,11/10/2025 15:25
Idena,IDNA,0.004952622,9.11278529,0.63391052,412959.4707,0,83381991.8,11/10/2025 15:25
CheckDot,CDT,0.053030569,0.41296984,-3.29059046,410755.4482,0,7745635.25,11/10/2025 15:25
Gemach,GMAC,0.000820187,-10.37299193,-7.81196688,410093.6875,0,500000000,11/10/2025 15:25
MoonDAO,MOONEY,0.000295337,-1.64932057,-0.90090349,406123.0194,9318.86138,1375119250,11/10/2025 15:25
Commune AI,COMAI,0.007298402,19.63358522,143.2945079,405996.5202,19418.06019,55628141,11/10/2025 15:25
Gremly,$GREMLY,9.86E-10,-2.04046967,-5.23399326,405857.3649,17272.64657,4.11654E+14,11/10/2025 15:25
DOGGY,DOGGY,0.000180155,-1.31887345,-1.75740244,405455.9089,0,2250595564,11/10/2025 15:25
Chainge,XCHNG,0.000855017,1.7548963,-38.91807069,405317.6518,3472.25428,474046128,11/10/2025 15:25
BLOCX.,BLOCX,0.004045147,1.08116869,16.16268721,404940.1508,265847.1035,100105174,11/10/2025 15:25
Ariva,ARV,5.54E-06,1.12665999,23.56028332,402271.0646,11707.62244,72553169190,11/10/2025 15:25
BSCS,BSCS,0.001486768,0.5869413,-4.40969249,401363.9438,9226.633081,269957373.9,11/10/2025 15:25
Heroes of NFT,HON,0.004498679,0.77970985,6.79080105,398290.0626,2882.842584,88534892,11/10/2025 15:25
SpookySwap,BOO,0.055045166,-3.63007484,25.04035521,399584.4007,0,7259209.71,11/10/2025 15:25
Blink Galaxy,GQ,6.70E-05,-1.73723848,-46.11230208,397753.2781,9347.830421,5933475330,11/10/2025 15:25
DeFrogs,DEFROGS,39.7346146,3.00241041,-5.11531944,397346.146,0,10000,11/10/2025 15:25
Bitcoin Bam,BTCBAM,0.038610782,0.07339883,0.70497683,396792.9324,29340.31984,10276739,11/10/2025 15:25
Canxium,CAU,0.321284265,0.27812324,14.48676826,395815.7894,33743.75456,1231980,11/10/2025 15:25
Peezy 0x69,PEEZY,1.29E-06,1.66855788,5.20919537,394315.477,171238.9616,3.0565E+11,11/10/2025 15:25
ORA,ORA,0.010730158,-7.51172127,-15.94349137,393439.1119,0,36666666,11/10/2025 15:25
Bitcoin Silver AI,BSAI,280.1025338,-0.02397809,-0.01986833,392423.6499,187521.7242,1401,11/10/2025 15:25
HUND,HUND,0.000977053,-0.73268004,-3.34612945,390751.0348,438502.1667,399928355.4,11/10/2025 15:25
VisionGame,VISION,0.000642735,-5.60028641,-23.54354301,388854.6918,28459.94746,605000000,11/10/2025 15:25
CyberFi Token,CFi,0.161684244,2.08304318,-2.66267845,388042.1865,9279.297021,2400000,11/10/2025 15:25
Samsunspor Fan Token,SAM,0.189650886,-3.61979625,3.20345127,388016.989,53778.46541,2045954,11/10/2025 15:25
Launch Coin on Believe,LAUNCHCOIN,0.00038682,-6.64061965,109.1224908,386771.5506,102259.8886,999874290,11/10/2025 15:25
The First Youtube Cat,PAJAMAS,0.000394949,-1.60340719,10.88267577,387016.5363,0,979915056.9,11/10/2025 15:25
Puffverse,PFVS,0.003307585,2.25592529,10.38585523,385664.4222,499221.7708,116600000,11/10/2025 15:25
Limoverse,LIMO,0.003299395,-4.69278014,7.93108979,381914.3232,79458.01366,115752850.4,11/10/2025 15:25
Grove Coin,GRV,0.004010708,-0.75252211,-4.61366151,381351.4454,38648.79756,95083335,11/10/2025 15:25
PlotX,PLOT,0.005744587,-0.07811192,-1.72683782,380972.7369,0,66318562,11/10/2025 15:25
CryptoZoon,ZOON,0.000542443,-3.2018659,1.63717908,378691.2638,94869.85319,698121241.6,11/10/2025 15:25
RAT Escape,RAT,0.000378148,-1.04191341,-2.04082789,378123.8782,99815.23824,999935116,11/10/2025 15:25
MintMe.com Coin,MINTME,0.000692685,0.25997114,-6.13117737,376842.8246,2389.862096,544032161.6,11/10/2025 15:25
Shieldeum,SDM,0.001245821,-0.34055332,2.25970925,376798.5286,637651.9864,302449970.7,11/10/2025 15:25
Morpheus Infrastructure Node,MIND,0.00027512,16.04496475,8.52188466,375869.4461,55421.90986,1366201800,11/10/2025 15:25
Elixir Games,ELIX,0.00152667,-0.48105832,-5.86674318,375447.6677,95041.87839,245925876.8,11/10/2025 15:25
AGON Agent,AGON,0.000375433,2.65540149,-32.55270397,375432.7616,49963.64814,1000000000,11/10/2025 15:25
BNB MEME SZN,SZN,0.000374031,-15.78234768,-17.30144667,374030.6263,470975.3444,1000000000,11/10/2025 15:25
FU Coin,FU,1.92E-06,-2.83043595,-5.97017147,373538.422,0,1.9453E+11,11/10/2025 15:25
SubHub,SUBHUB,0.003963493,1.19361683,-34.35653772,372568.3221,616332.081,94000000,11/10/2025 15:25
Nafter,NAFT,0.000373101,-2.23396598,-4.15027085,372225.6258,9628.327563,997653480.6,11/10/2025 15:25
EXPERT_MONEY,EXPERT,0.000509391,13.49328985,12.28534439,371851.0213,92157.08138,729990779.7,11/10/2025 15:25
KEK,KEKE,5.00E-09,-0.18402544,-3.99787667,371591.2397,1.02001814,7.42804E+13,11/10/2025 15:25
Figma Ord Shs Tokenized Stock (Ondo),FIGon,44.42055608,0.90026579,-7.55931938,371487.8997,58963.06555,8362.972742,11/10/2025 15:25
Pomerium,PMG,0.002252938,-0.06058466,14.27769432,371312.1028,164659.3548,164812410.6,11/10/2025 15:25
Neiro (neiro.lol),NEIRO,0.000371009,0.51489468,-2.98639679,371009.1045,235390.0126,999999969,11/10/2025 15:25
Engines of Fury,FURY,0.007729552,5.55520373,-38.54699244,371040.8909,305579.2179,48002895.01,11/10/2025 15:25
Elemon,ELMON,0.000574278,1.28283967,-8.84845663,370356.4381,0,644908310,11/10/2025 15:25
Alfa Romeo Racing ORLEN Fan Token,SAUBER,0.132617895,-0.8670409,-1.23123174,369464.5697,26486.45166,2785933,11/10/2025 15:25
Itheum,ITHEUM,0.000760204,0.54838603,14.81627115,369793.7247,297.2961849,486440336,11/10/2025 15:25
UNS TOKEN,UNS,0.003499099,0,-97.69766118,369519.5789,0,105604200,11/10/2025 15:25
Game7,G7,0.000160174,-0.76070107,-49.35535616,368399.5922,21591.32797,2299999998,11/10/2025 15:25
Polkadex,PDEX,0.043979734,-11.8208946,11.44359427,367670.5774,22566.41334,8360000,11/10/2025 15:25
Gorilla,GORILLA,0.000424025,-0.14579776,-0.12596282,367706.7117,59278.94043,867182309.1,11/10/2025 15:25
Broak on Base,BROAK,0.000593952,1.42563059,-8.12531149,367383.565,239921.9759,618540783.3,11/10/2025 15:25
Dexlab,XLAB,1.04E-06,2.31145867,-10.41315854,366871.7897,865819.616,3.51667E+11,11/10/2025 15:25
XMoney Solana,XMONEY,0.00044535,-8.18448421,-4.89264921,365952.6993,10216.09465,821720011,11/10/2025 15:25
Aston Martin Cognizant Fan Token,AM,0.131388908,-3.38313136,0.31240576,364510.4068,39341.4629,2774286,11/10/2025 15:25
Nova Fox,NFX,0.039359382,6.95587047,11.75016313,364049.7669,3124.645869,9249377,11/10/2025 15:25
Wisdomise AI,WSDM,0.000619099,-0.65450182,-9.05800398,363522.7396,248100.2141,587180511.8,11/10/2025 15:25
Skeb Coin,SKEB,0.000315021,-0.33618044,-0.31745751,363373.9476,9612.16004,1153490031,11/10/2025 15:25
Metrix Coin,MRX,2.15E-05,10.30239348,9.73489097,362319.9428,14.16432267,16853712113,11/10/2025 15:25
Shiryo,SHIRYO,3.68E-13,7.54869947,13.44977723,361388.5066,0,9.82E+17,11/10/2025 15:25
OpenLeverage,OLE,0.001912741,-0.15677013,-9.64160246,360801.5076,9371.462791,188630573,11/10/2025 15:25
Crowny,CRWNY,0.000773481,13.2744513,5.74290558,357496.7709,3457.39869,462191889.2,11/10/2025 15:25
RioDeFi,RFUEL,0.001040552,-0.14039954,0.64782329,358523.0315,13419.701,344550837.9,11/10/2025 15:25
Buckazoids,Buckazoids,0.000355637,3.43483712,-1.42330963,355598.5652,107146.325,999893175,11/10/2025 15:25
PointPay,PXP,0.011800935,0.28472982,-17.53401241,354028.0463,54420.67552,30000000,11/10/2025 15:25
NDQ666,NDQ,0.000353963,-1.13372012,-3.27490537,353962.9169,124804.0038,1000000000,11/10/2025 15:25
Zap,ZAP,0.001496882,2.67845938,-25.74712996,353480.4393,0,236144465,11/10/2025 15:25
Habibi,HABIBI,0.000433458,1.34066773,-4.93038501,352982.3963,1920.540894,814340580,11/10/2025 15:25
Nura Labs,NURA,3.50E-05,2.58567116,-22.7992363,349808.1368,17083212.75,10000000000,11/10/2025 15:25
SafeBlast,BLAST,1.99E-09,-0.02598709,-0.00126958,349273.7621,0,1.7555E+14,11/10/2025 15:25
Courage The Dog,CCDOG,0.000348956,-1.55963635,-23.48080296,348956.2845,422597.549,1000000000,11/10/2025 15:25
UniLend,UFT,0.003801346,0.05699897,-1.28876312,348465.4355,56304.05959,91668971.45,11/10/2025 15:25
Astrafer,ASTRAFER,0.002225701,0,-9.00868571,348137.692,0,156417090,11/10/2025 15:25
BHO Network,BHO,8.60E-05,-1.04151867,15.56308326,347604.4647,0,4040989355,11/10/2025 15:25
MXC,MXC,0.00011245,-5.01135791,-62.74582182,346190.0768,542001.3971,3078605931,11/10/2025 15:25
Linear Finance,LINA,3.46E-05,-0.23171933,21.70910286,345774.2738,1042.662404,9996646261,11/10/2025 15:25
MicroStrategy Tokenized Stock (Ondo),MSTRon,237.0277084,-2.13169622,-10.14685528,344190.4056,335150.8315,1452.110422,11/10/2025 15:25
TABOO TOKEN,TABOO,3.52E-05,-1.01100873,-3.97478201,343930.4896,40.70045207,9782678080,11/10/2025 15:25
Karlsen,KLS,0.000140068,0.76987941,-0.45109263,343923.1679,131896.718,2455396127,11/10/2025 15:25
GAMER,GMR,0.001050867,-0.8519314,5.98709506,343255.5845,134.7593314,326640265,11/10/2025 15:25
MOSS AI,MOSS,0.000377567,-7.11962981,15.46031484,343104.5396,380701.5606,908723727.4,11/10/2025 15:25
Palette,PLT,49.03831308,-0.95717915,-1.58120022,341748.0039,0,6969,11/10/2025 15:25
Callisto Network,CLO,0.000103944,-5.57606135,8.77063663,341725.3616,0,3287576782,11/10/2025 15:25
Cryptify AI,CRAI,0.000352787,12.02438153,14.6222556,340439.722,0,965000000,11/10/2025 15:25
Revain,REV,4.00E-06,0,21.19671014,340156.4375,0,85061000000,11/10/2025 15:25
Bware,INFRA,0.082232342,-0.4897531,-0.55050083,339693.3358,9059.058257,4130897,11/10/2025 15:25
Riot Platforms Tokenized Stock (Ondo),RIOTon,17.26831028,0.94387356,-16.67237832,337468.9958,2115.531838,19542.67616,11/10/2025 15:25
GoCrypto Token,GOC,0.001373201,-0.1214209,-4.12461747,336816.5675,0,245278437.8,11/10/2025 15:25
Hasbulla's Cat,BARSIK,0.000335616,11.8539842,3.60110362,335589.7798,229667.8402,999921820.2,11/10/2025 15:25
Dogey-Inu,DINU,4.58E-10,4.22462209,7.71825048,335237.4898,428.5088412,7.31381E+14,11/10/2025 15:25
Football World Community,FWC,7.92E-12,0.00082376,0.0134153,334831.7282,345531.2672,4.23E+16,11/10/2025 15:25
Ignis,IGNIS,0.000439905,-18.56251036,-10.2118692,334830.6836,5.76536112,761143950,11/10/2025 15:25
Dreams Quest,DREAMS,0.000213907,-2.37724162,-5.25388835,334572.5457,252576.8329,1564101228,11/10/2025 15:25
Bitcoin Atom,BCA,0.018151368,0.01085439,0.84967277,334328.7952,0,18418931.25,11/10/2025 15:25
Deutsche eMark,DEM,0.00211231,0.91682407,-0.86674099,334231.6816,0.23223024,158230418.8,11/10/2025 15:25
Infinity PAD,IPAD,0.000334069,0,-1.23686288,334068.7628,0,999999990,11/10/2025 15:25
ApeBond,ABOND,0.000967477,-0.61776254,-22.40951822,332583.7439,0,343763857,11/10/2025 15:25
AmonD,AMON,4.60E-05,-8.04967079,-47.13102225,330047.3835,3793.929008,7176499999,11/10/2025 15:25
Memhash,MEMHASH,0.000390541,-3.77680919,-5.10488223,329379.2285,97701.80185,843392248,11/10/2025 15:25
Edge Matrix Chain,EMC,0.001609654,4.66263691,13.32976362,329157.5424,9563.47217,204489614,11/10/2025 15:25
Coinye West,COINYE,0.000407564,-2.09644956,-2.26328925,326558.8339,1148.627651,801244726,11/10/2025 15:25
SENATE,SENATE,0.002371809,-0.43332276,17.29529235,326200.0874,0,137532197.3,11/10/2025 15:25
AtromG8,AG8,0.007761844,0,0,325997.4624,0,42000000,11/10/2025 15:25
Eloncoin,ELON,4.72E-07,-0.25822787,-3.36705568,323758.6779,0,6.8522E+11,11/10/2025 15:25
All.Art Protocol,AART,7.95E-05,1.48979337,-33.4648517,323644.0796,10804.16987,4070592021,11/10/2025 15:25
Mint Club V1,MINT,3.10E-07,-2.97277279,-6.42352015,322928.4038,0,1.04131E+12,11/10/2025 15:25
Amber tokenized stock (xStock),AMBRX,1.912107956,-42.85619459,9.14828561,322179.1379,1611.66289,168494.2196,11/10/2025 15:25
BIAO,BIAO,0.000321742,10.63456183,5.26947504,321742.1206,309329.9462,999999994,11/10/2025 15:25
Playermon,PYM,0.000750929,-0.6254538,-1.42519312,320701.0801,19673.72096,427072302,11/10/2025 15:25
rocky,ROCKY,0.000318095,6.16956242,-9.18384431,318094.7519,6698.750329,1000000000,11/10/2025 15:25
Coldstack,CLS,0.013490066,0.0435349,-6.63679449,317207.6836,42834.7077,23514168,11/10/2025 15:25
I'm a Jeet,JEETS,0.000315757,4.28869356,-7.10332608,315754.5042,0,999990748.3,11/10/2025 15:25
TRI SIGMA,TRISIG,0.000314018,13.94144683,10.96474119,314001.1154,74641.15406,999946805,11/10/2025 15:25
FCK925,FCK925,0.000311094,-10.70257584,-23.33641073,311091.9514,10862.98255,999992431,11/10/2025 15:25
ZKFair,ZKF,3.10E-05,15.23338195,49.80166021,310009.7833,48639.96154,10000000000,11/10/2025 15:25
Niftyx Protocol,SHROOM,0.006028666,-0.63832164,-1.77500858,309789.3931,25.80777344,51386058,11/10/2025 15:25
ROND,ROND,0.00069797,0.51961003,-0.26054948,309274.4569,6648.473167,443105937,11/10/2025 15:25
E4C,E4C,0.00238581,-2.73011111,-2.02776813,305946.8644,24072.51138,128236046,11/10/2025 15:25
SparkPoint,SRK,2.35E-05,-0.6826622,1.79180953,305757.2344,0,13007597452,11/10/2025 15:25
Tigres Fan Token,TIGRES,0.0902,1.34831461,2.5,304611.6238,3103.678228,3377069,11/10/2025 15:25
Hourglass,WAIT,0.00311505,0,-2.56327771,304502.2941,0,97751977.45,11/10/2025 15:25
DerivaDAO,DDX,0.01166626,0.50995784,4.17191644,304427.1235,23.49741116,26094664,11/10/2025 15:25
MARA Holdings Tokenized Stock (Ondo),MARAon,15.59958457,-1.93277459,-12.60286041,303807.7123,119.1460122,19475.37198,11/10/2025 15:25
Success Kid,SKID,0.003492407,-0.2475685,24.48074559,302940.7667,0,86742698,11/10/2025 15:25
Gondola,GONDOLA,7.38E-07,1.51127498,-6.90775511,301674.1883,0,4.08529E+11,11/10/2025 15:25
FYDcoin,FYD,0.000491316,0,0,301659.6423,0,613982926.2,11/10/2025 15:25
stabble,STB,0.004077237,-1.09261912,-29.19667079,301266.5169,9619.289458,73889865,11/10/2025 15:25
LET HIM COOK,COOK,0.000300902,5.33386637,23.95811421,300567.8886,0,998888631.8,11/10/2025 15:25
Speedy,SPEEDY,0.000300228,-11.42342718,-17.93221906,300228.3256,7043.501574,1000000000,11/10/2025 15:25
Juggernaut,JGN,0.00200012,0,0,300017.9673,0,150000000,11/10/2025 15:25
AppLovin Tokenized Stock (Ondo),APPon,656.3678057,-12.5987985,3.88339227,299036.0662,64819.9193,455.5922207,11/10/2025 15:25
Bistroo,BIST,0.005390109,0.52643229,-2.34130456,299025.3337,100038.2244,55476674.4,11/10/2025 15:25
Alpha Arena,ARENA,0.000301706,-17.90199483,-11.97815279,298665.4157,181002.1585,989922248.9,11/10/2025 15:25
Procter & Gamble tokenized stock (xStock),PGX,145.4720456,-1.01021834,-1.8458273,298217.6934,50410.82298,2050,11/10/2025 15:25
Donut,DONUT,0.002473657,3.55150398,-9.44037419,297719.2805,0,120355919.3,11/10/2025 15:25
PEAKDEFI,PEAK,0.000179463,-1.67813811,-0.45752324,297503.2776,0,1657740019,11/10/2025 15:25
Internet of Energy Network,IOEN,0.000937765,4.45950232,-2.53474318,297319.6158,10650.23769,317051435,11/10/2025 15:25
Veloce,VEXT,0.001368168,23.07772641,24.00683941,296181.6549,12786.55501,216480402.4,11/10/2025 15:25
Eliza (ai16zeliza),ELIZA,0.000307969,-6.38980522,20.98978282,295974.4018,308650.7688,961051957,11/10/2025 15:25
Auto,AUTO,3.852691374,-1.18925813,-1.43316924,295369.7072,0,76665.8106,11/10/2025 15:25
Junkcoin,JKC,0.016546463,-44.03122204,-4.8411404,295242.8553,3310.570229,17843261,11/10/2025 15:25
yieldwatch,WATCH,0.014996288,-1.54879381,-1.60591809,295060.118,6.84436233,19675543.79,11/10/2025 15:25
Binamon,BMON,0.002552311,-60.65527263,-47.64478526,294674.3789,189996.1998,115453949,11/10/2025 15:25
Unfettered Ecosystem,SOULS,0.00025618,-0.78334346,-2.3318449,293223.2413,22842.37215,1144598660,11/10/2025 15:25
Blendr Network,BLENDR,0.007286634,-0.53156955,87.41616032,291887.308,16358.63255,40057909.37,11/10/2025 15:25
neur.sh,NEUR,0.000315187,-2.3057095,-6.07705135,291364.5871,153605.2174,924416883.8,11/10/2025 15:25
Alpha,ALPHA,0.000290506,0.32357684,3.75017959,290505.37,565.687431,999998635,11/10/2025 15:25
ARTFI,ARTFI,0.002224604,5.56551024,-14.3170025,290017.1276,60973.02635,130368000,11/10/2025 15:25
FREEdom Coin,FREE,2.91E-08,4.7582666,4.73089376,289547.2906,159803.4632,9.939E+12,11/10/2025 15:25
Pleasure Coin,NSFW,1.18E-05,1.71947298,4.07636206,288777.7798,63.43501965,24499828829,11/10/2025 15:25
Beats on Base,BEATS,0.000447583,8.85291447,9.42339361,288597.2427,24563.32898,644790918,11/10/2025 15:25
DOGAMÍ,DOGA,0.00037102,-0.500528,-5.83916759,287528.5031,9931.702873,774966997.8,11/10/2025 15:25
TRAVA.FINANCE,TRAVA,6.69E-05,-2.62971029,4.70251518,286509.6872,60297.45052,4282841023,11/10/2025 15:25
EGO,EGO,0.001413621,1.01486841,-5.49372353,283629.2409,105824.4439,200640190,11/10/2025 15:25
Monsta Infinite,MONI,0.001560473,-2.58024496,-13.93068385,283141.389,77308.02091,181445845.1,11/10/2025 15:25
Stabull Finance,STABUL,0.190898077,5.08605679,-1.73884703,281807.7496,55857.22234,1476221,11/10/2025 15:25
Looby By Stephen Bliss,LOOBY,0.000295385,-1.73718771,-3.64690119,281486.4436,0,952947266,11/10/2025 15:25
TheStandard USD,USDS,1.000268935,0.22741633,-0.41292465,281018.7656,520.7865372,280943.21,11/10/2025 15:25
Lets Fuckin Go,LFGO,0.000279779,3.00848835,-5.11013184,279734.4197,954.1556594,999841248,11/10/2025 15:25
Privix new,PRIVIX,0.013219593,-15.23652699,-79.4480858,277611.453,0,21000000,11/10/2025 15:25
Tiger King Coin,TKING,4.29E-07,4.26425896,-8.26139306,276964.0942,0,6.46E+11,11/10/2025 15:25
Tokoin,TOKO,0.000147694,3.30544534,-3.81814576,276322.6137,11421.27764,1870917323,11/10/2025 15:25
HumainWeb3,DOME,1.45E-05,-5.29984828,-14.57685056,275437.5155,81792.17827,18998841067,11/10/2025 15:25
PowerPool,CVP,0.00608871,36.12868647,-81.25030885,275340.3273,739.315139,45221455.33,11/10/2025 15:25
Affyn,FYN,0.00107894,11.031561,5.64841918,274087.3249,9251.795237,254033788,11/10/2025 15:25
VoluMint,VMINT,0.000494904,-4.2735157,-20.58683976,273254.7223,51244.44903,552136291,11/10/2025 15:25
Bitcoin Virtual Machine,BVM,0.011006113,4.13434501,-5.51111069,273159.8486,0,24818920,11/10/2025 15:25
Acquire.Fi,ACQ,0.001811025,0.49635226,3.59168604,272680.7485,58413.33855,150567094.6,11/10/2025 15:25
MBD Financials,MBD,1.05E-05,7.62275722,26.05443763,272451.9153,94810.1342,25940635420,11/10/2025 15:25
LINKA,LINKA,0.000390769,0.96997683,-0.86886983,271252.2686,403.2827092,694150020,11/10/2025 15:25
Gecko Inu,GEC,4.09E-09,3.84885745,14.6626046,270601.0877,15750.49566,6.61901E+13,11/10/2025 15:25
Infinaeon,INF,0.001037558,10.43778697,156.9221472,270267.5568,1730.820923,260484378.1,11/10/2025 15:25
Neurashi,NEI,0.000982823,-0.37861674,-2.09426631,270009.9802,285840.6302,274729103,11/10/2025 15:25
TiFi Token,TIFI,3.42E-09,-1.48663037,-1.45918061,268401.238,0,7.8437E+13,11/10/2025 15:25
TE-FOOD,TONE,0.000267836,32.68829717,18.4350022,267835.9762,0,1000000000,11/10/2025 15:25
ADAPad,ADAPAD,0.002269811,-5.61780931,-11.83730369,267025.9439,10955.79258,117642373.1,11/10/2025 15:25
B.O.B the Blob,BLOB,0.000276126,-7.56026416,-5.53073636,266923.1988,0,966671232,11/10/2025 15:25
Script Network,SCPT,0.000391591,4.00442845,5.3247774,266598.3473,126662.8146,680808006.4,11/10/2025 15:25
Playbux,PBUX,0.000687701,4.75712826,-1.09980467,266037.3778,8614.17108,386850576.9,11/10/2025 15:25
Forest Knight,KNIGHT,0.005713315,-0.32873609,-0.0970866,265633.1942,93.69332649,46493706.87,11/10/2025 15:25
Gifto,GFT,0.000117985,-5.93335952,-8.29020304,264116.1092,0,2238551373,11/10/2025 15:25
Dark Frontiers,DARK,0.001510675,-0.15009185,-18.9173485,261512.3395,9249.225884,173109555,11/10/2025 15:25
Landwolf (landwolfcoin),WOLF,0.000669388,0,-15.0966786,261414.2868,0,390527197,11/10/2025 15:25
HAMI,HAMI,0.00027019,-2.12982454,-10.20449955,259976.282,50202.7538,962196238.7,11/10/2025 15:25
PrompTale AI,TALE,0.002561006,-1.43509519,6.82859746,259668.9603,456203.9299,101393333,11/10/2025 15:25
TORSY,torsy,0.000370692,-3.87604187,8.57295697,259484.081,4078.685426,699999673,11/10/2025 15:25
UBXS Token,UBXS,0.004518921,3.24357284,-12.26792512,258279.2383,4957.613466,57155070,11/10/2025 15:25
PLYR L1,PLYR,0.002994819,-9.2003044,53.9135319,257829.2868,0,86091782,11/10/2025 15:25
BNB LION,BNBLION,2.69E-12,2.15761821,65.23770516,257304.2878,0,9.58E+16,11/10/2025 15:25
Glitch,GLCH,0.003234222,3.82318244,7.85029638,256418.6403,0,79282951.63,11/10/2025 15:25
Kaon,KAON,5.74E-05,3.08434966,-4.2925731,254558.4342,16225.82357,4436209630,11/10/2025 15:25
The Dons,DONS,3.12E-05,-1.78273665,-0.88502404,253913.3144,0,8150000000,11/10/2025 15:25
Ascendia (ex AirDAO),AMB,3.31E-05,-2.0581545,-15.78242673,253445.5102,51135.17703,7664355888,11/10/2025 15:25
Metaverse Face,MEFA,2.66E-05,-0.85574932,-0.23516559,253321.211,0,9515523108,11/10/2025 15:25
MOOMOO THE BULL,MOOMOO,0.00032543,8.65094444,-6.42011545,253111.9975,0,777777777,11/10/2025 15:25
STARS,STARS,6.00E-06,-1.18344321,-54.25974306,252610.2634,0,42069696969,11/10/2025 15:25
Xpanse,HZN,0.002091952,1.52951607,-3.25122019,252513.4518,0,120707110,11/10/2025 15:25
Mystery,MYSTERY,5.98E-10,0.14171594,-9.80984084,251526.1413,126911.8678,4.2069E+14,11/10/2025 15:25
NFT Art Finance,NFTART,9.86E-12,-0.48021303,-1.08084466,249358.2338,0,2.53E+16,11/10/2025 15:25
ChainX,PCX,0.019865734,6.98137343,-12.72274522,248428.4502,10115.13297,12505374.7,11/10/2025 15:25
Polkacity,POLC,0.001304639,17.72573182,9.86082814,247915.2289,62438.1224,190025935,11/10/2025 15:25
Hims & Hers Health Tokenized Stock (Ondo),HIMSon,41.0026637,-12.07129512,-12.84426225,247236.2415,62205.36435,6029.76049,11/10/2025 15:25
Sultanoshi,STOSHI,0.030520233,0.17470593,-15.95576837,247210.7753,0,8099898,11/10/2025 15:25
Fefe,FEFE,0.000586502,0.29004566,-21.24191679,246735.668,49193.89025,420690000,11/10/2025 15:25
NOTAI,NOTAI,4.15E-06,0.43668545,13.43206711,245381.9002,17409.02058,59083023979,11/10/2025 15:25
analoS,ANALOS,2.99E-06,-13.95011592,1.50757071,245373.6977,8.77889286,82080218235,11/10/2025 15:25
Ben the Dog,BENDOG,0.00024513,35.16879649,4.28393601,245076.7531,9.44794088,999780947.4,11/10/2025 15:25
Matt Furie,MATT,5.82E-07,4.22805027,13.68997697,244792.0094,0,4.2069E+11,11/10/2025 15:25
BOPPY,BOPPY,5.81E-10,0.04231382,1.60685807,244519.3938,0,4.2069E+14,11/10/2025 15:25
PureFi Protocol,UFI,0.004185212,-10.68436066,-25.66348837,244511.9367,187.0555775,58422831,11/10/2025 15:25
Roost Coin,ROOST,0.000259991,-4.6490334,-35.29349029,243649.3031,9649.716817,937143771,11/10/2025 15:25
Zero,ZER,0.016706314,0,0,242864.484,0,14537286.9,11/10/2025 15:25
HotKeySwap,HOTKEY,0.002566015,1.62796068,-4.9507743,242593.6939,0,94541040.06,11/10/2025 15:25
Reflexer Ungovernance Token,FLX,1.249592356,1.34775665,-11.03209602,242166.0002,148.4915198,193796,11/10/2025 15:25
VITE,VITE,0.000216988,2.48490199,-3.23905697,241715.5622,0,1113956133,11/10/2025 15:25
Caitlyn Jenner (ETH),JENNER,0.000249874,0,-69.15185679,241021.6534,0,964572862,11/10/2025 15:25
Aster Inu,ASTERINU,0.000242605,-1.60053175,-9.33799716,240179.1471,176626.8995,989999899.6,11/10/2025 15:25
Cipher,CPR,3.70E-05,-65.61318401,-67.70107467,239506.9088,1079638.111,6467585726,11/10/2025 15:25
Noggles,NOGS,8.26E-06,0.29370096,-3.73025836,239360.6794,0,28973690000,11/10/2025 15:25
Won Chang,USDWON,0.000245972,-4.2882549,-1.22846162,238885.3985,268222.1151,971190889.4,11/10/2025 15:25
Sugar Boy,SUGAR,0.000244656,-0.58489171,-21.96876802,238877.6801,42296.90591,976380000,11/10/2025 15:25
Orange,ORNJ,0.002412458,2.85308229,0.07057159,237988.9873,3800.620949,98650000,11/10/2025 15:25
Mars,MARS,5.66E-07,0.47115359,-1.95111146,237982.9865,134468.4126,4.2069E+11,11/10/2025 15:25
$AUTISM,autism,0.000249137,-2.1373866,2.6925061,236434.1311,2656.953876,949013720,11/10/2025 15:25
WELL3,$WELL,5.72E-05,0.10836255,-1.05014462,235472.821,9442.982259,4116089000,11/10/2025 15:25
Memes AI,MemesAI,0.000236231,3.04191694,3.51870405,236224.6201,129351.3602,999971048.5,11/10/2025 15:25
Oggy Inu (BSC),OGGY,2.18E-12,-1.51695518,-1.32457703,236204.7352,190.7857936,1.08E+17,11/10/2025 15:25
Invest Zone,IVfun,0.000250924,1.17144376,4.00439533,235923.3554,0,940218906,11/10/2025 15:25
Databot,DATA,0.000255772,-0.47651842,-11.21942499,234245.7511,0,915839857,11/10/2025 15:25
OneMillionDollars,OMD,0.000183507,8.78649091,24.31207829,233742.5216,150487.2035,1273753283,11/10/2025 15:25
Bag,BAG,5.22E-05,-2.21319989,-15.11185031,233045.7464,16681.42609,4463498591,11/10/2025 15:25
BabySwap,BABY,0.00037531,-0.73371994,2.73853797,233028.1676,0,620895960,11/10/2025 15:25
Little Rabbit v2,LTRBT,6.97E-10,-9.67431364,-12.50334193,232766.9493,213.2136153,3.34132E+14,11/10/2025 15:25
Ethernity CLOUD,ECLD,0.000506412,0,42.11136064,232680.1334,0,459467749,11/10/2025 15:25
GameStop Tokenized Stock (Ondo),GMEon,21.85044272,-7.67800336,-2.9577461,232354.2888,57962.27854,10633.8481,11/10/2025 15:25
Lumoz,MOZ,0.000210371,-21.46892832,-31.13342404,231407.9026,72423.39411,1100000000,11/10/2025 15:25
Ghosty Cash,SPKY,0.025305346,-10.07647379,-2.9521453,231007.4892,0,9128802,11/10/2025 15:25
OpenDAO,SOS,2.31E-09,-6.24295224,-20.05459559,230942.154,714.1702034,1E+14,11/10/2025 15:25
Coconut Chicken,CCC,2.47E-05,1.13663562,11.13387495,230639.4804,0,9339544772,11/10/2025 15:25
Coin (reservebankapp.com),COINS,0.000229924,-0.20864856,-28.14317276,229923.5036,0,1000000000,11/10/2025 15:25
WOOF,WOOF,1.28E-05,2.21091076,4.40404875,229637.61,1768.909698,17902999424,11/10/2025 15:25
Morra,MORRA,0.000624855,15.8183563,-54.39563458,227317.5016,0,363792638.1,11/10/2025 15:25
Cheems,CHEEMS,8.91E-05,1.72551178,-2.71808524,227171.7878,0,2550834901,11/10/2025 15:25
Tradetomato,TTM,0.002803237,-0.45974979,-2.99732029,226049.1061,9598.492815,80638601,11/10/2025 15:25
Peepo (SOL),$PEEP,4.23E-06,0.70914528,-0.13142379,225701.3739,28.96729748,53296811872,11/10/2025 15:25
Hivello,HVLO,0.000206553,-1.24753835,-9.39317768,223955.9603,85109.07137,1084253187,11/10/2025 15:25
Crust Shadow,CSM,0.002231386,0.14451116,150.3383441,223138.6027,1387.507113,100000000,11/10/2025 15:25
Chirpley,CHRP,0.000539175,-3.88067983,1.94461047,222695.1067,57365.01042,413029583,11/10/2025 15:25
Aimonica Brands,AIMONICA,0.000221279,0.10325238,-10.92123633,221276.3722,228287.2294,999989552,11/10/2025 15:25
OneFinity,ONE,0.05060958,2.5005276,11.59221485,221246.66,83.85684108,4371636,11/10/2025 15:25
Humaniq,HMQ,0.001057694,-18.02524846,-18.02524846,219094.6232,0.01057838,207143695,11/10/2025 15:25
Forkast,CGX,0.001249432,0.79672183,9.01760086,216399.8766,530.801825,173198643,11/10/2025 15:25
EYWA,EYWA,0.002161147,-0.30339617,-9.82602601,215930.6285,224216.1158,99914818,11/10/2025 15:25
DinoLFG,DINO,0.000688632,0,1.04940859,215506.309,0,312948493,11/10/2025 15:25
GoldenRat,RATS,3.43E-07,-1.55752913,-8.05835481,214417.9115,150.4052178,6.24392E+11,11/10/2025 15:25
DecentralGPT,DGC,1.36E-06,-2.51135067,1.6846306,213589.5578,733504.8925,1.572E+11,11/10/2025 15:25
LF,LF,7.10E-05,0.01709688,-25.06829943,211927.7629,364496.1302,2983986830,11/10/2025 15:25
Toilet Dust,TOILET,2.11E-05,4.29673593,-10.38663079,211444.6141,52136.0104,10000000000,11/10/2025 15:25
Safe Haven,SHA,7.03E-05,2.5937511,2.19950398,211329.7285,0,3005855396,11/10/2025 15:25
SENSO,SENSO,0.00299656,-0.42778027,-1.64758353,210565.6599,105952.6179,70269127,11/10/2025 15:25
Vulpe Finance,VULPEFI,0.003112952,-1.37465732,-2.51343869,210526.6316,113639.2763,67629255.48,11/10/2025 15:25
Fruits,FRTS,9.99E-06,-4.15447515,4.58376449,210437.5856,36990.25648,21066845547,11/10/2025 15:25
Pillar,PLR,0.000809641,6.8455269,-35.43072996,209978.9859,18.06881787,259348201,11/10/2025 15:25
Dagknight Dog,DOGK,4.70E-05,6.99109961,-2.12219109,209609.0251,4451.422208,4459237949,11/10/2025 15:25
SYNC Network,SYNC,0.000997569,0,0,209513.7707,0,210024298.7,11/10/2025 15:25
NerveNetwork,NVT,0.000751123,-1.60097007,-1.82620209,208048.7511,0,276983684,11/10/2025 15:25
Musk It,MUSKIT,0.000207934,0.73291081,0.31866541,207934.2526,80951.1943,1000000000,11/10/2025 15:25
L7,LSD,0.005058705,-5.00140777,-9.34739954,207111.3797,0,40941582,11/10/2025 15:25
Lunar,LNR,0.002796834,-1.40937689,-1.02835161,206492.9916,143.4537874,73830967,11/10/2025 15:25
Lou,LOU,0.000206424,4.15190328,-1.51938939,206413.5462,0,999947666.3,11/10/2025 15:25
TON Cat,TCAT,0.00033436,3.15322951,-10.26953703,204448.5804,0,611462265,11/10/2025 15:25
Mr. Lightspeed Creator Coin,MRLIGHTSPEED,0.000427384,33.82616848,195.2131006,203928.195,29793.13944,477154858,11/10/2025 15:25
Sato The Dog,SATO,4.83E-07,-7.63294441,-41.41872064,203361.3724,52102.12914,4.2069E+11,11/10/2025 15:25
Vabble v2,VFX,0.001396112,0,-7.08137849,203308.761,0,145625000,11/10/2025 15:25
QUAIN,QUAIN,0.000202556,-2.80835355,-12.78864644,202552.8489,4590.308229,999982984.9,11/10/2025 15:25
Super Trump Coin,STRUMP,0.000110004,-4.36310158,-0.00742719,202119.0553,100980.3362,1837382589,11/10/2025 15:25
Haven1,H1,0.001022811,-13.09709301,-41.00634538,201307.1757,11010.20133,196817604,11/10/2025 15:25
BOLT,BOLT,0.000209972,0.9375587,0.47904346,201032.8906,119728.0338,957427533,11/10/2025 15:25
S.C. Corinthians Fan Token,SCCP,0.031683197,0.55323371,1.57394789,200621.1062,9501.705323,6332098,11/10/2025 15:25
MakiSwap,MAKI,0.00290195,0,0,200152.5092,0,68971718,11/10/2025 15:25
CZ THE GOAT,CZGOAT,0.00019984,-3.97442419,-11.97160289,199839.5605,649.872332,1000000000,11/10/2025 15:25
Gold Reserve,GOR,0.000500851,0.24686333,1.40629395,197727.4354,0,394782767,11/10/2025 15:25
Evan,EVAN,0.000196959,0.99405016,-2.48903841,196924.2071,69661.22848,999823336,11/10/2025 15:25
Empty Set Dollar,ESD,0.000441041,0.50995784,4.17191644,196709.7142,2.65059009,446012145,11/10/2025 15:25
Geojam Token,JAM,2.57E-05,-23.56908813,-7.60217988,197070.244,9898.163327,7670910561,11/10/2025 15:25
Step®,STEP,0.0001993,-1.23146708,-3.81681239,195613.799,0,981505922.7,11/10/2025 15:25
WATCoin,WAT,1.51E-05,0.64153603,-2.79887369,194077.9375,42781.44696,12889090910,11/10/2025 15:25
Ibiza Final Boss,BOSS,0.000207809,-5.18621662,-26.33052758,193335.3777,35336.82858,930349174.7,11/10/2025 15:25
"SharpLink Gaming, Inc Tokenized Stock (Ondo)",SBETon,11.9403832,-1.11830838,-8.65227867,193147.6531,165499.6422,16176.00122,11/10/2025 15:25
RepubliK,RPK,0.000199163,-5.68658411,-24.66329111,192336.03,94.21090496,965720903,11/10/2025 15:25
Plant Vs Undead,PVU,0.00064751,0.68488553,0.87100442,192276.4351,12240.8354,296947519,11/10/2025 15:25
Pentagon Games,PEN,0.00050882,31.25342705,6.67713408,192132.67,245973.3434,377604101.2,11/10/2025 15:25
LEGIT,LEGIT,0.000227361,-0.83476333,3.55377167,191800.1188,1675.922578,843591087.4,11/10/2025 15:25
Cat Own Kimono,COK,1.91E-07,0.79846364,-11.1215107,190996.7598,52209.41795,9.98607E+11,11/10/2025 15:25
littlemanyu,MANYU,0.000190636,1.61361556,-6.21613543,190505.9324,0,999317907,11/10/2025 15:25
Ginnan The Cat,GINNAN,2.76E-08,-5.99070882,-9.70039461,190286.2346,178175.5276,6.9E+12,11/10/2025 15:25
Mithril,MITH,0.000189359,3.5919454,8.5697811,189359.3388,9643.704882,1000000000,11/10/2025 15:25
Strong,STRONG,1.365645199,7.83318595,-3.11160837,188826.396,0,138269,11/10/2025 15:25
BeFi Labs,BEFI,0.00242311,-0.82204422,-1.88327809,188141.5525,34690.7308,77644648,11/10/2025 15:25
APED,APED,0.191109426,0.98891246,-10.73859098,186234.7977,0,974493,11/10/2025 15:25
e-Money,NGM,0.009355445,1.19268747,12.42171604,184866.2674,35.47739396,19760286,11/10/2025 15:25
flork cto,FLORK,0.000196929,2.63760334,10.30725222,184861.9365,80019.55585,938723169.8,11/10/2025 15:25
VCHAT Token,VCT,0.013940179,-7.19306978,-54.8815999,184590.0553,0,13241584,11/10/2025 15:25
Loser Coin,LOWB,3.06E-06,-0.0179112,15.41835407,184227.5843,9435.074398,60296840158,11/10/2025 15:25
Aimedis (new),AIMX,0.000553104,2.90484554,39.85348636,184183.7583,0,333000000,11/10/2025 15:25
X,X,1.96E-07,4.57452023,-1.19265885,184032.6841,0,9.37911E+11,11/10/2025 15:25
extraDNA,XDNA,0.000154556,2.97689741,-27.21354563,183925.3179,38.7391425,1190020231,11/10/2025 15:25
Cogito Finance,CGV,0.001898361,2.99778981,-6.65706707,183738.3988,0,96787937.81,11/10/2025 15:25
LandRocker,LRT,4.50E-05,0.53439466,2.36731195,183091.2375,0,4073151241,11/10/2025 15:25
YAY Network,YAY,0.000264979,0.13281678,-1.10309354,182238.1019,72.68236772,687746250,11/10/2025 15:25
Wat,WAT,4.33E-07,2.05615782,-1.46893158,182073.9176,0,4.2069E+11,11/10/2025 15:25
YOUR AI,YOURAI,0.000354943,-7.78788855,-12.99641029,181832.8767,11315.94917,512287720,11/10/2025 15:25
Regret,REGRET,0.000181621,-14.09508061,-30.11723294,181574.1228,24355.06875,999740270.4,11/10/2025 15:25
OctoFi,OCTO,0.227402359,0.17077015,-23.71518294,181456.4347,0,797953.175,11/10/2025 15:25
OX Coin,OX,5.52E-05,-0.17106047,55.14393792,181353.1634,0,3283541328,11/10/2025 15:25
CRYPTO20,C20,0.004482631,0,0,180846.0614,0,40343734.72,11/10/2025 15:25
Silly Dragon,SILLY,0.000180095,6.93649873,5.7656486,180090.3539,106985.7555,999975726,11/10/2025 15:25
CatDog,CATDOG,1.80E-06,1.48856523,3.32727793,180012.1122,149085.7816,1E+11,11/10/2025 15:25
Altcoin,ALT,0.000199928,2.51901698,0.99528039,179899.9445,159450.4369,899822938,11/10/2025 15:25
SEED,SEED,0.000503872,0.71944096,-2.9289969,179288.4676,243742.6617,355821572,11/10/2025 15:25
Micro GPT,$MICRO,0.000238832,0.22299814,0.18833582,179001.3134,2499.376953,749486183,11/10/2025 15:25
Ideaology,IDEA,3.56E-05,5.74776136,28.42084781,177967.0837,11687.22294,4999999999,11/10/2025 15:25
Mind AI,MA,0.000494727,3.18662089,-11.48366378,177225.5291,32983.55103,358229167,11/10/2025 15:25
Moby,MOBY,1.77E-05,-8.54208343,-12.91376477,176759.3388,55.4341326,10000000000,11/10/2025 15:25
ZAP,ZAP,0.002386598,-1.4068029,-6.93020274,176238.524,14082.63183,73845073.07,11/10/2025 15:25
Hunter Token / Digital Arms,HNTR,0.001147478,0,0.2258484,175203.2902,0,152685467,11/10/2025 15:25
AgentLayer,AGENT,0.000208542,0.35187709,-56.07017331,174990.603,226490.3631,839115774.4,11/10/2025 15:25
Pesto the Baby King Penguin,PESTO,0.000174332,4.73687398,-51.13524003,174331.6644,0,1000000000,11/10/2025 15:25
Rook,ROOK,0.281463559,-24.31639935,9.71982088,173842.1246,33.39758596,617636.3482,11/10/2025 15:25
Biggie,BIGGIE,1.74E-10,1.51968763,-9.19158826,173550.6238,168793.8756,1E+15,11/10/2025 15:25
Frontier,FRONT,0.022341437,0.28060939,-0.01885031,173377.3861,0,7760350.565,11/10/2025 15:25
DEXGame,DXGM,0.000273109,-0.1136284,1.05618826,172867.2746,45521.64096,632959612.2,11/10/2025 15:25
AI⁴ | Recursive Superintelligence,AI4,0.000172782,-6.87738783,-29.16475315,172781.5298,582364.4176,1000000000,11/10/2025 15:25
Lyra,LYRA,0.000295561,-2.70676905,-8.51806635,171691.5411,2.91668452,580900604.1,11/10/2025 15:25
3DPass,P3D,0.000308006,-8.86964669,-80.14805149,171305.836,18474.31187,556176510,11/10/2025 15:25
SAITAMA INU,SAITAMA,0.000195001,2.68550772,5.92706425,171150.323,0,877691270,11/10/2025 15:25
Azbit,AZ,2.45E-06,-15.50706325,16.91296679,171137.9029,0,69750302117,11/10/2025 15:25
KIKICat,KIKI,0.000170796,2.13354403,-9.6720925,170794.3236,53496.8256,999987629,11/10/2025 15:25
AssetMantle,MNTL,7.40E-05,-2.11696998,-0.21636695,170738.3515,0,2308548579,11/10/2025 15:25
Elmo,ELMO,0.000644311,3.05595883,-20.40837387,170489.4617,0,264607591,11/10/2025 15:25
Bitcicoin,BITCI,2.20E-05,0,0,169600.3038,0,7708828412,11/10/2025 15:25
DeepLink Protocol,DLC,1.29E-05,-3.84023632,-11.75300316,169568.5448,129069.0816,13131100000,11/10/2025 15:25
XRPayNet,XRPAYNET,3.01E-05,17.33359259,40.63683185,168930.241,70.19008714,5613529404,11/10/2025 15:25
XYRO,XYRO,0.000450413,-0.07975629,-10.3341795,168379.9838,254300.516,373834455.7,11/10/2025 15:25
Eden,EDEN,0.012693226,-2.2163509,5.24782666,167964.7274,1028.129355,13232627,11/10/2025 15:25
KickToken,KICK,0.001378019,-0.44313567,5.64862944,167212.5971,0,121342748.7,11/10/2025 15:25
DEEPSPACE,DPS,0.003154981,0,-5.90789259,166877.997,0,52893498,11/10/2025 15:25
Meme Alliance,MMA,0.001906067,3.91270548,-6.80826089,166700.5237,0,87457849,11/10/2025 15:25
Hyve,HYVE,0.002238586,-0.80888484,-0.53789535,166608.2677,595.627546,74425673.57,11/10/2025 15:25
DOGMI,DOGMI,6.73E-06,-12.54914788,-3.47427344,166015.6121,722.9483794,24669800000,11/10/2025 15:25
ROCO FINANCE,ROCO,0.009592572,-2.0101094,26.82165051,165940.0299,77.71426049,17298805,11/10/2025 15:25
Edu3Labs,NFE,0.001588297,-7.80056008,-12.54877995,165778.5915,38800.66392,104375043.6,11/10/2025 15:25
What's Updog,UPDOG,0.000165564,-7.74814204,-12.68375655,165557.9246,1380.242456,999961831,11/10/2025 15:25
ETHPad,ETHPAD,0.000828308,0,-14.81260443,165187.288,0,199427404.5,11/10/2025 15:25
UniLayer,LAYER,0.004103548,-12.8292384,-3.01092979,164141.9257,0,40000000,11/10/2025 15:25
sci-hub,SCIHUB,0.000164058,0.59224033,6.60579201,164053.5286,11349.30807,999970725,11/10/2025 15:25
Vibe Cat (Jupiter Studio),VIBE,0.002050435,-3.7885369,-13.52748213,163981.679,204431.5055,79974089.55,11/10/2025 15:25
StreamerCoin,STREAMER,0.000163894,71.36200609,60.72038269,163894.0418,150852.6724,1000000000,11/10/2025 15:25
Record,RECORD,0.000269266,-5.98451035,-20.92314361,163230.8981,0,606207730.9,11/10/2025 15:25
ROD.AI,RODAI,2.95E-09,0.06570318,-2.75261679,161627.6248,239.8777951,5.47991E+13,11/10/2025 15:25
suterusu,SUTER,4.19E-05,-0.83252971,-0.99286915,161487.0357,0,3855040000,11/10/2025 15:25
Draggy,DRAGGY,3.98E-10,2.1075145,-13.30776906,161021.9129,0,4.04489E+14,11/10/2025 15:25
Kunci Coin,KUNCI,0.0001305,0.00845506,0.01121316,160851.7776,0,1232584338,11/10/2025 15:25
el gato,ELGATO,1.61E-05,6.07669541,3.83384359,160792.5302,368.5698642,9997471495,11/10/2025 15:25
Zeus (truezeuscoin.com),ZEUS,3.82E-10,-44.52809835,0.22300673,160558.4258,255775.6194,4.2069E+14,11/10/2025 15:25
Major Frog,MAJOR,0.00018896,1.05082765,40.99913513,159671.4313,80381.20865,845000000,11/10/2025 15:25
DePHY Network,PHY,0.002208589,-8.49863365,-41.76913548,159664.4092,1879779.734,72292500,11/10/2025 15:25
bitSmiley,SMILE,0.002422766,-0.0993509,34.98044252,159471.3845,9596.986787,65822041.8,11/10/2025 15:25
Helmet.insure,HELMET,0.003672512,-1.2641324,-1.82874968,158822.6931,0,43246343.24,11/10/2025 15:25
Venus Reward Token,VRT,7.21E-06,0.36584463,0.77054226,158674.3209,35.90210096,21999981080,11/10/2025 15:25
Top Hat,HAT,0.000159633,1.7312607,0.48283917,158036.4038,12198.16794,989998441,11/10/2025 15:25
Clube Atlético Mineiro Fan Token,GALO,0.033453812,-0.4611268,2.31466891,157902.1622,9148.049328,4720005,11/10/2025 15:25
Bitcoin AI,BTC,0.007524841,4.16348055,63.70919022,157886.349,2661.249288,20982018,11/10/2025 15:25
Wall Street Games (old),WSG,1.73E-10,-1.14872428,-0.08464411,157458.3864,0,9.12055E+14,11/10/2025 15:25
Mist,MIST,0.002766165,24.26585573,33.49154111,155893.0306,51486.76584,56357088,11/10/2025 15:25
MIBR Fan Token,MIBR,0.024889156,0,0,155693.2185,0,6255464,11/10/2025 15:25
Statter Network,STT,0.003091428,-0.84864118,-51.96219343,155636.6831,57699.95701,50344589,11/10/2025 15:25
CyberVein,CVT,0.000146619,0,-7.03485676,155475.1273,0,1060404496,11/10/2025 15:25
Signata,SATA,0.002176386,0.45947031,4.12357226,155090.2431,29.02566572,71260434.61,11/10/2025 15:25
POLKER,PKR,0.000799079,7.42503494,15.26507075,154733.1335,53792.58494,193639424,11/10/2025 15:25
Jen-Hsun Huang,JHH,1.59E-08,2.19738703,-1.93489159,153945.6463,0,9.65588E+12,11/10/2025 15:25
Digital Reserve Currency,DRC,0.000153695,11.40139333,15.46458478,153695.048,51.82355732,1000000000,11/10/2025 15:25
Brokoli Network,BRKL,0.002872822,2.45812136,-8.38803941,153617.348,9586.337608,53472622,11/10/2025 15:25
MAPS,MAPS,0.003374493,3.99056958,9.75550114,153528.4022,88.01929929,45496728,11/10/2025 15:25
Pip,PIP,0.000284317,-1.53149746,5.52205259,151879.1811,14224.02599,534190472.9,11/10/2025 15:25
Gamestarter,GAME,0.002118127,-1.81392861,1.65615805,150348.4721,9149.689879,70981793.04,11/10/2025 15:25
Pacu Jalur,BOATKID,0.00015005,-11.16979601,4.29646719,150050.1511,84548.64988,1000000000,11/10/2025 15:25
EquityPay,EQPAY,0.026252327,0.59731302,316.762868,149862.2989,42247.4393,5708534,11/10/2025 15:25
Aurigami,PLY,3.60E-05,-0.01306811,-0.05550607,148530.9461,0,4126763136,11/10/2025 15:25
BabyUnicorn,BABYU,0.000148009,-0.93234227,-13.89561306,147993.8642,0,999899472.5,11/10/2025 15:25
Sao Paulo FC Fan Token,SPFC,0.030884288,0.08230119,0.57679938,147894.693,10507.57661,4788671,11/10/2025 15:25
Scotty Beam,SCOTTY,0.000319822,0.57755187,35.41068775,147330.9272,5330.5575,460665809,11/10/2025 15:25
BitCone,CONE,2.62E-07,-0.84992105,5.61226261,147120.2939,0,5.62112E+11,11/10/2025 15:25
AiMalls,AIT,0.726793614,-1.50100406,-4.26979112,146728.7288,2163.982354,201885,11/10/2025 15:25
Credbull,CBL,0.000189488,-0.05563604,-1.3967095,146450.4739,38388.48635,772875098.2,11/10/2025 15:25
Pope meme,POPE,0.000729904,0,284.2135365,145980.815,0,200000000,11/10/2025 15:25
GG3,GGX,0.002792776,-7.44522741,-36.08319489,145818.0816,587.7148438,52212602.38,11/10/2025 15:25
Elon Trump Fart,ETF500,0.000145804,9.16446729,20.60888606,145798.7125,0,999961167,11/10/2025 15:25
NVIDIA,NVDA,0.000183141,0.84806084,-6.29147509,145605.051,244.0336676,795041455,11/10/2025 15:25
Shib Original Vision,SOV,1.37E-09,0,-5.04554576,145207.5212,0,1.0616E+14,11/10/2025 15:25
dog with apple in mouth,APPLE,0.000144968,2.09887538,2.09162143,144965.3666,79295.38619,999979085,11/10/2025 15:25
Soyjak,SOY,0.000156049,2.60911011,1.08234075,144588.4808,0,926557989,11/10/2025 15:25
Spores Network,SPO,0.000136496,-1.88666194,-0.98575721,144453.989,41435.39166,1058302432,11/10/2025 15:25
88mph,MPH,0.309551007,0.45947031,4.12357226,144027.5831,120.033555,465279,11/10/2025 15:25
Vodra,VDR,0.001005635,0.99332378,-0.11554187,143950.585,9463.204752,143144036,11/10/2025 15:25
Cherry AI,AIBOT,0.000646794,-5.30307062,-75.56577531,143264.7903,1873015.672,221500000,11/10/2025 15:25
Karat,KAT,0.000558597,-0.01489754,-2.97878029,142743.0123,8805.030491,255538596,11/10/2025 15:25
Battle Hero,BATH,0.002848826,0,-0.24833046,141795.488,0,49773308.87,11/10/2025 15:25
Star AI,MSTAR,0.000234957,-0.44052049,-4.48040455,141752.2194,11228.85917,603312500,11/10/2025 15:25
Peanut,NUX,0.002815002,-1.22963809,-3.30967651,140750.1012,6626.884093,50000000,11/10/2025 15:25
Wicrypt,WNT,0.005371205,-13.40458097,-40.71898413,140321.5064,32484.85628,26124772.2,11/10/2025 15:25
Bitcoin Standard Hashrate Token,BTCST,0.011470767,1.73296955,-22.31613272,139959.4273,429.9319455,12201400.95,11/10/2025 15:25
SakeToken,SAKE,0.001369947,0.47641172,2.43535851,139546.4008,9138.969746,101862655.7,11/10/2025 15:25
MARS4,MARS4,5.62E-05,-4.03019159,4.96396428,139476.9584,7613.53303,2483082772,11/10/2025 15:25
Tamadoge,TAMA,9.96E-05,0,-1.31505243,138810.6331,0,1393353219,11/10/2025 15:25
Moo,MOO,5.01E-10,26.35611756,30.16290355,138246.3126,70139.38325,2.76068E+14,11/10/2025 15:25
Dimecoin,DIME,2.89E-07,0.33075675,29.94227192,138015.4397,3.29398522,4.78333E+11,11/10/2025 15:25
PowerTrade Fuel,PTF,0.005878856,-4.08850004,-5.92518446,137045.4563,48455.9141,23311586,11/10/2025 15:25
Unstable Tether,USDUT,0.000136472,27.2821323,3.90272039,136466.5202,173224.2384,999956727,11/10/2025 15:25
Fofar (fofar.meme),FOFAR,0.000143404,0,5.11284827,136232.7135,0,949992366,11/10/2025 15:25
Arcona,ARCONA,0.006098816,26.12882224,19.42244452,135907.0594,498.8778232,22284170,11/10/2025 15:25
SOMESING,SSG,4.15E-05,-10.67222436,-20.34149004,135480.4671,0,3265980362,11/10/2025 15:25
Lunos,UNO,0.001210502,5.04612511,-10.57125168,135051.8199,13443.19199,111566779,11/10/2025 15:25
BOMO,BOMO,0.000353611,-0.45503837,-10.60007948,134725.7174,4177.730219,381000000,11/10/2025 15:25
OrbitAI,ORBIT,0.014118193,-10.14400033,9.97737526,134122.8351,0,9500000,11/10/2025 15:25
Winnerz,WNZ,0.000625472,0.22116278,-18.45856128,133616.7054,11157.56342,213625469,11/10/2025 15:25
Kaizen Finance,KZEN,0.000311368,-0.31863278,-28.84054374,133500.6095,10495.66968,428755594,11/10/2025 15:25
JulSwap,JULD,0.00021997,-4.35248389,-11.9997798,130258.8546,25016.92982,592166808,11/10/2025 15:25
AGIX,AGX,0.001406877,5.19732358,-1.8572379,130216.2323,144.824848,92556966.38,11/10/2025 15:25
Brawl AI Layer,BRAWL,1.47E-05,-6.03770836,-22.27949451,129736.975,13076.13071,8805610437,11/10/2025 15:25
Mars,MARS,0.00012969,-1.79870475,-14.36465587,129690.3899,49.60225056,1000000000,11/10/2025 15:25
RMRK,RMRK,0.014172346,-0.20679905,21.35959782,128840.07,193.0083492,9090948.687,11/10/2025 15:25
Baby BitCoin,BABYBTC,0.000128727,0.5258837,4.87978701,128725.7213,924.9802809,999989595.9,11/10/2025 15:25
PERL.eco,PERL,0.000261852,0.03570662,-14.65567851,128553.1232,9911.652364,490938908,11/10/2025 15:25
aiPump,AIPUMP,0.000337456,1.27219983,0.50759262,128458.4406,10002.72827,380666741,11/10/2025 15:25
Darwin,DARWIN,0.000319458,-0.79717442,7.4410937,127783.3306,10293.82807,399999985,11/10/2025 15:25
Moutai,MOUTAI,0.000182784,-0.00882348,-5.10221248,127335.8022,419.3147898,696646256.1,11/10/2025 15:25
Cheems,CHEEMS,3.03E-10,6.88110954,-2.95498817,127307.8234,0,4.2069E+14,11/10/2025 15:25
Position Exchange,POSI,0.001386384,-0.49443114,-2.02392056,127107.9181,121.1187366,91683030.39,11/10/2025 15:25
PixelRealm,NFTB,0.000183195,1.51379653,-4.13428596,126508.6955,0,690567149.1,11/10/2025 15:25
Sheboshis,SHEB,6.320766565,4.60394848,18.40045416,126415.3313,0,20000,11/10/2025 15:25
Pullix,PLX,0.001515731,0,-12.58791274,126186.6179,0,83251317.67,11/10/2025 15:25
Slingshot,SLING,0.000674838,-0.03230523,-11.45214844,125836.0195,54831.73839,186468623,11/10/2025 15:25
Solrise Finance,SLRS,0.000798552,-5.67198047,-1.03767978,125462.9594,9612.268505,157113014.5,11/10/2025 15:25
REKT (rekt.game),$REKT,0.00112545,0,-10.41444329,125050.0006,0,111111111,11/10/2025 15:25
Nyan Heroes,NYAN,0.001236868,0.36253624,-7.73383204,124980.3128,63812.4854,101045769,11/10/2025 15:25
Hana,HANA,1.43E-05,0,-3.73982888,124731.2227,0,8715201266,11/10/2025 15:25
The Loonies,LOON,0.000124023,0.55801478,-2.99995888,124022.9833,56392.295,1000000000,11/10/2025 15:25
Scalia Infrastructure,SCALE,0.001264214,3.06487919,-5.67699822,123910.1114,12.71546532,98013560.55,11/10/2025 15:25
ZoRobotics,ZORO,0.00998332,2.6365007,5.81591161,123870.7464,31317.24078,12407770.25,11/10/2025 15:25
FEAR,FEAR,0.006984829,-6.54338171,-0.09312496,123739.1321,12102.00697,17715413,11/10/2025 15:25
Gold,GOLD,0.007467301,0.96344626,-9.90541758,122721.9926,0,16434584.49,11/10/2025 15:25
Wombat Exchange,WOM,0.00209196,-0.72751862,-8.64591002,122440.6829,1246.003947,58529174,11/10/2025 15:25
Boochie by Matt Furie,BOOCHIE,2.91E-10,-28.32403145,-25.71477705,122269.768,202897.485,4.2069E+14,11/10/2025 15:25
Cyclone Protocol,CYC,4.63147807,12.55685696,18.55874059,121724.5635,26.05095255,26282.01229,11/10/2025 15:25
NeurochainAI,NCN,0.0001295,0.83577603,2.69864924,121582.4456,61717.60386,938862549,11/10/2025 15:25
Green Shiba Inu [New],GINUX,3.39E-08,-0.82707847,-0.37534088,121228.2097,3.49165005,3.57288E+12,11/10/2025 15:25
Opium,OPIUM,0.028992718,5.04186938,4.12357226,120644.6131,89.70830946,4161204,11/10/2025 15:25
Qrkita Token,QRT,1.20E-06,0,-20.03687018,119729.0383,0,99966493120,11/10/2025 15:25
Tree Stuck in Cat,TREEINCAT,0.000135119,0.08095601,-20.05471419,118606.8546,26725.13142,877796155.5,11/10/2025 15:25
UNI,UNI,0.00011857,-1.37520926,14.59611171,118570.2749,3.50031449,1000000000,11/10/2025 15:25
Perion,PERC,0.00366448,0,-13.23494937,117996.1755,0,32199977,11/10/2025 15:25
Thorstarter,XRUNE,0.001459626,1.9337673,10.32274755,117776.3912,0,80689454,11/10/2025 15:25
Meme Ai,MEMEAI,0.000160977,-1.0771997,-16.5571392,117198.2117,184047.3069,728043731,11/10/2025 15:25
Kangal,KANGAL,1.16E-06,1.44177084,-1.39079095,116369.6408,0,1E+11,11/10/2025 15:25
ZELIX,ZELIX,1.56E-05,-8.13611246,-9.91499971,116326.7516,16592.82512,7453444400,11/10/2025 15:25
Global DePIN Chain,DEEPSEEK,0.000146643,2.75344631,-3.26961233,115848.0868,278089.5195,790000000,11/10/2025 15:25
HawkFi,HAWK,0.000111643,40.31330623,104.0575106,115204.1006,37985.89593,1031895935,11/10/2025 15:25
SuperDapp,SUPR,0.000430809,-6.70662514,3.82507772,114609.887,16847.93205,266034273,11/10/2025 15:25
VEMP,VEMP,0.000291722,-1.97939145,-9.24530466,114566.9663,55906.20914,392725945.5,11/10/2025 15:25
Satoshi Island,STC,0.008428494,-0.53023535,-7.0652722,114444.0344,0,13578230.18,11/10/2025 15:25
NvirWorld,NVIR,0.00010848,0.82140908,-5.08316963,114176.4258,10623.93321,1052511922,11/10/2025 15:25
Solana Swap,SOS,0.00011414,1.47307812,13.05770998,114140.3811,11921.90964,999999999,11/10/2025 15:25
markkacy,KACY,0.000114137,-0.4918181,2.27612331,114136.3217,93009.38609,999997046,11/10/2025 15:25
smiling dolphin,MIHARU,0.00011364,2.02255722,-8.62423459,113627.1352,0,999888497.1,11/10/2025 15:25
KILT Protocol (new),KILT,0.000591047,-84.29327942,-84.71410929,113348.225,76256.52787,191775189.4,11/10/2025 15:25
Parex,PRX,0.008207602,5.59516724,-10.41796715,112117.8928,57948.14013,13660249,11/10/2025 15:25
Soarchain,SOAR,0.001113357,-3.21741904,-10.18962619,112074.877,4286.102923,100663916.9,11/10/2025 15:25
Don’t Burn Capital,DBC,0.000120591,0,-10.22668238,111360.4481,0,923454288.1,11/10/2025 15:25
Avocado DAO Token,AVG,0.004364691,0,-11.27073175,111160.0223,0,25468016,11/10/2025 15:25
MAXX AI,MXM,0.000331276,-16.71660833,-32.06229307,111107.6276,3300.188794,335393316,11/10/2025 15:25
Syncus,SYNC,2.64E-05,0,27.25154473,110817.9567,0,4191908137,11/10/2025 15:25
BurgerCities,BURGER,0.002572229,0.04614473,-1.26783542,110698.0338,180628.5007,43035832.03,11/10/2025 15:25
Lossless,LSS,0.001981384,-19.80660255,-50.86720759,110110.8228,82751.70812,55572671.94,11/10/2025 15:25
CropBytes,CBX,0.000589872,5.34861918,-29.76799618,109889.6978,24.82503043,186294140,11/10/2025 15:25
SOLVE,SOLVE,0.000156587,-13.56919509,-0.45155644,109630.2002,59.65889886,700125013,11/10/2025 15:25
My Master War,MAT,0.001131499,-0.23385887,-14.55141257,108601.1591,0,95979887.33,11/10/2025 15:25
Razor Network,RAZOR,0.000330062,-0.02938812,0.32567861,108341.4477,0,328245504,11/10/2025 15:25
Caila,CA,0.000111959,-12.65854965,-24.49840447,107799.8302,3641.937381,962851310.7,11/10/2025 15:25
Darwinia Commitment Token,KTON,2.090717852,-10.85083569,-2.37870825,107283.0958,9585.083494,51314,11/10/2025 15:25
Metagalaxy Land,MEGALAND,0.000106702,-0.0869528,1.44329486,106702.162,24174.74249,1000000000,11/10/2025 15:25
Float Protocol (Bank),BANK,0.329016867,6.42793119,11.99531797,106515.5727,0,323738.943,11/10/2025 15:25
UBIX.Network,UBX,2.33E-06,-3.71316913,-3.10762655,106182.6471,222500.2183,45558153243,11/10/2025 15:25
Binemon,BIN,0.000254372,0,0.13315224,106016.8575,0,416778746,11/10/2025 15:25
Aether Games,AEG,0.000237553,-23.045816,-10.25197522,105685.2334,33570.18505,444890467,11/10/2025 15:25
Wen Lambo Financial,WLFI,105.4499791,4.75059454,3.49764908,105449.9791,0,1000,11/10/2025 15:25
Andy on SOL,ANDY,0.000110825,-0.89206749,-7.90937755,104864.4187,26.43503415,946220014.2,11/10/2025 15:25
henlo,HENLO,5.22E-10,11.3533917,6.53754678,104085.567,0,1.995E+14,11/10/2025 15:25
Lynex,LYNX,0.003544746,-0.20120566,-11.97885758,103384.5026,25081.96077,29165560,11/10/2025 15:25
Trumpius Maximus,TRUMPIUS,0.002220118,7.53289369,-7.69083487,102455.459,0,46148662.81,11/10/2025 15:25
USAcoin,USACOIN,0.005110025,0,-10.2219266,102200.4923,0,20000000,11/10/2025 15:25
Blockchain Monster Hunt,BCMC,0.000418908,0.78357443,1.82508923,101988.9762,0,243463792,11/10/2025 15:25
Bridge Mutual,BMI,0.001569143,-0.58333756,-50.207741,101518.9653,19.54850789,64697071,11/10/2025 15:25
Hawk Tuah (hawktuah.vip),HAWKTUAH,0.00011797,-1.68320609,-0.8559771,101302.931,79963.11425,858719638,11/10/2025 15:25
Refereum,RFR,2.02E-05,1.90110543,26.1431062,101014.7464,9076.260232,4999180100,11/10/2025 15:25
Throne,THN,0.000257652,0.60976534,-5.71675833,100678.2499,10721.21038,390752313,11/10/2025 15:25
Kattana,KTN,0.010549421,-2.78731128,-10.4635173,99020.87419,11437.52591,9386379.891,11/10/2025 15:25
STFX,STFX,0.000569983,0.15348557,-8.5531619,99000.56274,0,173690368,11/10/2025 15:25
XcelPay,XLD,0.001703565,-22.58844221,-11.5953572,98634.57981,178.595001,57898934,11/10/2025 15:25
"Duckies, the canary network for Yellow",DUCKIES,0.001892266,-0.00952784,0.60353729,98564.93695,0,52088321,11/10/2025 15:25
StrongHands,SHND,4.90E-06,1.64646603,1.65959694,98082.53819,488.92677,20021228015,11/10/2025 15:25
Wombat Web 3 Gaming Platform,WOMBAT,1.93E-05,-0.46067946,7.90955209,98080.5017,0,5092139007,11/10/2025 15:25
Visa Tokenized Stock (Ondo),Von,335.5084131,-0.3331059,-0.56193358,97815.91081,39.61214467,291.5453294,11/10/2025 15:25
Klaus,KLAUS,9.76E-05,-0.14259931,2.73374319,97582.64566,0,1000000000,11/10/2025 15:25
Moonchain,MCH,0.000390471,-28.94209202,-35.79926178,97402.87141,1025791.21,249450000,11/10/2025 15:25
Izzy,IZZY,2.36E-07,0,-2.79708947,96504.56904,0,4.08782E+11,11/10/2025 15:25
Izzy,IZZY,2.36E-07,0,-2.79708947,96504.56904,0,4.08782E+11,11/10/2025 15:25
DRUNK ROBOTS,METAL,0.000134004,-2.24605091,-16.81467638,96388.90562,9361.083063,719299800,11/10/2025 15:25
Alliance Fan Token,ALL,0.031271567,0,9.04712874,96191.68551,0,3076011,11/10/2025 15:25
Atsuko Sato,SATO,9.91E-05,0,-8.94232876,95891.12826,0,967836564,11/10/2025 15:25
GameCredits,GAME,0.000493357,6.40935995,9.50285136,95624.29432,0,193823779.4,11/10/2025 15:25
Bunicorn,BUNI,0.003402974,1.19488577,1.80897353,95450.83391,0,28049238.7,11/10/2025 15:25
Slop,SLOP,9.52E-05,17.97027345,0.06571557,95185.23385,0,999996708.7,11/10/2025 15:25
DeFine,DFA,0.000366478,-6.39952745,2.16885044,94378.57474,10363.74686,257528934,11/10/2025 15:25
Seigniorage Shares,SHARE,0.004502033,-0.0179112,3.60665066,94542.69883,9321.189324,21000000,11/10/2025 15:25
Basis Cash,BAC,0.001727629,1.92864275,5.07935373,94285.60496,9268.093985,54575145.21,11/10/2025 15:25
AgeOfGods,AOG,0.000906307,-0.29602017,1.14063634,93779.55647,9791.803339,103474429,11/10/2025 15:25
KingdomStarter,KDG,0.000176504,-1.09144935,-5.11599056,93723.63552,0,531000869,11/10/2025 15:25
Cros,CROS,0.000109179,1.66336906,-46.27075834,93690.19911,53902.90159,858137434.5,11/10/2025 15:25
Qpay,QPAY,9.36E-05,-16.61553845,-14.92262208,93638.93417,9925.569929,1000000000,11/10/2025 15:25
Pickle Finance,PICKLE,0.04906514,3.51676586,-8.10925168,93617.77766,36.94778166,1908030.368,11/10/2025 15:25
Three Protocol Token,THREE,0.001097502,0,0,93287.66322,0,85000000,11/10/2025 15:25
Zelwin,ZLW,0.001287329,-1.36217468,-2.60471061,93114.83863,62550.10357,72331834.17,11/10/2025 15:25
KING,KING,1.00E-05,-0.08235162,-0.42015716,93160.22913,0,9270000000,11/10/2025 15:25
StakeCubeCoin,SCC,0.005732201,-3.50714511,10.94138614,92782.4581,1661.768037,16186182.68,11/10/2025 15:25
Matr1x Fire,FIRE,0.001389626,0.72055506,28.57522147,92731.50567,18785.95902,66731284,11/10/2025 15:25
ChainGuardians,CGG,0.001485274,2.26162973,-11.42297038,91311.97829,0,61478209,11/10/2025 15:25
MangoMan Intelligent,MMIT,2.52E-10,3.55074987,-6.79920726,91055.43859,88.16233064,3.61123E+14,11/10/2025 15:25
Metaverser,MTVT,0.000542259,-0.31346934,-4.84435464,90618.57638,206.3490687,167113236.3,11/10/2025 15:25
DinoSwap,DINO,0.000581812,-0.5629194,-1.87022403,90454.9697,69.51210732,155471247.2,11/10/2025 15:25
Axiome,AXM,0.014886579,-0.32553425,-9.14419806,90217.25099,39077.09765,6060308,11/10/2025 15:25
DOGEFATHER,DOGEFATHER,9.02E-05,-0.39980733,-8.47486539,90150.86439,0,999977638,11/10/2025 15:25
DOGWIFHOOD,WIF,9.01E-05,0,2.9897145,90046.84705,0,998920173,11/10/2025 15:25
Hedget,HGET,0.051365582,-0.73930513,-4.72661497,89964.14589,12459.72397,1751448,11/10/2025 15:25
DeHive,DHV,0.022366197,4.64579904,-12.668023,89898.13428,8853.244222,4019375,11/10/2025 15:25
Medusa (medusa.cx),MEDUSA,0.000445838,0,-14.82121851,89167.62398,0,200000000,11/10/2025 15:25
InsurAce,INSUR,0.001983138,0,-3.62143695,89026.90374,0,44891926,11/10/2025 15:25
New BitShares,NBS,3.41E-05,-3.11131105,-11.76263723,89006.76048,12482.38017,2607670560,11/10/2025 15:25
Limitus,LMT,0.000106984,5.91283014,-9.34273273,88811.51502,71554.23216,830139203,11/10/2025 15:25
Baby BNB,BABYBNB,8.84E-05,17.61867593,-3.44192143,88404.27674,84603.98853,1000000000,11/10/2025 15:25
Hokkaidu Inu,HOKK,8.83E-05,0.3779562,-25.18593906,88280.16082,0,1000000000,11/10/2025 15:25
Ferrum Network,FRM,0.000306246,0.5947683,-0.27569619,87895.52236,48262.02394,287009850.6,11/10/2025 15:25
Jade Currency,JADE,0.001631164,6.45403145,32.21959041,87515.8739,0,53652398,11/10/2025 15:25
Department Of Government Efficiency (DOGE),DOGE,0.000174411,6.77706025,-9.40298343,87205.68439,0,500000000,11/10/2025 15:25
X-CASH,XCASH,1.39E-06,0,-55.50533596,87163.11638,0,62820378619,11/10/2025 15:25
O3 Swap,O3,0.001512882,-0.50785456,1.30614074,85973.38624,0,56827550.45,11/10/2025 15:25
YachtsCoin,YTC,8.52E-05,14.76832175,9.30450068,85215.97645,0,999915076.5,11/10/2025 15:25
The Libertarian Dog,LIBERTA,0.000141975,1.40009746,3.64112063,85184.87097,35816.99411,600000000,11/10/2025 15:25
Chain of Legends,CLEG,0.000497948,-0.21369161,-1.58766643,84944.29683,34836.73316,170588749.5,11/10/2025 15:25
Aiagent.app,AAA,8.48E-05,3.36686464,4.94606805,84751.1953,100.1102477,999966216.8,11/10/2025 15:25
RabBitcoin,RBTC,1.14E-08,-2.38468079,-1.2740643,84583.16772,74.96948492,7.4375E+12,11/10/2025 15:25
SolarX,SXCH,0.000651,0.73965893,1.38489852,83629.57427,50503.35128,128463192.8,11/10/2025 15:25
Wall St. Bull,WBULL,8.32E-05,-11.37807,-8.82612575,83170.23174,3396.753988,1000000000,11/10/2025 15:25
Centaur,CNTR,1.69E-05,0,1.69306833,83079.52575,0,4928458333,11/10/2025 15:25
Bitune,TUNE,0.002626636,2.23123831,-9.29211636,82217.51223,8678.741845,31301449,11/10/2025 15:25
CONTRACOIN,CTCN,0.001609651,-19.54346194,3.19617772,82131.83345,9.16108817,51024630.5,11/10/2025 15:25
Integritee Network,TEER,0.020481074,7.03189551,-33.0051748,81474.6707,12553.30695,3978046.76,11/10/2025 15:25
GoldenCat,CATS,1.21E-07,-2.57133327,-2.60435858,81428.61848,0,6.75068E+11,11/10/2025 15:25
Gravity Finance,GFI,0.000230069,0.08626405,-2.21795438,81045.75421,0,352267212,11/10/2025 15:25
Unido EP,UDO,0.000799858,-0.02807292,0.00398643,80831.77615,6770.57544,101057665.1,11/10/2025 15:25
Decentral Games ICE,ICE,0.000355617,-0.73397823,-0.54731085,80605.00172,0,226662489.9,11/10/2025 15:25
Decentral Games,DG,0.000420885,1.67399766,-22.28103487,79546.79049,0,188999022.6,11/10/2025 15:25
Monsterra (MSTR),MSTR,0.000805226,-1.99155955,31.50333595,79475.82377,0,98700000,11/10/2025 15:25
SARAH,SARAH,0.000132895,-6.31344108,2.12332566,79421.51694,133522.9613,597624068.2,11/10/2025 15:25
Kalao,KLO,0.000417147,-1.03233546,8.80375471,79245.40738,9308.461286,189969797,11/10/2025 15:25
MetalCore,MCG,0.000193842,-0.02231218,-0.33651467,79252.74578,0,408852583.4,11/10/2025 15:25
Vega Protocol,VEGA,0.001260909,-4.29750056,-16.35555369,78235.76716,0,62047133,11/10/2025 15:25
CoTrader,COT,3.88E-06,0.50995777,4.17191634,77623.76584,48.87316402,20000000000,11/10/2025 15:25
SHILL Token,SHILL,0.000214913,17.73859409,28.59355458,76739.70763,9974.1885,357073944,11/10/2025 15:25
Spike,SPIKE,2.22E-07,0,-11.60869777,75928.40496,0,3.41767E+11,11/10/2025 15:25
Fringe Finance,FRIN,0.000115984,-0.02401259,-14.70566893,75921.28023,46350.71003,654583449,11/10/2025 15:25
Defina Finance,FINA,0.000776483,-0.56773086,0.49765517,75872.48464,0,97712962.2,11/10/2025 15:25
Uranus (SOL),ANUS,9.30E-06,1.13954925,1.20145327,75816.27836,0,8154420496,11/10/2025 15:25
dextoro,DTR,7.57E-05,3.65131263,-2.73682129,75689.3628,0,999994516,11/10/2025 15:25
Bachi on Base,BACHI,0.000128951,-5.36928465,4.63344667,75629.47649,45296.62216,586500000,11/10/2025 15:25
OneLedger,OLT,0.00014898,-0.02401259,15.50416499,75523.23743,140862.2437,506936797,11/10/2025 15:25
Rug World Assets,RWA,0.007866732,-5.79597736,-8.59734035,74718.91675,8.38782173,9498089,11/10/2025 15:25
Akuma Inu,$AKUMA,1.12E-07,-6.46831027,-3.90328473,74489.23608,11524.86177,6.66667E+11,11/10/2025 15:25
TAIKAI,TKAI,0.000983712,-4.48093996,-16.90435912,74073.42871,1068.738515,75299878,11/10/2025 15:25
Binance Mascot,PHIL,7.40E-05,-1.0514208,-0.02632743,74004.05141,217.0687491,1000000000,11/10/2025 15:25
ASPO World,ASPO,0.000925532,-0.33459905,-1.01046105,73984.13961,0,79936866,11/10/2025 15:25
VIX777,VIX,8.23E-05,6.50674852,-2.09248052,73772.52079,0,896871728,11/10/2025 15:25
Puffy,PUFFY,1.66E-06,0,-8.74822439,73709.40699,0,44444353597,11/10/2025 15:25
MAGA VP,MVP,0.001771281,0,-6.26798761,73543.63262,0,41520023,11/10/2025 15:25
Life Crypto,LIFE,2.80E-05,2.27299437,7.52893846,73722.97512,11553.34744,2631194572,11/10/2025 15:25
The Moon Metaverse,2MOON,1.15E-06,1.37634493,2.3237107,73178.27782,23624.00051,63466533600,11/10/2025 15:25
OpenVision,VISION,7.29E-05,0.58305398,-6.31510508,72896.67999,1106.471315,1000000000,11/10/2025 15:25
CatSolHat,SOLCAT,0.00109956,-0.75928938,1.12290319,72745.76924,1366.264908,66158964,11/10/2025 15:25
Spellfire,SPELLFIRE,0.000113326,-1.03938381,-2.01685942,72528.42596,66302.98026,640000000,11/10/2025 15:25
sunpepe,SUNPEPE,7.22E-05,0,-0.19086978,72229.83404,0,1000000000,11/10/2025 15:25
Zynecoin,ZYN,0.001723133,5.01341006,-20.76741819,72204.49304,190427.6633,41903029,11/10/2025 15:25
NFTrade,NFTD,0.002196528,-1.0091712,-1.68441759,71916.91874,9516.310223,32741175,11/10/2025 15:25
Janet,JANET,7.15E-05,0.77582789,2.5489644,71545.5866,9414.689411,1000000000,11/10/2025 15:25
Ducky,DUCKY,1.73E-07,2.72244058,-3.0742652,71578.39257,0,4.14401E+11,11/10/2025 15:25
Rebel Bots,RBLS,0.000580207,0,0,71536.81365,0,123295295,11/10/2025 15:25
Cat Gold Miner,CATGOLD,2.97E-05,-0.52355075,-10.04738788,71240.5944,10208.90627,2400000000,11/10/2025 15:25
Infinity Games,ING,1.42E-05,19.81505729,-4.15342291,71089.73489,13178.23941,5000000000,11/10/2025 15:25
HanChain,HAN,0.000846807,-0.05199557,-3.12145799,70980.64173,808915.791,83821503,11/10/2025 15:25
Bestcoin,BEST,1.05E-06,2.65983079,-8.25136371,70766.75542,1939.457122,67249637518,11/10/2025 15:25
Fuku-Kun,FUKU,2.19E-07,3.46983676,-6.57073645,70366.6854,0,3.2182E+11,11/10/2025 15:25
Team Heretics Fan Token,TH,0.035789379,0,0,70252.8323,0,1962952,11/10/2025 15:25
REGENT COIN,REGENT,0.024315681,-2.11438474,-0.84307653,69971.14569,1204513.443,2877614.01,11/10/2025 15:25
Peanut,PEANUT,1.70E-07,5.025899,-4.05845238,69691.54419,0,4.09457E+11,11/10/2025 15:25
Busy DAO,BUSY,0.000557048,11.93939882,19.92531838,69630.93888,10161.48053,125000000,11/10/2025 15:25
Wet Ass Pussy,WAP,6.96E-05,-2.72564622,-14.8152765,69620.02758,0,1000000000,11/10/2025 15:25
StarryNift,SNIFT,0.000370713,-20.98009362,-19.54415307,69329.0621,65568.03802,187015500,11/10/2025 15:25
Internxt,INXT,0.061887721,0,0,69270.55474,0,1119294,11/10/2025 15:25
ACENT,ACE,4.94E-05,-5.19650264,-11.31492974,69147.21073,16144.0256,1400000000,11/10/2025 15:25
DOGEai,DOGEAI,9.20E-05,-15.80623493,-18.30684633,68964.83485,284417.5663,750000000,11/10/2025 15:25
Baby,BABY,7.02E-08,1.71746257,0.73262138,68919.30454,0,9.8129E+11,11/10/2025 15:25
Based Shiba Inu,BSHIB,7.62E-06,-1.26727807,-1.98522518,68895.44061,41.17819127,9041391107,11/10/2025 15:25
YETI,YETI,8.59E-05,26.72148194,-8.89590678,68698.10537,5617.012301,799979227.1,11/10/2025 15:25
MixMarvel,MIX,7.06E-06,-1.03484631,-8.78843948,68557.94921,41069.55187,9710000000,11/10/2025 15:25
Baby Trump (BSC),BABYTRUMP,0.000153742,-0.77708157,0.35440027,68141.23128,0,443216727.7,11/10/2025 15:25
İstanbul Başakşehir Fan Token,IBFK,0.048609562,0.00265702,3.59347921,67923.40491,9296.253407,1397326,11/10/2025 15:25
fartcoin killer,BUTTPLUG,6.80E-05,-5.98041557,-2.32454871,67927.57182,16452.33553,999456146.3,11/10/2025 15:25
KILL BIG BEAUTIFUL BILL,KBBB,6.78E-05,0.4250957,-5.17890119,67787.90389,125872.4187,999998669,11/10/2025 15:25
Cate,CATE,6.77E-05,0,-8.27211781,67692.06321,0,1000000000,11/10/2025 15:25
Ninneko,NINO,0.001036928,0.12977846,-3.80343346,67301.05692,0,64904273,11/10/2025 15:25
Alanyaspor Fan Token,ALA,0.035292422,4.17260138,13.43580631,67050.27198,20497.04857,1899849,11/10/2025 15:25
MOVEZ,MOVEZ,1.78E-05,1.65474132,4.53260849,66308.12659,11564.61026,3717718009,11/10/2025 15:25
Doge Base,DOGEBASE,6.67E-05,-1.89763263,-7.8987475,66392.33501,0,995045963,11/10/2025 15:25
8PAY,8PAY,0.001105184,3.98977838,-13.47608127,66323.07857,0,60010875,11/10/2025 15:25
Simon the Gator,SIMON,0.000102292,-1.54374794,-3.05551304,66157.81312,60994.61151,646752778.2,11/10/2025 15:25
Angola,AGLA,3.30E-05,-5.75515842,-5.76545198,65810.44088,358635.0209,1995600000,11/10/2025 15:25
Baby Bonk,BABYBONK,2.56E-13,-0.08719574,-1.45717811,65667.66298,43572.49671,2.56E+17,11/10/2025 15:25
Standard,STND,0.000762136,12.0828622,-9.36233998,65219.77973,10475.1274,85574950,11/10/2025 15:25
Plastiks,PLASTIK,0.000425373,0,7.85650771,64849.04088,0,152452346,11/10/2025 15:25
Sakai Vault,SAKAI,0.030808736,1.01287878,-1.57930371,64113.81158,9619.503782,2081027,11/10/2025 15:25
MOONDOGE,MOONDOGE,6.48E-05,30.59062274,29.79587106,63922.81189,14345.52612,985740007,11/10/2025 15:25
Reboot,GG,0.000393218,0,-4.75957437,63794.89554,0,162237935,11/10/2025 15:25
Amulet,AMU,0.000144127,-0.06773124,-1.85844743,63694.16657,0.0686319,441930898,11/10/2025 15:25
Interlay,INTR,0.000949664,16.77632764,2.71654412,63646.70136,10879.81274,67020250.9,11/10/2025 15:25
Sapo Concho,CONCHO,6.35E-05,2.82368724,8.7607617,63514.36849,0,999495524.2,11/10/2025 15:25
Onigiri,ONI,1.56E-07,2.79088058,-7.61024799,63452.6092,0,4.07983E+11,11/10/2025 15:25
WorkQuest Token,WQT,1.10E-05,-31.22631658,-79.28607082,63299.86893,3287.572015,5755555558,11/10/2025 15:25
ChainAware.ai,AWARE,0.001710731,-1.67776429,-12.11432708,62997.88054,0,36825134,11/10/2025 15:25
Civilization,CIV,0.000209946,0,-76.92601095,62983.78681,0,300000000,11/10/2025 15:25
BOZO,BOZO,8.64E-10,0.87044813,-15.47487443,62952.29356,530.2013639,7.28249E+13,11/10/2025 15:25
SpaceFalcon,FCON,3.61E-06,-30.4818757,-37.96427051,62871.30617,0,17424567889,11/10/2025 15:25
AIRDROP2049,AIRDROP,5.36E-05,-0.13105163,13.77095973,62688.05746,35866.31258,1170000000,11/10/2025 15:25
retardcoin,RETARD,6.25E-05,-0.48097621,-9.49597752,62527.78524,289075.4213,999966968.9,11/10/2025 15:25
Dexlab Classic,DXLC,0.00118688,-1.12544755,667.2023885,62342.98374,2749.398065,52526785.59,11/10/2025 15:25
King DAG,KDAG,0.001137967,-0.02212062,-0.13861446,61964.05501,0,54451545,11/10/2025 15:25
Pochita (pochita.biz),POCHITA,6.20E-05,4.61650279,-37.90651628,61952.77396,92281.65728,1000000000,11/10/2025 15:25
HoDooi.com,HOD,0.000125796,3.06758516,-16.29550029,61873.48458,10787.7651,491857217,11/10/2025 15:25
Petals,PTS,4.33E-06,3.54604364,10.5995108,61133.99769,10252.06829,14125000000,11/10/2025 15:25
Moona Lisa,MOONA,5.97E-05,0,-13.33809915,59732.59465,0,999993847.8,11/10/2025 15:25
MOODENG (moodengbnb.com),MDB,1.84E-07,2.04858561,-2.00793504,59570.54957,0,3.23588E+11,11/10/2025 15:25
REV3AL,REV3L,0.000162615,-0.63838708,-3.39805487,59509.13951,0,365950750,11/10/2025 15:25
Cantina Royale,CRT,0.000243996,-2.17650808,14.56930603,59335.83537,16.45511567,243183445,11/10/2025 15:25
CryptoBlades,SKILL,0.078973033,-0.94014501,5.8628685,59173.57724,11.85539793,749288.3981,11/10/2025 15:25
Duck DAO (DLP Duck Token),DUCK,0.001883714,-0.03646931,-0.41101421,58996.41747,0,31319194.87,11/10/2025 15:25
Flavia Is Online,FLAVIA,5.89E-05,3.82363362,-0.94414061,58904.06381,0,999999631,11/10/2025 15:25
MoonBag,$MBAG,1.98E-06,-1.96739548,-29.37158269,58582.427,73.47190419,29547324091,11/10/2025 15:25
Crypto-Altcoins.com,ALTS,4.37E-05,60.74787686,-1.81330114,58104.8829,2179.42545,1330240533,11/10/2025 15:25
XP NETWORK,XPNET,0.000438085,-0.97935454,-2.66421159,57770.64538,9671.494588,131870792,11/10/2025 15:25
Wizardia,WZRD,0.000411362,-0.11730191,-4.99535466,57647.95806,14426.20706,140139397,11/10/2025 15:25
Rublix,RBLX,0.002759144,0,0,57240.84245,0,20745871.36,11/10/2025 15:25
Strike,STRK,0.010045139,-0.99622703,-36.06496991,56997.46464,55677.44924,5674134.028,11/10/2025 15:25
Acid Toad,TOAD,1.35E-10,-13.0810412,-16.11570326,56904.94036,1311.567929,4.2069E+14,11/10/2025 15:25
VIXCO,VIX,6.40E-05,-0.00369951,0.00703092,56812.17284,0,887690380,11/10/2025 15:25
Olyverse,OLY,4.20E-05,0,-33.34180942,56560.65988,0,1347029039,11/10/2025 15:25
EAGLEBUILDER,E,5.63E-05,-1.64606279,-7.70292699,56343.39396,0,1000000000,11/10/2025 15:25
UNIX Corp,UNIX,0.000201749,-1.56017877,0.04173781,56000.1842,0,277572888,11/10/2025 15:25
Game of Memes,GOME,8.57E-05,-0.23641102,3.18568841,55778.70506,431.3981064,651128339,11/10/2025 15:25
Etherland,ELAND,0.001436724,1.48445721,-5.43291129,55568.14995,0,38676984.62,11/10/2025 15:25
WOM Protocol,WOM,0.000286212,-13.14825153,-33.25333172,55238.98809,23291.64076,193000000,11/10/2025 15:25
Baby Ripple (babyxrp.xyz),BABYXRP,5.49E-05,2.78018012,3.39328762,54894.68446,137455.0266,1000000000,11/10/2025 15:25
Nvidia Inu,NINU,7.59E-06,2.71185615,-5.45043241,54447.78739,0,7169798421,11/10/2025 15:25
Trump Derangement Syndrome (tearsforTDS),TDS,5.44E-05,-3.84105813,0.11700852,54372.5792,0,1000000000,11/10/2025 15:25
Oddz,ODDZ,0.000548925,-0.38690184,-6.79093825,54343.54932,50888.4925,98999988,11/10/2025 15:25
AMC,AMC,1.60E-09,0,-8.07522882,54138.99418,0,3.38571E+13,11/10/2025 15:25
APYSwap,APYS,0.002975774,0.97588966,6.66000072,54132.4066,19486.16937,18191036,11/10/2025 15:25
The Coop Network,GMD,0.000253821,0,0,54037.90543,0,212897880,11/10/2025 15:25
Boss Token,BOSS,1.36E-10,-57.82845666,-95.34153994,53919.88479,71.39092151,3.95091E+14,11/10/2025 15:25
ZAIBOT,ZAI,0.010073485,-0.41594986,-10.32954593,52836.29903,14.49987299,5245086.541,11/10/2025 15:25
Jarvis Network,JRT,0.001809429,0.50995784,4.17191644,52484.06689,45.57875721,29005880.19,11/10/2025 15:25
YFDAI.FINANCE,YF-DAI,13.02797112,0.00700919,19.06815368,51929.49289,11225.64011,3986,11/10/2025 15:25
Doug The Duck,DOUG,5.20E-05,1.81604259,-11.1844141,52032.28671,0,999960911,11/10/2025 15:25
LanLan Cat,LANLAN,5.83E-06,4.31202029,-5.94984649,51846.82009,0,8888888888,11/10/2025 15:25
MILKBAG,MILKBAG,5.75E-05,-8.22448582,-24.70351467,51718.87586,0,899153384,11/10/2025 15:25
Orion Money,ORION,0.000534151,0.47572003,-7.39517651,50744.71535,9439.293803,95000672.56,11/10/2025 15:25
DeFAI,DEFAI,5.27E-05,-2.59973689,-21.49259412,50266.55702,0,953202700.8,11/10/2025 15:25
Castle of Blackwater,COBE,0.006391384,5.51476993,-3.49103995,49909.98346,0,7808948,11/10/2025 15:25
Shopping.io,SHOP,0.000497581,-54.34041593,-55.29047664,49696.18226,4078.703657,99875636,11/10/2025 15:25
KeyFi,KEYFI,0.018471874,-1.31297494,0.08267301,49660.32111,0,2688429,11/10/2025 15:25
AutoLayer,LAY3R,0.004262212,1.21974168,15.31082199,49506.45808,1645.507594,11615204,11/10/2025 15:25
Ronaldinho Coin,STAR10,0.000218768,0.36233345,0.48272587,49359.36444,58238.4587,225623836.4,11/10/2025 15:25
NevaCoin,NEVA,0.009065764,0,-5.45172235,49241.87333,0,5431630,11/10/2025 15:25
Digimon,DIGIMON,4.91E-05,5.24417831,-19.36890826,49135.70385,55.41458426,999893229.2,11/10/2025 15:25
Bitcoin Base,BTC,0.002342925,-35.79542046,24.29332385,48993.3363,2070.660475,20911183,11/10/2025 15:25
"Eat, Trade, Fart",ETF,4.82E-05,1.78954603,-4.58590234,48224.62482,0,999977119,11/10/2025 15:25
HODL (hodl_bnbcto),HODL,4.82E-05,-2.33199571,0.47705341,48167.16368,150.4261074,1000000000,11/10/2025 15:25
Bitrock,BROCK,0.00050725,5.13598904,-3.74578507,48163.99505,30.21472168,94951280.88,11/10/2025 15:25
Eggdog,EGG,5.05E-05,5.64021279,-4.07454013,47774.10964,0,945334730,11/10/2025 15:25
Playcent,PCNT,0.001296503,0,194.3952092,47598.36544,0,36712871.22,11/10/2025 15:25
Hiero Terminal,HTERM,5.81E-05,3.82333577,-4.7496359,47254.90707,0,812756885,11/10/2025 15:25
Virtue Poker,VPP,0.000439465,41.47008924,23.52855865,47017.84635,0,106988748,11/10/2025 15:25
Ubex,UBEX,1.42E-05,0,0,46948.1822,0,3306258739,11/10/2025 15:25
Valentine,VALENTINE,4.65E-05,0,-10.08998898,46530.43519,0,1000000000,11/10/2025 15:25
DOJO Protocol,DOAI,5.53E-05,1.98018073,8.13796956,46205.35021,8971.354459,835563719.9,11/10/2025 15:25
Bitteam token,BTT,1.00E-04,4.13775593,-0.0082146,46091.81379,2.256123,460999998,11/10/2025 15:25
Oxygen,OXY,0.001130269,-0.05187252,-1.16851205,45989.99708,290034.212,40689415,11/10/2025 15:25
AstroSwap,ASTRO,1.31E-05,-1.31256938,-10.04066567,44943.11568,0,3426358689,11/10/2025 15:25
COGI,COGI,0.000728311,-0.80293251,-0.08372304,44854.51808,0,61587047,11/10/2025 15:25
Pengycoin,PENGY,4.49E-05,4.01337123,5.15117874,44693.11015,0,995704045,11/10/2025 15:25
Effect AI (old),EFX,0.000176867,-3.18707434,23.29045334,44600.3072,0,252168527.3,11/10/2025 15:25
BABYTRUMP,BABYTRUMP,0.00122305,-11.48153205,35.07566027,44128.17302,0,36080445,11/10/2025 15:25
Real Sociedad Fan Token,RSO,0.041794226,0,0,43974.08751,0,1052157,11/10/2025 15:25
Philosoraptor,RAPTOR,4.49E-05,0.47174197,-6.85148239,43714.60193,45273.60531,973407926,11/10/2025 15:25
Heroes Chained,HEC,0.000793115,2.24923709,1.26853388,43570.3932,0,54935774.64,11/10/2025 15:25
Ellipsis,EPX,5.30E-07,-9.29443432,-3.42891372,43051.6767,0,81260135377,11/10/2025 15:25
IguVerse,IGU,0.000747712,-0.65640026,-5.17372717,42760.95029,9295.017365,57189082,11/10/2025 15:25
Meta Apes,PEEL,0.000277337,1.17086163,9.62835863,42546.46917,0,153410748,11/10/2025 15:25
JinPeng,JIN,4.97E-05,-1.86263887,0.12160317,42455.78314,1561.477704,854316386,11/10/2025 15:25
Raiinmaker,RAIIN,0.003868765,3.13221221,-34.63470013,42365.09806,1118.884433,10950548.09,11/10/2025 15:25
BNbitcoin,BNBTC,0.003943001,5.74734489,-4.28955223,42241.50516,809.0451922,10713035,11/10/2025 15:25
OneArt,1ART,0.00029424,-1.93255608,-1.62352151,42198.76573,0,143416035,11/10/2025 15:25
RealGOAT,RGOAT,2.01E-09,-16.93392909,-22.25146815,42169.85946,0,2.1E+13,11/10/2025 15:25
Umbrella Network,UMB,0.000143117,1.63480825,-4.34024188,41927.82672,0,292962636,11/10/2025 15:25
neversol,NEVER,5.82E-07,-4.48205546,3.80734061,41898.74702,0,72000197130,11/10/2025 15:25
Primex Finance,PMX,0.000589212,-0.35161461,-19.32904748,41763.96617,18841.28424,70881059,11/10/2025 15:25
PJN,PJN,4.15E-05,1.09511189,-5.66169947,41490.20649,0,999950774.8,11/10/2025 15:25
Rainmaker Games,RAIN,6.21E-05,0,1.55535999,41089.78933,0,661842165,11/10/2025 15:25
Artisse,CATHEON,4.24E-05,0.48476371,20.46977274,41066.68559,2259.098077,968534281,11/10/2025 15:25
Autobahn Network,TXL,0.000605964,-0.71845526,-2.74478262,40642.49655,0,67070792.63,11/10/2025 15:25
BBQCOIN,BBQ,8.13E-05,20.37729447,11.84369435,40634.27265,1270.019467,500000000,11/10/2025 15:25
Genaro Network,GNX,6.25E-05,0,0,40629.72299,0,650000000,11/10/2025 15:25
Shiba Saga,SHIA,0.000750978,-3.18070406,14.49366137,40505.36939,0,53936830.2,11/10/2025 15:25
Degen Arena,DEGEN,9.55E-11,2.84142174,-11.56253502,40160.49017,0,4.2069E+14,11/10/2025 15:25
Don-key,DON,0.000419936,-2.4875462,-8.20982691,40124.82227,5381.275662,95549867.71,11/10/2025 15:25
Exverse,EXVG,0.001243695,-2.85585916,10.81782196,39997.23047,22074.16205,32160000,11/10/2025 15:25
Hiblocks,HIBS,3.95E-06,-1.48750343,-9.0019313,39883.32505,14815.68452,10086444804,11/10/2025 15:25
Lithium,LITH,7.59E-06,-3.02476277,-2.57427251,39775.77539,0,5242220240,11/10/2025 15:25
PolkaWar,PWAR,0.000478263,-9.28474966,-39.76570302,39610.79504,2531.130957,82822168,11/10/2025 15:25
Let that sink in,SINK,5.19E-05,0.96035797,-10.96676703,39490.82914,50369.53499,760917268,11/10/2025 15:25
LEGION,LEGION,0.000144766,-8.73309493,-23.80641444,39439.54712,9710.187759,272435857.1,11/10/2025 15:25
SpaceCatch,CATCH,0.00357702,-1.56102399,-22.22128428,39402.49093,18817.41536,11015453,11/10/2025 15:25
Creaticles,CRE8,0.000504392,-0.0179112,-4.89244621,39369.10012,9465.101491,78052634,11/10/2025 15:25
Izzy,IZZY,3.95E-05,0,-8.32886525,38823.61086,0,982000000,11/10/2025 15:25
STAGE,STAGE,2.51E-05,-1.89286311,5.62677035,38748.93077,10548.71877,1543128482,11/10/2025 15:25
The ChampCoin,TCC,0.000773663,0.03027287,8.56827318,38683.12979,2066.998027,50000000,11/10/2025 15:25
April,APRIL,0.000458474,-1.8304567,-3.38680687,38633.59057,0,84265543,11/10/2025 15:25
HODL Coin,HODL,3.81E-05,-0.48966006,14.71134211,38107.28075,0,999887931.5,11/10/2025 15:25
Era Token (Era7),ERA,0.000826656,0,1.06322309,38044.06393,0,46021643,11/10/2025 15:25
Mambo,MAMBO,3.80E-08,-0.4937241,-8.37395134,37992.34522,0,1E+12,11/10/2025 15:25
Bruh,BRUH,3.80E-05,2.59052309,-0.08498538,37962.41038,53528.34659,1000000000,11/10/2025 15:25
PolkaBridge,PBR,0.000504691,0,-21.01665863,37805.30329,0,74907779.44,11/10/2025 15:25
Insane Labz,LABZ,0.000763864,7.88147685,9.7659315,37801.66529,1281.026873,49487407.01,11/10/2025 15:25
Berry Data,BRY,0.018787725,-1.17242068,-1.0055789,37575.4495,57.97886421,2000000,11/10/2025 15:25
Doodipals,DOODI,4.05E-05,1.02832993,-8.62390996,37488.87681,0,926123837,11/10/2025 15:25
Mozaic,MOZ,0.000248482,13.06937147,4.03353001,37402.31846,0,150523241.3,11/10/2025 15:25
The Sharks Fan Token,SHARKS,0.258931672,-17.219882,-41.0415409,37192.94534,1510.492404,143640,11/10/2025 15:25
MetaTrace,TRC,0.00010248,-2.68188531,-2.11124532,36672.33494,225.2608566,357849590.9,11/10/2025 15:25
OMalley,OMALLEY,4.06E-06,4.31129817,-2.51274249,36576.64158,0,9000000000,11/10/2025 15:25
TheForce Trade,FOC,0.000454433,-1.01383141,-0.1716802,36445.54183,62.49309471,80200000,11/10/2025 15:25
LiquidApps,DAPP,5.12E-05,0.50995785,4.17191644,36322.5498,91.78087033,709902293.8,11/10/2025 15:25
PRivaCY Coin,PRCY,0.002510489,-32.85435825,20.78830028,36321.89731,0,14468056,11/10/2025 15:25
Arix,ARIX,0.000576021,4.00174493,15.00881591,36107.2954,50770.03224,62683981,11/10/2025 15:25
Genesis Worlds,GENESIS,0.000198349,4.44847809,9.53380164,35955.11157,0,181271551.3,11/10/2025 15:25
SolBox,SOLBOX,3.59E-05,2.28666512,6.22161983,35865.50455,256.4835179,999793400.2,11/10/2025 15:25
Gourmet Galaxy,GUM,0.010624391,-2.16930661,-2.80253104,35189.51857,0,3312144.61,11/10/2025 15:25
C.A.T (Crypto Agent Trading),CATG,3.51E-05,7.21486007,-4.88366111,35096.15937,0,999820800.3,11/10/2025 15:25
Coinsbit Token,CNB,2.58E-05,0,0,34408.40603,0,1331266628,11/10/2025 15:25
FOMO BULL CLUB,FOMO,1.03E-06,-6.48887778,-13.14415653,34385.07937,0,33463524580,11/10/2025 15:25
Magaverse,MVRS,3.43E-05,-0.3327935,-46.33086037,34292.49411,71933.30177,1000000000,11/10/2025 15:25
UFOPepe,UFO,3.43E-05,3.27187661,7.11976192,34280.93263,0,999983373,11/10/2025 15:25
Woonkly,WOOP,0.000148791,-1.98667876,2.96298724,34011.38363,23.93974421,228584357,11/10/2025 15:25
Solzilla,SOLZILLA,5.27E-11,1.79080618,-4.02380712,33763.02608,0,6.4118E+14,11/10/2025 15:25
Kobushi,KOBUSHI,8.01E-08,-0.68234531,-22.15076096,33695.96946,56348.43604,4.2069E+11,11/10/2025 15:25
KINE,KINE,0.00166644,0,-7.72397459,33681.95787,0,20211925,11/10/2025 15:25
PAC Protocol,PAC,1.92E-06,0,-11.99497807,33451.91782,0,17443000000,11/10/2025 15:25
ApexToken,APX,0.000855551,2.55147724,8.85431249,33150.73597,508490.4547,38747819,11/10/2025 15:25
SONM (BEP-20),SNM,9.96E-05,0,0,33082.87039,0,332312235.9,11/10/2025 15:25
Brat,BRAT,3.30E-05,6.4048586,-10.79458885,32997.46813,34776.16932,1000000000,11/10/2025 15:25
Esporte Clube Bahia Fan Token,BAHIA,0.032950617,-0.35633976,-6.60385011,32982.21672,124.5582524,1000959,11/10/2025 15:25
Fusion AI,FUSION,3.30E-05,3.6529384,-4.54011922,32972.47038,0,1000000000,11/10/2025 15:25
MetaFighter,MF,5.33E-05,2.18004223,-25.41414703,32751.24306,0,614033258.2,11/10/2025 15:25
Metadrip,DRIP,3.25E-05,3.24673374,6.8497717,32531.74638,84.70470183,999989662,11/10/2025 15:25
DEXA COIN,DEXA,1.30E-06,-11.6123721,-27.23477692,32492.94941,28189.83555,25000000000,11/10/2025 15:25
Ondo DeFAI,ONDOAI,3.20E-05,0,0,32002.88974,0,1000000000,11/10/2025 15:25
RealFevr,FEVR,2.95E-06,0,-12.07689015,31800.60421,0,10779065385,11/10/2025 15:25
Arcade,ARC,0.000899759,-0.62427082,-10.79695544,31686.87934,0,35217067.47,11/10/2025 15:25
Blend,BLEND,3.16E-05,2.27525935,-6.55576664,31575.83276,0,1000000000,11/10/2025 15:25
Nerve Finance,NRV,0.000680095,-1.03156961,-37.39108715,31446.09131,0,46237771,11/10/2025 15:25
Elpis Battle,EBA,0.001408389,-1.2279745,-0.06889479,31227.80414,0,22172718.4,11/10/2025 15:25
Idle,IDLE,0.00349577,0.50995784,4.17191644,31162.03993,5.68173353,8914214.36,11/10/2025 15:25
Dogy,DOGY,3.55E-08,1.1153149,-0.55997527,30876.30774,49742.93023,8.69874E+11,11/10/2025 15:25
Poor Doge,PDOGE,2.76E-07,-0.86193585,-5.35967546,30814.23382,0,1.11744E+11,11/10/2025 15:25
UTYABSWAP,UTYAB,3.07E-05,0,-4.86965481,30707.6369,0,1000000000,11/10/2025 15:25
AIGOV,OLIVIA,4.12E-05,2.00517776,-1.48899239,30666.66481,501400.6321,744464687.6,11/10/2025 15:25
APES,APES,3.05E-05,3.97267309,-7.53333098,30481.78899,0,999994943,11/10/2025 15:25
LitLab Games,LITT,0.000104417,0.00244211,-0.06987705,30471.57825,0,291825068,11/10/2025 15:25
Thetan World,THG,0.000268077,2.00469996,1.44535698,30449.51982,0,113584953.7,11/10/2025 15:25
Lamas Finance,LMF,0.004234185,-0.69442875,-13.07044088,30403.10368,197.9235911,7180391,11/10/2025 15:25
Pancake Bunny,BUNNY,0.059566952,0,0,30392.96495,0,510232,11/10/2025 15:25
Snibbu,SNIBBU,4.56E-05,5.32205637,-7.21685122,30373.48501,0,666666666,11/10/2025 15:25
Tulip Protocol,TULIP,0.036946796,-23.38445888,-18.89243478,30119.2417,1445.682339,815205.7809,11/10/2025 15:25
Neutra Finance,NEU,0.038185978,0.78295336,-21.02663762,29805.20974,0,780527.59,11/10/2025 15:25
Linked Finance World,LFW,0.000930172,0,-4.0405261,29777.77725,0,32013208,11/10/2025 15:25
BananaGuy,BANANAGUY,7.06E-08,-3.15157309,-16.51590417,29712.27936,615.3708777,4.20678E+11,11/10/2025 15:25
MeowCat,MEOW,0.000296556,4.84962792,8.07075365,29655.57286,0,100000000,11/10/2025 15:25
WOWswap,WOW,0.029514719,-0.77783375,1.43444763,29499.56668,53756.44582,999486.6086,11/10/2025 15:25
DOSE,DOSE,3.42E-05,-20.62718563,-55.17664132,29216.49314,2418.580031,853702151,11/10/2025 15:25
BloodLoop,BLS,0.000556426,-3.55441243,-31.28440458,29166.92952,17128.64451,52418329,11/10/2025 15:25
Furucombo,COMBO,0.000714839,0,-1.22585695,29000.95659,0,40569925.1,11/10/2025 15:25
Smilek to the Bank,SMILEK,1.47E-08,0.55578015,-0.62267206,28729.34228,46.2641851,1.9589E+12,11/10/2025 15:25
Spike,SPIKE,2.99E-05,6.96804419,-8.87925545,28632.78518,0,957964983,11/10/2025 15:25
Blockchain Cuties Universe Governance,BCUG,0.02074106,0,-22.03868649,28578.94033,0,1377892,11/10/2025 15:25
Quantum Swap,QSWAP,3.09E-06,0,-45.80818524,28421.42423,0,9195218901,11/10/2025 15:25
CRT AI Network,CRTAI,8.05E-05,-1.01398923,-40.84214451,28409.10144,74079.93296,352900942,11/10/2025 15:25
The Corgi of PolkaBridge,CORGIB,9.75E-10,-1.60632176,-1.47163188,28257.19975,0,2.897E+13,11/10/2025 15:25
Dogenarii,DOGENARII,2.82E-05,0.89741666,7.26617284,28200.08514,0,1000000000,11/10/2025 15:25
Minu,MINU,7.42E-09,-1.69469723,8.71941024,28162.87791,0,3.79324E+12,11/10/2025 15:25
TOAD,TOAD,6.70E-11,210.0732396,80.59901828,27760.84385,211.9081798,4.14271E+14,11/10/2025 15:25
Rapidz,RPZX,1.49E-05,0,0,27469.84591,0,1847661820,11/10/2025 15:25
SAFEMOON,SMOON,2.93E-05,0.07530291,-11.48925031,27348.47601,0,933262117,11/10/2025 15:25
Refinable,FINE,0.000659841,-6.23366303,-7.34281242,27092.94741,9980.220471,41059833,11/10/2025 15:25
MOTH,MOTH,2.72E-05,0,-3.28031781,27151.78146,0,999997588,11/10/2025 15:25
SofaCat,SOFAC,0.000284045,0.5342392,-2.74945741,26874.37344,0,94613000,11/10/2025 15:25
Ouroboros,OURO,0.000601893,19.89461293,-70.74713322,26640.37777,9.55766155,44260978.67,11/10/2025 15:25
Yellow Pepe,YELPE,2.66E-05,4.51019485,-8.47688793,26576.23157,0,999970732,11/10/2025 15:25
Fabwelt,WELT,0.000115927,0,-0.22649928,26546.21617,0,228991733,11/10/2025 15:25
Neos.ai,NEOS,0.000264919,-0.53975042,3.06038994,26491.90146,0,100000000,11/10/2025 15:25
Nibbles,NIBBLES,1.86E-07,6.09148299,0.76865011,26449.52555,0,1.42E+11,11/10/2025 15:25
PulsePad,PLSPAD,0.000159582,-4.89396153,-25.75029395,26445.63181,9300.654736,165717873,11/10/2025 15:25
Spartan Protocol,SPARTA,0.000351477,-2.48848543,-4.39809588,26284.40065,0,74782755.88,11/10/2025 15:25
CeluvPlay,CELB,0.000109839,8.81140051,-30.98150598,26223.99369,1034761.714,238750000,11/10/2025 15:25
BullBear AI,AIBB,1.27E-11,-11.81564949,-3.01124612,25981.0644,110.8479215,2.04583E+15,11/10/2025 15:25
Rewardable,REWARD,0.000104337,1.08229653,-10.46534284,25853.2088,0,247786134,11/10/2025 15:25
Plankton in Pain,AAAHHM,2.57E-05,2.63623834,-16.86818266,25702.64988,0,999999978,11/10/2025 15:25
Billion Happiness,BHC,0.513718632,-0.44979713,-1.42820775,25685.93158,0,50000,11/10/2025 15:25
PUMPAI,PUMPAI,7.47E-05,9.31675582,5.24620912,25628.66961,25675.32588,343107061.7,11/10/2025 15:25
Shirtum,SHI,0.000145371,-0.84419191,-3.74544067,25268.77287,10835.15319,173823179,11/10/2025 15:25
BlockProtocol,BLOCK,0.000293207,1.58267796,-15.15458905,24459.32929,14796.55807,83419968,11/10/2025 15:25
Legends of Elysium,LOE,0.001767833,-8.67401602,3.8080547,24331.44625,9686.086972,13763427,11/10/2025 15:25
Papu Token,PAPU,4.83E-10,-2.31272716,-3.56867057,24127.58695,0,4.99894E+13,11/10/2025 15:25
KALM,KALM,0.002817333,-3.73604449,-8.99919616,24088.20093,0,8550000,11/10/2025 15:25
BILL THE BEAR,BILL,2.69E-08,0,-12.06129683,23948.56855,0,8.88775E+11,11/10/2025 15:25
Suilama,SUILAMA,2.39E-06,4.76328962,-6.15744517,23877.59837,0,10000000000,11/10/2025 15:25
Pawtocol,UPI,9.05E-05,1.63384631,34.00688183,23339.96398,0,257924377.1,11/10/2025 15:25
BidiPass,BDP,6.04E-05,-2.78036856,-4.2003934,23334.20321,0.00102602,386631336.8,11/10/2025 15:25
Sol Bastard,SOBA,2.59E-05,2.93727282,-6.04395974,23286.02637,1.52795255,898864234,11/10/2025 15:25
Polylastic,POLX,3.37E-07,0,8.92340341,22554.21092,0,67007683334,11/10/2025 15:25
AirNFTs,AIRT,0.000200081,-1.09856112,-2.35150379,22417.12544,0,112040000,11/10/2025 15:25
ONE PUNCH CAT,PUNCH,2.54E-05,2.15960083,-10.44616725,22385.08394,0,882164410,11/10/2025 15:25
StoryFire,BLAZE,3.53E-06,0,1.9350753,22190.72127,0,6284068245,11/10/2025 15:25
MELX,MEL,0.001087232,0,0,22071.15754,0,20300314.3,11/10/2025 15:25
SmartCash,SMART,1.56E-05,1.27919911,28.62539308,22015.72766,0,1413859298,11/10/2025 15:25
Juice Finance,JUICE,0.000125837,0.82147534,-36.45252916,21616.03979,9431.112067,171777777.8,11/10/2025 15:25
Repost Dog,$RDOG,2.13E-05,0,-11.19974686,21317.51316,0,999689169.8,11/10/2025 15:25
FreedomCoin,FREED,0.003197629,-2.9735867,53.30584854,21118.37943,0.09034881,6604387.319,11/10/2025 15:25
Biao,BIAO,2.13E-05,-2.10807895,-12.63986264,20984.69927,0,984188758,11/10/2025 15:25
ZeroSwap,ZEE,0.000326993,-0.03185509,-9.91036751,20740.89766,270451.4947,63429102,11/10/2025 15:25
Data Ownership Protocol,DOP,2.37E-06,12.76814242,7.14273077,20659.97322,0,8733406525,11/10/2025 15:25
Dechat,DECHAT,0.004178233,4.41550041,8.71523477,20452.64893,33.11572777,4895047,11/10/2025 15:25
MetaDOS,SECOND,6.22E-06,-0.08760137,4.87483608,19872.15935,77.68812015,3192872153,11/10/2025 15:25
Captain Tsubasa,TSUGT,0.000111079,-2.21531052,126.8176479,19869.90925,4929.357732,178880147,11/10/2025 15:25
Chainbing,CBG,0.00059893,-0.02212062,-0.13861446,19764.68799,0,33000000,11/10/2025 15:25
DADDY TRUMP,TADDY,2.70E-05,0,-15.85872333,19450.07365,0,721706179,11/10/2025 15:25
Residual Token,eRSDL,2.10E-05,0.50995784,4.17191642,19421.57483,19.06262855,926277613.1,11/10/2025 15:25
Argon,ARGON,0.000198364,-0.34241332,-5.93556539,19420.69167,0,97904446.31,11/10/2025 15:25
VENKO,$VENKO,3.64E-08,7.3096976,-0.06128344,19223.19882,0,5.28516E+11,11/10/2025 15:25
Bird.Money,BIRD,0.201084965,7.02889102,1.27560666,19091.40872,0,94942,11/10/2025 15:25
WeWay,WWY,1.33E-05,2.89481632,1.61665823,19087.43635,10007.54681,1440281416,11/10/2025 15:25
Magical Blocks,MBLK,0.000163435,-8.34928471,26.2832335,18920.35548,12405.19393,115766919,11/10/2025 15:25
NDC,NDC,0.002570052,2.35943717,-7.53806149,18907.87567,30293.48641,7357001,11/10/2025 15:25
DORK LORD,DLORD,2.01E-05,2.3811647,2.88609241,18879.56785,0,939243932,11/10/2025 15:25
Shezmu,SHEZMU,0.031749851,1.93441745,-15.20135695,18691.23259,0,588703,11/10/2025 15:25
SimsAI,SIMSAI,1.85E-05,2.91578902,-3.69259461,18543.40269,0,999993177,11/10/2025 15:25
Corite,CO,0.000150628,-0.04073258,-0.04814695,18406.69937,0,122199592,11/10/2025 15:25
Choruz AI,CHORUZ,1.95E-05,7.77345527,0.87950234,18363.15874,0,940000000,11/10/2025 15:25
Knit Finance,KFT,0.003731199,-4.83724677,-12.52215662,18282.87411,10229.82177,4900000,11/10/2025 15:25
Shrek2HulkSimbaAnusHannahMontanInu,ETH,2.26E-05,2.1368477,-25.28807585,18052.92876,0,799935318,11/10/2025 15:25
Rage Fan,RAGE,0.000317522,-5.36935901,21.53534896,18009.81772,9401.141184,56719937.58,11/10/2025 15:25
BabyCate,BABYCATE,2.60E-08,-0.02850916,0.00073362,17634.29018,50363.57765,6.7837E+11,11/10/2025 15:25
Lil Bub,BUB,1.76E-05,2.36997458,-9.144072,17620.81395,0,1000000000,11/10/2025 15:25
MUNCAT,MUNCAT,1.75E-05,0,-1.228657,17546.63268,0,1000000000,11/10/2025 15:25
Galaxy Fight Club,GCOIN,0.001215139,-0.76184068,3.1915933,17479.12303,8941.013368,14384463,11/10/2025 15:25
EveryCoin ,EVY,1.83E-06,-0.01379028,70.44978485,17161.33196,0.00216784,9380000000,11/10/2025 15:25
Tokenbox,TBX,0.001512578,0.50995784,4.14279438,16994.49732,2.06028543,11235450.72,11/10/2025 15:25
ZEUS (zeusthedog.vip),ZEUS,1.69E-05,1.89971824,-3.04626544,16858.93958,0,999979348,11/10/2025 15:25
Project Plutus,PPCOIN,1.69E-05,0.7574872,3.28603756,16854.81454,213.8929454,1000000000,11/10/2025 15:25
Godcat Exploding Kittens,GODCAT,2.10E-05,4.91077975,-1.11822014,16731.58856,0,796928437,11/10/2025 15:25
Hertz Network,HTZ,3.15E-06,-9.82432458,24.96061155,16498.84927,0,5238410649,11/10/2025 15:25
Lux,LUX,1.65E-05,-8.48136502,-17.93319352,16467.9409,53263.96806,1000000000,11/10/2025 15:25
aiRight,AIRI,6.41E-05,-0.53518176,6.11980933,16423.94122,0.38717129,256262565,11/10/2025 15:25
Grafeté,GRFT,4.46E-05,-1.05275283,14.75676094,16385.86442,251.0283398,367165529,11/10/2025 15:25
End Federal Reserve,EFR,1.63E-05,8.50661346,-5.8953027,16342.79906,0,999976729,11/10/2025 15:25
SOUNI,SON,1.68E-06,0,-0.13000353,16238.58888,0,9640647908,11/10/2025 15:25
IQ Protocol,IQT,0.000350478,-0.98425086,-45.09916628,16143.70756,9561.068274,46061937,11/10/2025 15:25
PYRIN,PYI,4.22E-05,-2.96198174,-9.02071104,16101.9168,41530.83877,381268384,11/10/2025 15:25
UIUI,UI,2.66E-05,3.67970124,-4.89096433,15944.92575,163.8365927,600000000,11/10/2025 15:25
Bloomsperg Terminal,SPERG,1.59E-05,0,-19.56845338,15898.50749,0,1000000000,11/10/2025 15:25
Unio Coin,UNIO,2.63E-05,-1.08994444,-1.08407649,15682.98159,0,596750000,11/10/2025 15:25
Golff,GOF,0.001557821,-1.30331104,-0.99757515,15577.18304,0,9999337.73,11/10/2025 15:25
Twinci,TWIN,0.076846739,0,0,15369.34772,0,200000,11/10/2025 15:25
GoodBoy,GOODBOY,1.54E-05,4.87137959,-13.13480133,15350.69476,0,1000000000,11/10/2025 15:25
DRIFE,$DRF,1.64E-05,-0.16580619,-48.19274959,15150.40236,0,923029615.2,11/10/2025 15:25
Rigel Protocol,RGP,0.006043861,0.31293825,-34.35680688,15079.50578,0,2495012,11/10/2025 15:25
SUMI,SUMI,1.52E-05,1.18148377,-9.35602974,15061.69304,0.6948195,991847227.7,11/10/2025 15:25
ZENZO,ZNZ,0.000507382,-1.93668375,12.79108794,15052.51962,0,29667006,11/10/2025 15:25
Donkey King,DOKY,1.72E-06,4.47678231,-8.3860755,14885.31264,0,8674561969,11/10/2025 15:25
The White Lion,KIMBA,8.76E-08,1.92881854,0.63533485,14710.44655,0,1.68E+11,11/10/2025 15:25
Corgi Inu (corgibnb.com),CORGI,1.91E-05,-1.45030771,-3.48594808,14554.49488,12.43370454,761699997.4,11/10/2025 15:25
Azuki,AZUKI,0.00127741,1.26931392,-0.72459113,14415.55466,0,11284984,11/10/2025 15:25
Amazy,AZY,0.000347562,-31.17704348,10.46604331,14223.59292,117355.0658,40923921,11/10/2025 15:25
BOSS FIGHTERS,BFTOKEN,0.000102368,-5.98616886,-25.84711362,14110.59462,7984.064862,137841826.3,11/10/2025 15:25
Hot Doge,HOTDOGE,1.38E-05,4.78898325,-12.62328565,13834.60309,0,1000000000,11/10/2025 15:25
Ancient Kingdom,DOM,8.52E-06,-1.82767961,-1.07671297,13493.22106,0,1582996910,11/10/2025 15:25
CATAMOTO,CATA,6.89E-07,-63.820968,-57.51650969,13359.76773,0,19377666710,11/10/2025 15:25
BEMIL Coin,BEM,1.31E-05,-1.77996021,-3.60288792,13052.92763,0,999981240.7,11/10/2025 15:25
Kryptomon,KMON,6.79E-05,0.14167892,-4.19308333,12896.02758,0,189843488,11/10/2025 15:25
MindAI,MDAI,0.031998574,3.98350818,-3.48453393,12710.56967,0,397223,11/10/2025 15:25
Databroker,DTX,0.000149961,0,-62.5047678,12636.43284,0,84264571.28,11/10/2025 15:25
Sator,SAO,0.000229951,-3.70234328,24.55799461,12627.34569,9510.352647,54913292,11/10/2025 15:25
ShoeFy,SHOE,0.000959294,0.48523912,-13.31734568,12484.00944,9599.456746,13013746.88,11/10/2025 15:25
CrappyBird,CRAPPY,1.03E-05,-5.14653633,25.05305751,12379.59747,0,1197649968,11/10/2025 15:25
Children Of The Sky,COTS,1.26E-05,0,-15.35485025,12324.74379,0,979930139.8,11/10/2025 15:25
Phore,PHR,0.000397889,0,-4.99567939,12149.91836,0,30535913.19,11/10/2025 15:25
Squirrel Swap,SQRL,1.21E-05,0,-2.63680457,12116.42808,0,999983280,11/10/2025 15:25
Billy on SUI,BILLY,2.05E-05,0,-11.72962562,12013.2534,0,586500000,11/10/2025 15:25
Icon.X World,ICNX,0.000949934,0,-0.72297078,11862.57583,0,12487785,11/10/2025 15:25
Centric Swap,CNS,1.17E-07,-7.64258134,20.88392787,11594.52196,150637.2887,99199000000,11/10/2025 15:25
Pacoca,PACOCA,3.47E-05,-0.78479306,0.30782269,11496.95919,8.0301467,331082966.6,11/10/2025 15:25
Flashstake,FLASH,0.000148428,5.19831087,-1.16473598,11413.78486,0,76897832.17,11/10/2025 15:25
POLKARARE,PRARE,0.001005284,0.91546908,-0.56269473,11443.40335,9147.009796,11383252.7,11/10/2025 15:25
RAI Finance,SOFI,1.91E-05,-68.45138425,-74.00497025,11404.54198,380.1518552,598306249.8,11/10/2025 15:25
Metastrike,MTS,4.38E-05,-0.66007766,-18.90168308,11357.74998,0,259556057,11/10/2025 15:25
ARNOLD,ARNOLD,1.08E-05,0,-14.67663754,10768.05042,0,999956810,11/10/2025 15:25
Synthetify,SNY,0.001901576,-7.70402999,-15.76247395,10696.36373,10168.02068,5625000,11/10/2025 15:25
Hyperblox,HPB,0.00014421,0,0,10537.42394,0,73069950,11/10/2025 15:25
EarthFund,1EARTH,0.000144378,-0.11435511,-3.91421585,10504.12089,11893.02379,72754338,11/10/2025 15:25
Polis,POLIS,0.001056155,-77.90846741,-77.90846741,10383.99994,59.46120364,9831890.567,11/10/2025 15:25
Traxx,TRAXX,0.000230689,-0.57104731,-6.16925067,10345.38189,2116.624415,44845573.83,11/10/2025 15:25
MMOCoin,MMO,0.000149287,-3.45630517,12.59342653,10230.95242,1.19E-06,68531893.94,11/10/2025 15:25
BIGFACTS,BIGFACTS,2.02E-05,0,-9.55262758,10108.22768,0,499992695.9,11/10/2025 15:25
Hot Cross,HOTCROSS,8.82E-05,0.7310768,3.66848236,10036.64301,61.60486235,113749999,11/10/2025 15:25
Revolve Games,RPG,0.000129432,0,0.55364642,10011.10418,0,77346469.52,11/10/2025 15:25
TDM,TDM,0.000106866,1.64132528,-0.78964242,9900.039032,0,92639833.98,11/10/2025 15:25
LGCY Network,LGCY,7.72E-07,5.68792696,3.61803472,9817.992528,0,12714000000,11/10/2025 15:25
Moniwar,MOWA,0.000889384,-0.8781188,-1.76898362,9614.958122,0,10810810.04,11/10/2025 15:25
TitanSwap,TITAN,0.00010007,0,0,9268.034941,0,92615119,11/10/2025 15:25
Nsure.Network,NSURE,0.001619778,0.59695627,-13.82957161,9182.463847,51742.82069,5668964,11/10/2025 15:25
Gary Banking,GB,8.73E-07,-3.03562703,-2.97498194,9163.752954,0,10500000000,11/10/2025 15:25
BoutsPro,BOUTS,0.000119346,0,0,9143.717449,0,76615188.18,11/10/2025 15:25
Goose Finance,EGG,0.005173839,5.98480609,35.21030732,9080.760294,28177.96297,1755130,11/10/2025 15:25
Soldex,SOLX,2.14E-05,-2.40199825,0.68765941,8979.0978,0,420407146,11/10/2025 15:25
EasyFi,EZ,0.001397611,-2.94785173,16.23110755,8907.833914,0,6373615,11/10/2025 15:25
Vestate,VES,6.00E-05,0,-96.97008225,8619.78111,0,143700000,11/10/2025 15:25
Etho Protocol,ETHO,0.000109972,0,-50.00635707,8591.009636,0,78120192,11/10/2025 15:25
The HUSL,HUSL,0.000808409,0,-9.10989313,8391.190672,0,10379879.07,11/10/2025 15:25
MetaQ,METAQ,0.003249423,-1.23698058,-43.03752374,8376.307098,91.84602943,2577783,11/10/2025 15:25
Smoothy,SMTY,0.001638776,0.03702281,-1.91477551,8340.994975,265752.9237,5089772.752,11/10/2025 15:25
NBX,BYN,0.000937253,-0.81171439,0.34248299,8307.035765,63995.54489,8863174.571,11/10/2025 15:25
Brotherhood,BOG,8.19E-06,0,-5.08386688,8189.763931,0,999930300.5,11/10/2025 15:25
Sypool,SYP,0.000124896,-0.49874923,-2.08008308,8163.754582,38109.6813,65364660,11/10/2025 15:25
Kenyan Digital Token,KDT,3.65E-05,6.54045934,-4.48905819,8025.158035,0,220000000,11/10/2025 15:25
CorionX,CORX,5.97E-05,-4.16911293,10.98887646,7756.31613,0,129910129.4,11/10/2025 15:25
AIvalanche DeFAI Agents,AVAXAI,4.07E-05,-0.75632568,6.80835629,7743.883659,131052.3201,190293475,11/10/2025 15:25
SAFE DEAL,SFD,0.000190909,-46.41558456,47.91432722,7332.506869,0.56233912,38408294.31,11/10/2025 15:25
TrustVerse,TRV,7.26E-06,0,0,7262.38779,0,1000000000,11/10/2025 15:25
Wall Street Games,WSG,2.63E-05,0,-44.76428321,7248.51632,0,275384341,11/10/2025 15:25
ETHA Lend,ETHA,0.000772415,0,0.8422608,7229.358732,0,9359425.155,11/10/2025 15:25
WagyuSwap,WAG,0.000127358,-0.28716161,0.51510214,6898.367668,0,54165358,11/10/2025 15:25
Shardeum,SHM,0.000355212,-1.36148755,6.78139482,6885.130664,337343.5279,19383158,11/10/2025 15:25
Acoin,ACOIN,0.00554221,0,0,6761.966513,0,1220084.957,11/10/2025 15:25
SORA Validator Token,VAL,0.016536685,-5.27631696,-13.81208036,6747.017214,897.9483449,408003,11/10/2025 15:25
Gaj Finance,GAJ,0.00332717,0.34935729,3.08321706,6459.411469,0,1941413,11/10/2025 15:25
BlockWallet,BLANK,0.000329189,3.34828062,-14.58201159,6384.564529,0,19394814,11/10/2025 15:25
Eldarune,ELDA,2.80E-05,11.1833894,15.14513798,6365.869055,0,227087010,11/10/2025 15:25
ABDS Token,ABDS,0.00208217,3.10620793,3.15587348,6349.577174,0,3049500,11/10/2025 15:25
Warena,RENA,0.000906884,-2.35699645,-2.08799591,6223.256289,9820.726938,6862242,11/10/2025 15:25
Zoo World,ZOO,6.10E-06,0,0.6298993,6099.648589,0,999994256.2,11/10/2025 15:25
Ekta,EKTA,0.000172653,-1.12269068,1.50882886,6003.123474,18.25851211,34769778,11/10/2025 15:25
Zyberswap,ZYB,0.001065926,-0.19795687,-1.88471298,5993.184941,0,5622515,11/10/2025 15:25
Axe,AXE,0.001063496,1.61823134,-0.17773013,5595.016217,0,5260967.896,11/10/2025 15:25
OKX Mascot,WALLY,5.44E-06,5.85220264,-7.14513811,5442.989282,0,999999581,11/10/2025 15:25
Gunstar Metaverse,GSTS,0.000172499,0,2.04579144,5397.540532,0,31290286,11/10/2025 15:25
Mrweb Finance (new),AMA,7.11E-05,-9.64410967,6.08462468,5127.536534,0,72089737,11/10/2025 15:25
ROCKI,ROCKI,0.000591353,4.98643957,11.65152627,4764.67309,0,8057237,11/10/2025 15:25
FrontFanz,FANX,4.87E-05,-0.53357699,0.62692528,4759.494569,468.7433583,97696581,11/10/2025 15:25
DeFiner,FIN,2.80E-05,-0.02401259,3.7039632,4703.355725,49895.10156,168000000,11/10/2025 15:25
Vivo,VIVO,0.00082238,-3.45630517,-24.48066816,4434.104396,0.08258549,5391794.422,11/10/2025 15:25
Innova,INN,0.000601845,0,-33.19384452,4153.796835,0,6901770.928,11/10/2025 15:25
KamPay,KAMPAY,1.01E-05,0,0,4134.253033,0,409090981.9,11/10/2025 15:25
Odin Protocol,ODIN,0.000235474,0,11.33316935,4113.474985,0,17468925,11/10/2025 15:25
Rune,RUNE,0.821168582,-0.07137669,4.84556328,4083.119044,1368848.478,4972.327404,11/10/2025 15:25
Bitspawn,SPWN,7.80E-06,0,-10.35622646,4009.095444,0,514118905,11/10/2025 15:25
Planet Mojo,MOJO,0.000105838,-16.97205326,-68.61456551,3865.935111,9584.016244,36526787,11/10/2025 15:25
Nemesis Downfall,ND,3.12E-07,0,-0.23104873,3697.144465,0,11839856498,11/10/2025 15:25
MoneySwap,MSWAP,2.42E-06,11.04137991,0.74232801,3629.548669,0,1500000000,11/10/2025 15:25
Indexed Finance,NDX,0.004228911,0.50995784,4.17191644,3614.87733,19.54847225,854801,11/10/2025 15:25
MetaShooter,MHUNT,0.000109493,0,-1.97396844,3532.267137,0,32260173,11/10/2025 15:25
Crypto-AI-Robo.com,CAIR,3.94E-06,0,4.01517152,3499.976007,0,887843094,11/10/2025 15:25
Terran Coin,TRR,0.000146169,-8.13028546,-31.57393078,3457.378682,40277.12161,23653359,11/10/2025 15:25
Platypus Finance,PTP,7.25E-05,2.28379224,-7.15283162,3005.11401,0,41436585,11/10/2025 15:25
MCOIN,MCOIN,2.97E-06,-0.71075272,-15.44054522,2969.735785,0,1000000000,11/10/2025 15:25
Snowball,SNOB,0.000481852,3.1227094,-1.17739877,2646.534662,5.51097192,5492416.872,11/10/2025 15:25
FutureStarter,FS,2.53E-05,10.26595853,27.47273227,2619.023084,0,103506349,11/10/2025 15:25
Gamerse,LFG,1.54E-05,-4.34489025,-12.29525987,2616.587005,0,170157314,11/10/2025 15:25
AFEN Blockchain Network,AFEN,1.74E-05,1.32691951,-4.97534541,2548.923232,0,146865358.7,11/10/2025 15:25
Ormeus Ecosystem,ECO,1.14E-06,-0.23340775,0.20356099,2537.762894,0,2230453136,11/10/2025 15:25
TOMI,TOMI,4.95E-07,-16.84142555,-35.17169886,2115.795671,516958.8451,4270323436,11/10/2025 15:25
Mate,MATE,0.000754402,-0.82392586,-0.18865959,2036.679714,0,2699727,11/10/2025 15:25
CRDT,CRDT,0.000208117,0,3.84536857,1827.127712,0,8779314,11/10/2025 15:25
AKA Liberty,AKA,3.27E-06,0,2.85942457,1699.982712,0,519584050,11/10/2025 15:25
SPORT,SPORT,4.92E-05,2.5532583,7.79560772,1441.651019,0,29316736,11/10/2025 15:25
Crypto Sports Network,CSPN,0.000509869,0,-78.75270175,1395.779047,0,2737526.169,11/10/2025 15:25
BSClaunch,BSL,0.000697919,3.38466518,-4.27573616,1363.133546,0,1953140,11/10/2025 15:25
BullPerks,BLP,5.27E-05,-3.82634776,-41.5515771,1130.650794,0,21453437.92,11/10/2025 15:25
Mars Battle,SHOOT,1.07E-05,0.49483336,39.9693483,982.7319569,0,91733593,11/10/2025 15:25
Lead Wallet,LEAD,1.91E-06,2.55735962,-6.404525,966.6204271,0,505310846,11/10/2025 15:25
Paxe,PAXE,0.000274032,-0.68997953,-3.94894073,822.0967984,0,3000000,11/10/2025 15:25
Ponchiqs,PONCH,2.53E-05,0,-1.56239329,820.6793756,0,32448890,11/10/2025 15:25
Salad,SALD,9.15E-06,4.75943616,1.02623441,691.5719297,0,75610748.66,11/10/2025 15:25
ShredN,SHRED,0.003114436,10.613824,-3.8371843,654.0314935,0,210000,11/10/2025 15:25
Carrieverse,CVTX,3.00E-06,0,-25.0095356,622.7909002,0,207650406,11/10/2025 15:25
ETNA Network,ETNA,5.11E-05,-1.78028927,24.2055272,617.2744946,0,12079541.68,11/10/2025 15:25
Moonft,MTC,0.001557218,-0.02212062,-0.13861446,513.8803305,0,329999,11/10/2025 15:25
Luna Rush,LUS,7.23E-05,-0.86566723,-3.86537379,328.7573126,0,4550147,11/10/2025 15:25
UniFarm,UFARM,8.25E-06,0,3.62521577,316.5578253,0,38375919,11/10/2025 15:25
Landbox,LAND,2.70E-06,0,-72.45248247,206.1870447,0,76385230,11/10/2025 15:25
Art de Finance,ADF,1.00E-06,0,-50.00635707,180.3604459,0,180406874,11/10/2025 15:25
Islander,ISA,2.93E-07,0.516679,3.57703895,159.6408829,0,545753780,11/10/2025 15:25
FBX by KXCO,FBX,1.68E-05,15.79951505,64.6915982,149.3188603,1249.451234,8889956,11/10/2025 15:25
Elementeum,ELET,2.57E-05,0.50995785,4.17191644,134.0876957,3.70282907,5223113.338,11/10/2025 15:25
Realvirm,RVM,0.00059893,-0.02212062,-9.21692224,53.90369452,0,90000,11/10/2025 15:25
Wolf Safe Poor People (Polygon),WSPP,8.01E-09,0,-2.53274409,25.3271786,0,3162041599,11/10/2025 15:25
Synesis One,SNS,2.80E-08,11.63321555,263.0431381,12.76336377,213942.3655,456252758.1,11/10/2025 15:25
ApeSwap,BANANA,1.64E-08,-0.50567142,5.85095709,6.020855866,181.2280309,367899432,11/10/2025 15:25
TASSHUB,TASSHUB,0.001500855,-1.1024039,-20.73771066,1.500846905,1782.514616,999.9945283,11/10/2025 15:25
ZCore (old),ZCR,1.52E-08,0,0,0.19027282,0,12505925,11/10/2025 15:25
YFFII Finance,YFFII,1.00E-14,1.06976232,15.4639703,3.00E-10,0,30000,11/10/2025 15:25
Tether USD Bridged ZED20,USDT.z,1.002557197,-0.01353222,0.01549333,0,577895040,0,11/10/2025 15:25
Ethereum Bridged ZED20,ETH.z,3531.531821,-1.28442676,-1.78423978,0,490099861.6,0,11/10/2025 15:25
Syndicate,SYND,0.226724389,-8.66494485,71.04754555,0,281978272.8,0,11/10/2025 15:25
UGOLD Inc.,UGOLD,4449.18749,2.85456317,2.77385639,0,196358274.7,0,11/10/2025 15:25
USDT0,USDT0,0.998919364,-0.03389703,0.01581159,0,137918205.5,0,11/10/2025 15:25
Ju Token,JU,1.557079077,-3.28121512,-38.25097976,0,133489118.3,0,11/10/2025 15:25
Wrapped HYPE,WHYPE,41.50100525,-1.16657436,3.84415899,0,123241866,0,11/10/2025 15:25
WhiteBIT Coin,WBT,54.80469651,0.36028838,1.49328544,0,102143412.2,0,11/10/2025 15:25
Wrapped OIL,WOIL,64.27865542,0.27893508,-1.65075688,0,93153955.46,0,11/10/2025 15:25
Websea,WBS,1.612246927,-1.08232677,-0.97571724,0,70622110.92,0,11/10/2025 15:25
Jinbi Token,JNB,114972.1207,-0.02367882,-0.00298313,0,64068319.66,0,11/10/2025 15:25
CRYPGPT,CRYPGPT,1.536324874,-1.20714912,36.85375041,0,59822888.36,0,11/10/2025 15:25
Bitcoin Bridged ZED20,BTC.z,105464.247,0.79057083,-1.07797182,0,59116218.04,0,11/10/2025 15:25
Origin,LGNS,11.82214422,0.46824078,-0.19384406,0,49512356.74,0,11/10/2025 15:25
AICell,AICELL,0.002499179,-0.01305143,-0.02928103,0,48552399.4,0,11/10/2025 15:25
UZX,UZX,2.561111892,0.90004597,-1.00617498,0,29585227.13,0,11/10/2025 15:25
USD Coin Bridged ZED20,USDC.z,1.000188404,-0.01202705,-0.00871198,0,28678960.38,0,11/10/2025 15:25
XT Smart Chain,XT,5.988302766,0.1250828,-0.07626459,0,28092348.9,0,11/10/2025 15:25
Maya Preferred PRA,MPRA,396237710.7,0.05898462,88.13309989,0,24139599.46,0,11/10/2025 15:25
KingDeFi,KRW,0.000686049,0.00893906,-1.76888051,0,22922799.95,0,11/10/2025 15:25
Wolfswap,MOON,0.000397851,-0.34305425,-1.83428106,0,20100535.02,0,11/10/2025 15:25
WebKey DAO,WKEYDAO,16.055347,0.68800983,2.43686512,0,19264794.51,0,11/10/2025 15:25
HTX,HTX,1.81E-06,0.55777096,1.83897133,0,18950691.94,0,11/10/2025 15:25
Ping,PING,0.031146097,25.41747685,81.09833225,0,18400096.81,0,11/10/2025 15:25
APD,APD,0.091714522,10.4007891,-51.15712605,0,16227908.98,0,11/10/2025 15:25
ARK DeFAI,ARK,40.16768392,-0.61175017,3.87342023,0,13677117.78,0,11/10/2025 15:25
CoinW Token,CWT,0.240167101,-1.67924959,2.79039757,0,12517589.04,0,11/10/2025 15:25
USDA,USDA,0.997572989,0.32251571,0.48896222,0,12273821.17,0,11/10/2025 15:25
Cryptonex,CNX,54.03437853,0.88167902,-0.75732887,0,12068830.59,0,11/10/2025 15:25
Moneta Digital,MMXN,0.054269537,0.17041769,0.22161662,0,11792463.36,0,11/10/2025 15:25
rats (Ordinals),rats,4.04E-05,9.08787902,16.10313034,0,11358297.29,0,11/10/2025 15:25
Weber Energy Network,$WEN,4.288038434,-1.65387507,4.59628518,0,8488735.877,0,11/10/2025 15:25
PayAI Network,PAYAI,0.01625051,-11.71502199,-15.15594197,0,8296708.122,0,11/10/2025 15:25
Avici,AVICI,3.995197706,36.90276329,129.0283436,0,8266278.877,0,11/10/2025 15:25
Cash,CASH,0.999861054,-0.00324636,0.02093367,0,7906709.321,0,11/10/2025 15:25
Atleta Network,ATLA,42.61356342,0.59578019,-18.9650137,0,7843786.823,0,11/10/2025 15:25
Apex Fusion,AP3X,0.065106593,-0.07080964,0.72747557,0,7254510.726,0,11/10/2025 15:25
Arbi Pepe,PEPE,6.16E-06,0.80947653,7.59811736,0,7223938.814,0,11/10/2025 15:25
Elixir,ELX,0.093879847,-5.56439101,2.35993729,0,7172925.201,0,11/10/2025 15:25
GAME by Virtuals,GAME,0.044643426,-3.40071173,4.26301233,0,7113953.57,0,11/10/2025 15:25
Dupe,DUPE,0.017826466,-9.33128725,2.09039456,0,7039227.94,0,11/10/2025 15:25
Gorbagana,GOR,0.011717366,22.15303906,96.63711731,0,6731248.919,0,11/10/2025 15:25
wstUSDT,WSTUSDT,1.095323505,-0.18784956,0.55489022,0,6571519.653,0,11/10/2025 15:25
Railgun,RAIL,4.063758447,-2.44766084,22.15366242,0,6247794.363,0,11/10/2025 15:25
SHIB ON SOLANA,SHIB,9.99E-06,-0.08135441,8.98264161,0,6222596.138,0,11/10/2025 15:25
Ani Grok Companion (anicompanion.net),ANI,0.001309029,-7.3879019,22.26662107,0,6174770.877,0,11/10/2025 15:25
KongSwap,KONG,0.003617885,2.75004762,6.50659046,0,5607094.539,0,11/10/2025 15:25
WEEX Token,WXT,0.033282792,0.79746841,1.67603299,0,5455185.674,0,11/10/2025 15:25
MetaMars,MARS,0.040434461,0.09392122,-47.57778488,0,5191180.362,0,11/10/2025 15:25
Spintop,SPIN,0.000206245,-7.06947246,-6.76784873,0,5150166.304,0,11/10/2025 15:25
Cygnus,CGN,0.002513104,1.23036603,-10.40355217,0,4937626.234,0,11/10/2025 15:25
Bitradex Token,BTX,0.240404871,-1.14058637,2.9680472,0,4912954.828,0,11/10/2025 15:25
Novastro,XNL,0.00851207,-5.8213737,-29.54053849,0,4739891.302,0,11/10/2025 15:25
1 coin can change your life,1,0.025925917,2.23879371,44.88609401,0,4544195.883,0,11/10/2025 15:25
Marinade,MNDE,0.086195387,15.64479875,-3.94842438,0,4536953.732,0,11/10/2025 15:25
Portals,PORTALS,0.023935666,-4.01538471,3.70528016,0,4535360.868,0,11/10/2025 15:25
Dignity Gold,DIGau,9.280700041,2.82604948,2.84529686,0,4424435.08,0,11/10/2025 15:25
Black Phoenix,BPX,0.728832729,1157.069969,-73.00557847,0,4348936.131,0,11/10/2025 15:25
P2P Solutions foundation,P2PS,319.8606758,-1.35408387,-1.67591662,0,4322348.001,0,11/10/2025 15:25
Golden Pact,GOT,25.12363249,-0.20613475,-0.56544428,0,4318915.714,0,11/10/2025 15:25
Sportstensor,SN41,9.854213288,4.14559497,-38.41724336,0,4211684.005,0,11/10/2025 15:25
XT Stablecoin XTUSD,XTUSD,0.999870687,-0.01630161,0.01092196,0,4183548.895,0,11/10/2025 15:25
D,D,9.48E-05,243.4106535,245.4717632,0,4176301.217,0,11/10/2025 15:25
AOL (America Online),AOL,0.004985409,-6.9023746,29.87549212,0,4072978.632,0,11/10/2025 15:25
Axelrod by Virtuals,AXR,0.010337805,12.16264199,-20.33388015,0,4023198.152,0,11/10/2025 15:25
FUCK LIBRA,LIBRA,0.00728399,-3.26775433,12.79603674,0,3974278.869,0,11/10/2025 15:25
MetaDAO (new),META,6.354024384,-8.76468058,17.91413316,0,3955704.817,0,11/10/2025 15:25
Biconomy Exchange Token,BIT,7.60E-06,-1.26885889,-11.74053914,0,3841308.473,0,11/10/2025 15:25
Daydreams,DREAMS,0.02165441,-26.53060836,52.57395698,0,3817720.539,0,11/10/2025 15:25
POP Chain,POP,0.740468491,-15.3781432,-20.21771572,0,3723759.432,0,11/10/2025 15:25
Metal Dollar,XMD,1.000786962,0.2246774,-0.1056019,0,3644347.227,0,11/10/2025 15:25
CRUDE OIL BRENT (Zedcex),OIL,60.31928715,0.59551005,-1.54633647,0,3582391.367,0,11/10/2025 15:25
United States Crypto Reserve,USCR,0.103281666,31.42309614,102.9289397,0,3546109.122,0,11/10/2025 15:25
ONFA,OFT,0.692428776,-0.68254003,7.12097559,0,3522692.534,0,11/10/2025 15:25
Tether USD Bridged ZEB20,USDT.Z,1.000811934,0.07650878,0.03131245,0,3445849.438,0,11/10/2025 15:25
Levva Protocol,LVVA,0.003111267,-11.16703479,6.76729767,0,3421021.759,0,11/10/2025 15:25
ai16z,AI16Z,0.055120249,-4.10681419,-21.34844283,0,3169861.371,0,11/10/2025 15:25
Kori The Pom,KORI,0.005543455,1.09464004,-3.93529468,0,3161504.314,0,11/10/2025 15:25
Moonwell,WELL,0.012055103,1.51130506,-9.52303539,0,3076435.573,0,11/10/2025 15:25
Maker,MKR,1847.83499,-0.53081842,6.89211108,0,3056181.624,0,11/10/2025 15:25
Pi [IOU],PI,0.230406461,1.81632084,1.80257255,0,2844220.336,0,11/10/2025 15:25
TuringBitChain,TBC,13.02894098,-0.11603047,-3.51585635,0,2819150.333,0,11/10/2025 15:25
AI Metaverse,AIM,6.79E-06,6.40706488,-64.96840328,0,2793955.505,0,11/10/2025 15:25
AllUnity EUR,EURAU,1.156352009,-0.04883991,0.37992559,0,2742971.887,0,11/10/2025 15:25
ZND Token,ZND,0.106559569,0.43156161,-11.2513527,0,2670722.134,0,11/10/2025 15:25
PI TRUMP (pitrumphub.com),PI,9.05E-07,241.261499,-36.77608385,0,2581932.462,0,11/10/2025 15:25
Alpha Trader Exchange (ATX),SN63,4.512513553,-6.70251406,-5.00439662,0,2579349.162,0,11/10/2025 15:25
Capx AI,CAPX,0.254069389,3.16521678,34.3140223,0,2534742.061,0,11/10/2025 15:25
TRUMP AI,TRUMP,0.000403969,385.9910864,-87.30052196,0,2527932.534,0,11/10/2025 15:25
METTI TOKEN,MTT,33.45622448,0.18880356,3.76722263,0,2495810.209,0,11/10/2025 15:25
FogSwap,FOG,0.010844977,38.70705732,618.7129297,0,2491741.94,0,11/10/2025 15:25
NuCoin,NUC,0.02551419,2.09225784,-10.23078741,0,2481916.085,0,11/10/2025 15:25
Resolv USR,USR,0.999510624,-0.17128916,-0.06592084,0,2451471.491,0,11/10/2025 15:25
Collaterize,COLLAT,0.010225418,-0.94168362,34.40343793,0,2436503.65,0,11/10/2025 15:25
Bazaars,BZR,42.45724411,-1.14645931,-1.60847878,0,2383652.643,0,11/10/2025 15:25
PEPE AI (pepeai.one),PEPE,7.70E-05,-93.92840038,78.53325037,0,2299138.145,0,11/10/2025 15:25
Overnight.fi USD+ (Base),USD+,0.999764296,-0.12530432,-0.00786685,0,2292291.721,0,11/10/2025 15:25
Project 32,32,1.75E-05,0.52636777,2.9863383,0,2270194.137,0,11/10/2025 15:25
A.I Genesis,AIG,1.077104433,7.5978065,9.02752729,0,2255129.054,0,11/10/2025 15:25
xUSD,xUSD,0.999199294,-0.19239502,-0.05838705,0,2241963.841,0,11/10/2025 15:25
Fistbump,FIST,0.830164852,-3.303804,-4.74934549,0,2143528.112,0,11/10/2025 15:25
Agent Hustle,HUSTLE,0.003972054,-6.9205758,32.47515983,0,2126831.702,0,11/10/2025 15:25
Score,SN44,6.117515775,0.09256367,-14.48990748,0,2120807.552,0,11/10/2025 15:25
Momo (momocoin.space),MOMO,0.003772516,-1.02768449,2.87945347,0,2104854.392,0,11/10/2025 15:25
Velora,VLR,0.007875917,0.64385763,-11.73498297,0,2088882.534,0,11/10/2025 15:25
Chill House,CHILLHOUSE,0.008145613,9.22030331,18.17887608,0,2074581.413,0,11/10/2025 15:25
Credia Layer,CRED,0.037175328,5.76663109,-19.09982981,0,2069912.258,0,11/10/2025 15:25
PINs Network Token,PINS,0.020443469,-3.24943555,-5.55035431,0,2025352.309,0,11/10/2025 15:25
Mainframe,SN25,2.126651799,2.84210947,-6.69118014,0,2011887.035,0,11/10/2025 15:25
Coding Dino,DINO,0.001687157,4.58804388,25.14873752,0,1996484.239,0,11/10/2025 15:25
Conscious,CONSCIOUS,0.32359116,-0.63885615,-1.89010243,0,1954722.581,0,11/10/2025 15:25
AlphaExchangeAI,AEA,0.042727526,-0.58958818,-5.48583567,0,1945774.175,0,11/10/2025 15:25
Arowana,ARW,0.040843756,-0.7347271,-3.49636879,0,1934041.204,0,11/10/2025 15:25
ARCS,ARX,0.019785577,-0.23043618,-1.11130485,0,1932472.369,0,11/10/2025 15:25
Kyrrex,KRRX,0.046190082,32.73484203,-5.74131782,0,1892013.028,0,11/10/2025 15:25
Huobi Token,HT,0.254179097,-0.45936452,-6.31879593,0,1883770.359,0,11/10/2025 15:25
Joe Coin,JOE,0.014100034,-4.89416081,7.06324169,0,1881249.577,0,11/10/2025 15:25
Ridges AI,SN62,23.66114699,-3.58922287,-23.23633326,0,1818929.645,0,11/10/2025 15:25
MimboGameGroup,MGG,0.002086855,0.03451728,-0.23723621,0,1748912.12,0,11/10/2025 15:25
All InX TOKEN,ANT,1.350713929,0.00529893,4.85433142,0,1746435.537,0,11/10/2025 15:25
Purr,PURR,0.107810986,-5.23494577,-2.43936876,0,1743610.115,0,11/10/2025 15:25
[Fake] PUMP FUN,PUMP,6.59E-05,-89.94071233,1.03311079,0,1742929.471,0,11/10/2025 15:25
Lava Network,LAVA,0.133560666,2.85104614,53.71304133,0,1720761.679,0,11/10/2025 15:25
Retarded Online Investment,ROI,0.004009046,1.71281835,66.41275246,0,1717720.228,0,11/10/2025 15:25
Beyond Gaming,BDG,1.21E-05,14.85873331,-20.63292697,0,1704975.038,0,11/10/2025 15:25
Niza Global,NIZA,0.070067774,0.97264103,13.27197662,0,1702809.963,0,11/10/2025 15:25
Milady Cult Coin,CULT,0.000358625,-0.92662513,-13.07311413,0,1686569.134,0,11/10/2025 15:25
ArAIstotle,FACY,0.047336191,1.38383447,-1.92238844,0,1661105.019,0,11/10/2025 15:25
America Party,TAP,0.000465454,6.95207524,-45.33952792,0,1647097.317,0,11/10/2025 15:25
CoreonMCP,COM,0.01830893,1.03591607,-4.96160192,0,1614215.485,0,11/10/2025 15:25
50501movement,50501,3.47E-05,-81.39253142,19.25699546,0,1564241.587,0,11/10/2025 15:25
BinGold,BIGOD,61888.41756,-1.39162978,22.08272139,0,1541785.705,0,11/10/2025 15:25
BullRun Meme,BRM,0.016580941,148760.9229,117063.7232,0,1500194.41,0,11/10/2025 15:25
Beers,BEER,0.19071856,6.06068823,313.2735063,0,1493143.151,0,11/10/2025 15:25
Froggie,FROGGIE,0.004450245,-13.67870947,9.71349186,0,1455734.229,0,11/10/2025 15:25
USDP Stablecoin,USDP,0.999871104,-0.0688927,-0.01507084,0,1442520.406,0,11/10/2025 15:25
titcoin,TITCOIN,0.001665214,-6.42468073,8.01057003,0,1426824.356,0,11/10/2025 15:25
Wrapped XDAI,wxDai,1.000131181,-0.10583218,0.02393846,0,1418250.645,0,11/10/2025 15:25
Moonwalk Fitness,MF,0.025554646,0.93481072,4.26590151,0,1414184.145,0,11/10/2025 15:25
Ruby Coin,RBC,0.104427492,2.02310905,4.3034699,0,1411054.275,0,11/10/2025 15:25
Reactive Network,REACT,0.097463091,0.04009004,-10.16895401,0,1406571.266,0,11/10/2025 15:25
Chutes,SN64,30.44161229,-1.07037613,-16.48132119,0,1405409.779,0,11/10/2025 15:25
BRICS Chain,BRICS,27.19880764,-3.78742115,-14.34462997,0,1404509.907,0,11/10/2025 15:25
Foodie Squirrel,FDS,0.001448495,0.19336265,-0.0660289,0,1398602.264,0,11/10/2025 15:25
Cloud,CLOUD,0.096602158,-5.3952074,-11.85670724,0,1396315.261,0,11/10/2025 15:25
Ani Grok Companion (anicompanion.org),ANI,5.31E-05,-93.50331597,-85.9475706,0,1388525.142,0,11/10/2025 15:25
BankrCoin,BNKR,0.000410863,-6.1113702,-11.20861764,0,1367311.799,0,11/10/2025 15:25
Eigenpie,EGP,0.311629194,-16.625184,10.60529736,0,1364524.896,0,11/10/2025 15:25
RWA Ecosystem,RWA,13.40286659,0.33098,7.4330677,0,1355909.65,0,11/10/2025 15:25
All InX SMART CHAIN,ASC,0.977718634,-6.19538418,-21.8201486,0,1339484.971,0,11/10/2025 15:25
TRUMP GROK (trumpgrok.org),GROK,7.94E-06,-89.29682371,-78.12318268,0,1302562.397,0,11/10/2025 15:25
OurBitch,BITCH,0.042708528,3.13198864,-0.782668,0,1300838.04,0,11/10/2025 15:25
Giza,GIZA,0.075386347,-0.32901478,8.65939141,0,1266599.611,0,11/10/2025 15:25
Furfication,FUR,0.001113254,263.6212397,229.5223282,0,1264180.458,0,11/10/2025 15:25
Metal Blockchain,METAL,0.249230123,1.46347319,7.41008869,0,1239525.396,0,11/10/2025 15:25
ONUS,ONUS,0.545497378,-1.87562404,3.8035984,0,1230140.184,0,11/10/2025 15:25
Tesla,TSLA,4.145692838,486.2901365,1120.62073,0,1217808.837,0,11/10/2025 15:25
SEDA Protocol,SEDA,0.133080271,4.81613838,-34.33638504,0,1204147.39,0,11/10/2025 15:25
DogeSwap,DOG,0.001746027,8.20834727,22.51991636,0,1185221.316,0,11/10/2025 15:25
VMS Classic,VMC,969.2812097,11.28846766,-60.10680432,0,1183040.088,0,11/10/2025 15:25
Lydia Coins (USAD),USAD,1.00029978,-0.00015277,0.01859998,0,1180541.343,0,11/10/2025 15:25
DigiFinexToken,DFT,0.011715237,-0.00629208,-3.81347218,0,1177265.865,0,11/10/2025 15:25
Coin Stock,STOCK,14.97072969,-90.07839802,-71.22837848,0,1174390.559,0,11/10/2025 15:25
Tesla (buytesla.net),TSLA,5.706798843,-95.41206893,-96.82629344,0,1171815.966,0,11/10/2025 15:25
TRUMP MOG (trumpmog.me),TRUMP,0.000678209,567.4904609,290.8882329,0,1163576.342,0,11/10/2025 15:25
Blackhole,BLACK,0.081402392,-2.18468178,-21.30891842,0,1129711.469,0,11/10/2025 15:25
UMM,UMM,3.142741842,-0.31952895,-0.61527935,0,1127558.839,0,11/10/2025 15:25
Grayscale,GRAYSCALE,6.82E-06,202.3301261,204.8616905,0,1122740.49,0,11/10/2025 15:25
VALOR,VALOR,0.00683494,-13.75975923,-24.20630925,0,1115050.116,0,11/10/2025 15:25
Meta Games Coin,MGC,4.636403122,1.93146819,8.67391126,0,1109974.727,0,11/10/2025 15:25
BTCMobick,BMB,649.8835792,44.09305277,85.7761071,0,1092046.547,0,11/10/2025 15:25
VPay,VPAY,0.012450836,-7.03822934,14.64725719,0,1090093.119,0,11/10/2025 15:25
Fitted,FITCOIN,0.002791534,-11.34023277,-1.61441465,0,1081151.843,0,11/10/2025 15:25
GameStop Coin,GME,2.44E-05,522.8818416,346.8002219,0,1073500.615,0,11/10/2025 15:25
Data Ownership Protocol 2,DOP2,0.007251364,-1.28747575,-33.31269857,0,1067089.479,0,11/10/2025 15:25
Rubix,RBT,220.7004211,0.03277165,-4.46604399,0,1064137.347,0,11/10/2025 15:25
FARTCOIN (fartcoin.one),FARTCOIN,0.001673085,242.7173187,292.8573263,0,1035216.157,0,11/10/2025 15:25
FUTUREXCRYPTO,FXC,3.843327094,0.82737153,-3.83255452,0,1016915.448,0,11/10/2025 15:25
Rock Dao,ROCK,0.001504178,0.35558877,13.26074994,0,1004141.029,0,11/10/2025 15:25
Stratis [Old],STRAX,0.029025001,0.93105616,10.28867284,0,996343.4237,0,11/10/2025 15:25
Panther Ai,PAI,0.011486939,-1.90902423,-6.97689422,0,989802.2428,0,11/10/2025 15:25
AU79,AU79,0.02011993,-2.18921101,13.98038267,0,984882.5393,0,11/10/2025 15:25
Mubarak(mubarakcoin.link),MUBARAK,0.011587508,241.6994342,33.29114728,0,983639.5553,0,11/10/2025 15:25
BRL1,BRL1,0.188996617,0.77950976,1.25297365,0,980400.0498,0,11/10/2025 15:25
Hold BTC,HBTC,1.53E-06,231.4446357,283.5363858,0,976809.1006,0,11/10/2025 15:25
LayerK,LYK,0.282269393,-0.41965004,-9.60037584,0,976348.7994,0,11/10/2025 15:25
XDOG,XDOG,0.008161599,7.10767469,14.83109402,0,976057.6909,0,11/10/2025 15:25
SecondLive,LIVE,0.001405265,-4.42043933,-73.79873622,0,972504.8169,0,11/10/2025 15:25
HEX (PulseChain),HEX,0.006760977,1.90033808,7.93321497,0,976330.2226,0,11/10/2025 15:25
DraperTV,DTV,0.004334842,25.76684508,223.7981335,0,964664.7346,0,11/10/2025 15:25
I love puppies,PUPPIES,3.55E-07,-5.72632276,7.16979757,0,963141.6605,0,11/10/2025 15:25
InitVerse,INI,0.052816078,15.99219748,56.15822519,0,948721.8317,0,11/10/2025 15:25
Chainflip,FLIP,0.450513884,1.26727955,11.06845189,0,932457.2023,0,11/10/2025 15:25
RYO Coin,RYO,3.774793178,-57.70703146,-42.32632682,0,926269.0319,0,11/10/2025 15:25
MixMax,MC,2.580751653,1.28682778,4.31275072,0,926167.1054,0,11/10/2025 15:25
Remember KitKat,KITKAT,0.001429582,-31.39402885,-70.18927992,0,919520.7166,0,11/10/2025 15:25
FARTLESS COIN,FARTLESS,0.000372931,3.55826439,5.08393932,0,900819.0428,0,11/10/2025 15:25
VaultRAM,V,0.000104635,-0.90052829,41.72938821,0,888910.4093,0,11/10/2025 15:25
PepePAD,PEPE,6.16E-06,1.02380807,7.55142704,0,877427.1279,0,11/10/2025 15:25
just memecoin,MEMECOIN,0.000739674,8.32797767,35.80906824,0,874197.2211,0,11/10/2025 15:25
Autonomous Virtual Beings,AVB,0.002305493,11.98034163,4.22362241,0,853348.0912,0,11/10/2025 15:25
RZTO,RZTO,0.002410997,-4.220539,-19.0055658,0,849698.7914,0,11/10/2025 15:25
Circular Protocol,CIRX,0.004134789,0.97773037,-0.86178537,0,842260.3242,0,11/10/2025 15:25
OLY,OLY,12.16028277,-1.20050053,9.6089524,0,835125.3425,0,11/10/2025 15:25
Omni Network,OMNI,2.096088263,-43.24742323,-38.88448746,0,834833.2534,0,11/10/2025 15:25
CDARI,BAC,0.090872586,9.24472805,-41.55171183,0,833358.1736,0,11/10/2025 15:25
NovaBank,NVB,9.256258937,1.34812928,8.99966172,0,824370.573,0,11/10/2025 15:25
Lucidum Coin,LUCIC,0.582457591,-8.19327719,-0.74177705,0,816504.9376,0,11/10/2025 15:25
LiveArt,ART,0.002467378,-5.01282133,-12.06132036,0,803215.0526,0,11/10/2025 15:25
Grok Imagine,IMAGINE,5.59E-05,-89.61040804,-91.81868174,0,802149.1246,0,11/10/2025 15:25
The Innovation Game,TIG,0.986622286,-4.73977653,26.19277591,0,802586.1109,0,11/10/2025 15:25
OverProtocol,OVER,0.007527429,-1.63170517,-4.64184773,0,790837.593,0,11/10/2025 15:25
STAU,STAU,0.01798099,-0.81532177,-4.28878668,0,790205.2062,0,11/10/2025 15:25
Orgo,ORGO,0.01118825,-5.55320156,94.52887651,0,784971.8819,0,11/10/2025 15:25
Lumint,LUMINT,0.072308437,-1.9211953,-1.25046146,0,774108.1001,0,11/10/2025 15:25
SocialGood,SG,0.00889842,-3.28863393,-7.3170837,0,770991.9712,0,11/10/2025 15:25
The Arab Club Token,ARABCLUB,55.4215506,-0.01561805,-0.01500121,0,767645.6589,0,11/10/2025 15:25
Paparazzi Token,PAPARAZZI,0.010235921,2.05507112,-20.74694359,0,765002.0472,0,11/10/2025 15:25
MAGA,PEOPLE,6.17E-06,381.1418324,264.6607123,0,762559.8099,0,11/10/2025 15:25
Gradients,SN56,10.39401705,-1.85466122,-22.02907127,0,761356.5478,0,11/10/2025 15:25
Stakefy,SFY,0.001299553,53.86934878,97.35887866,0,760270.2214,0,11/10/2025 15:25
Ecoreal Estate,ECOREAL,0.31175318,-2.22747673,-2.96138157,0,757265.9949,0,11/10/2025 15:25
Solaxy,SOLX,0.000261172,2.70639885,6.95468885,0,754780.3462,0,11/10/2025 15:25
AKAS,AS,3.320788774,-2.64545537,-18.03619304,0,753704.0439,0,11/10/2025 15:25
HitBTC Token,HIT,0.328447322,-0.98984981,-0.12778723,0,753375.7171,0,11/10/2025 15:25
Honey,HONEY,0.998547747,-0.42820829,-0.22408854,0,742485.8637,0,11/10/2025 15:25
MSTR,MSTR,0.34813153,289.0521684,113.61015,0,728948.2331,0,11/10/2025 15:25
Base AI,BASE,0.000169307,267.5692246,238.4788791,0,724949.9317,0,11/10/2025 15:25
SANTA by Virtuals,SANTA,0.006295906,4.09392759,-21.36276523,0,721808.1675,0,11/10/2025 15:25
Bitcast,SN93,6.703578504,1.34582963,-23.82904636,0,717065.6164,0,11/10/2025 15:25
Punchimals,PUNCHI,0.003293858,0.17284843,-0.05578738,0,712482.0912,0,11/10/2025 15:25
PulseX,PLSX,1.92E-05,1.11477758,4.78493509,0,706747.5875,0,11/10/2025 15:25
VeBetterDAO,B3TR,0.044654323,0.13228699,-3.62162419,0,700675.7131,0,11/10/2025 15:25
CAW(A Hunters Dream),CAW,5.91E-08,-3.85935681,6.41521256,0,700551.1384,0,11/10/2025 15:25
Michi,MICHI,0.009419999,7.48475269,5.37396665,0,691710.8875,0,11/10/2025 15:25
Doland Tremp,TREMP,0.009512313,1.37011543,-11.72397588,0,690735.023,0,11/10/2025 15:25
Ekubo Protocol,EKUBO,4.234414729,-1.95513129,11.42047171,0,676029.9995,0,11/10/2025 15:25
Beers,BEER,0.000265894,477.0619519,722.9433329,0,673260.3937,0,11/10/2025 15:25
$XBO Token,XBO,0.148281305,0.37525093,-0.15954479,0,672922.9587,0,11/10/2025 15:25
Based Pepe,PEPE,1.69E-08,5.12451474,39.79420377,0,667208.4707,0,11/10/2025 15:25
Bermuda Shorts,SHORT,6.57E-05,-71.32555682,134.1362846,0,658702.7466,0,11/10/2025 15:25
River PTS,RIVERPTS,0.010710502,-18.49720552,-75.13962318,0,666903.9863,0,11/10/2025 15:25
[Fake]Circle (crcl.top),CRCL,0.000534541,-93.54945538,-97.09486098,0,637729.2696,0,11/10/2025 15:25
RZUSD,RZUSD,0.99953662,-0.01416554,-0.02414822,0,637360.3517,0,11/10/2025 15:25
Solana Social Explorer,SSE,0.000442718,-2.87292261,2.26280214,0,630089.4501,0,11/10/2025 15:25
LIF3,LIF3,0.008797075,-0.13048524,-4.52096715,0,629627.0713,0,11/10/2025 15:25
Moolah,MOOLAH,0.00435664,13.92517342,-58.55685987,0,628943.7711,0,11/10/2025 15:25
CaoCao,CAOCAO,0.287884681,-10.22078927,17.86850133,0,627518.9531,0,11/10/2025 15:25
ZARA AI,ZARA,0.00139742,-31.29380111,-22.16933614,0,624219.5987,0,11/10/2025 15:25
InfluxAI Token,IFAI,0.003069455,49.06954459,-2.12823811,0,623895.1648,0,11/10/2025 15:25
MAGA TRUMP (magatrumpcoin.com),TRUMP,0.003980945,287.3780071,173.4072988,0,622410.2381,0,11/10/2025 15:25
Rubycoin,RBY,0.104358164,1.16462705,4.30360564,0,617152.7634,0,11/10/2025 15:25
Axioma Token,AXT,1.264960213,0.3952827,0.48864801,0,615790.1895,0,11/10/2025 15:25
STRATEGIC BITCOIN RESERVE,SBR,0.022886919,4.79027547,7.63841096,0,615497.1047,0,11/10/2025 15:25
Labubu,LABUBU,2.67E-07,-88.88193443,-93.48491402,0,611886.1396,0,11/10/2025 15:25
PEPE TRUMP (pepetrump.cc),TRUMP,4.92E-08,-93.50532464,-87.37949775,0,611306.5003,0,11/10/2025 15:25
Ten Best Coins,TBC,13357.15882,1.24714351,2.51960859,0,607820.6245,0,11/10/2025 15:25
Kinesis Silver,KAG,50.38330881,4.40679423,4.54425078,0,601171.2678,0,11/10/2025 15:25
Zetrix,ZETRIX,14.35258151,-1.7676797,-1.99333413,0,598116.0828,0,11/10/2025 15:25
Formula 1,CHAMPAGNE,0.000545777,439.5484101,467.1997732,0,594261.1183,0,11/10/2025 15:25
Luigi Inu,LUIGI,0.000474916,5.53292895,4.61695609,0,593491.0331,0,11/10/2025 15:25
RUNWAGO,RUNWAGO,0.031296569,-9.58877141,-22.76017126,0,592261.8639,0,11/10/2025 15:25
EOS,EOS,0.292709129,-0.4842857,15.77779829,0,591577.0468,0,11/10/2025 15:25
Vcitychain,VCITY,0.337126126,1.21464964,4.10940297,0,586086.5273,0,11/10/2025 15:25
Slash Vision Labs,SVL,0.03611152,1.10704341,-5.52550596,0,585749.9109,0,11/10/2025 15:25
SNAP,$NAP,3.50E-06,1.63460693,1.41184499,0,573394.5525,0,11/10/2025 15:25
TEM MARKET,TEM,0.080049918,-0.02268981,1.95077931,0,572675.5345,0,11/10/2025 15:25
STO Operating System,STOOS,1.750777192,-0.2149144,16.24343613,0,568364.1178,0,11/10/2025 15:25
Arcadeum,ARC,0.027999514,-5.59293385,27.90312141,0,567088.9637,0,11/10/2025 15:25
LOCK IN,LOCKIN,0.003572343,3.50064098,4.78875433,0,565436.1183,0,11/10/2025 15:25
Aegis Ai,AEGIS,9.60E-07,-78.19844815,-98.72851466,0,563775.1074,0,11/10/2025 15:25
SmartWorld Global,SWGT,0.035388131,-0.22917903,10.53091613,0,563468.1046,0,11/10/2025 15:25
Charlie Kirk,CHARLIE,0.000656785,270.6195561,282.701013,0,554837.7211,0,11/10/2025 15:25
Crypto Sustainable Token,CST,913.8506647,6.04401481,19.97107283,0,558197.1943,0,11/10/2025 15:25
Trencher,TRENCHER,0.002106007,-0.04948389,15.65640302,0,556858.8683,0,11/10/2025 15:25
Memento,DEXTF,0.307055923,24.5408362,72.40500888,0,556511.3641,0,11/10/2025 15:25
STONKS,STONKS,0.000785658,-0.05247631,-6.99203581,0,549786.5863,0,11/10/2025 15:25
RWT TOKEN,RWT,4.25E-05,4.00806412,-4.07772044,0,548552.2204,0,11/10/2025 15:25
WorldAssets,INC,0.615019565,-3.12289874,24.30371706,0,547170.3456,0,11/10/2025 15:25
UpRock,UPT,0.006878855,-1.17197647,0.09133132,0,546066.7146,0,11/10/2025 15:25
Aurra by Virtuals,AURA,0.002813898,12.51006711,-32.05125368,0,542326.5488,0,11/10/2025 15:25
EchoLink Network,ECHO,0.198134811,-14.46748367,-10.47136804,0,538754.0366,0,11/10/2025 15:25
FinTechAI,FNA,73.22818956,-3.34400228,1.3091838,0,539239.6825,0,11/10/2025 15:25
Hyper USD,USDHL,1.00251111,0.10788545,-0.09907994,0,532800.318,0,11/10/2025 15:25
PepeAI,PEPEAI,9.16E-05,2.71696072,-11.41843423,0,531096.0583,0,11/10/2025 15:25
toyow,TTN,0.115704304,-1.30982581,-17.11059344,0,529241.3892,0,11/10/2025 15:25
Tradehub,TRHUB,0.09680468,14.07987172,56.15148335,0,528712.0193,0,11/10/2025 15:25
JETMAX,JET,2.439665756,-1.50921587,11.29485994,0,524066.8936,0,11/10/2025 15:25
RUN TOGETHER,RUN,0.002853797,-4.04909143,32.15762815,0,521239.5575,0,11/10/2025 15:25
Terrace,TRC,0.005416571,12.37231921,34.05839552,0,520785.0003,0,11/10/2025 15:25
Whalebit,CES,1.562577193,-2.59089003,-9.66378653,0,520127.0108,0,11/10/2025 15:25
Fat Fella,FAT,0.000490549,-1.23300326,-13.39792499,0,519385.5882,0,11/10/2025 15:25
lolcat,lolcat,0.000135142,-0.03220961,-13.56006432,0,518673.1853,0,11/10/2025 15:25
Neuron,NRN,0.025817003,3.84230946,-0.55956663,0,512981.7152,0,11/10/2025 15:25
Blade Games,BLADE,0.011446712,-5.33906804,-21.55167058,0,511942.5472,0,11/10/2025 15:25
xMoney,XMN,0.036588961,-4.12442757,-23.18996512,0,510903.3497,0,11/10/2025 15:25
TRUMP IP,IP,1.28E-06,-96.27797215,-94.55559232,0,510472.3133,0,11/10/2025 15:25
[Fake]COINBASE,COIN,199.8490952,322.3457297,226.6534431,0,508293.2676,0,11/10/2025 15:25
Navigate,NVG8,0.003106059,15.51258708,14.73278331,0,508117.315,0,11/10/2025 15:25
MISSION PAWSIBLE,MISSION,3.67E-06,-1.99684509,-20.11748429,0,503794.0357,0,11/10/2025 15:25
Terra Classic USD (Wormhole),USTC,0.007482562,1.45218465,9.4441151,0,502380.4511,0,11/10/2025 15:25
CryptoBlades Kingdoms,KING,4.12E-05,-3.38769447,-7.57368994,0,500245.0541,0,11/10/2025 15:25
Silo Finance,SILO,0.015968906,-3.63207349,4.54694637,0,499821.3575,0,11/10/2025 15:25
PDX Coin,PDX,168.08485,-2.07334607,137.4439895,0,499620.0617,0,11/10/2025 15:25
CPCoin,CPC,0.080186767,-0.01792137,-0.05680352,0,498769.5109,0,11/10/2025 15:25
Hyperliquid USD,USDH,0.999889891,0.01492682,-0.00908167,0,498435.302,0,11/10/2025 15:25
MAP Network,MAP,0.076266455,-0.41971014,-1.17422402,0,491637.7214,0,11/10/2025 15:25
Quanto,QTO,0.002439167,3.54327047,-24.38030878,0,490484.6438,0,11/10/2025 15:25
Cats (catshouse.live),CATS,9.12E-07,-11.22632016,35.86839056,0,487672.7139,0,11/10/2025 15:25
REI NETWORK,$REI,0.028450421,3.69858186,6.93001074,0,486835.0049,0,11/10/2025 15:25
TitanX,TITANX,1.27E-07,20.58542159,6.34764938,0,483509.9338,0,11/10/2025 15:25
TOMATOK,TOTT,0.134085186,0.02779165,0.82934791,0,484384.815,0,11/10/2025 15:25
LEMON,LEMX,23.30396069,-1.82894615,-11.86176094,0,482370.5775,0,11/10/2025 15:25
Robinhood (robinhood.codes),HOOD,78.09577507,290.0398724,347.5856846,0,470872.0056,0,11/10/2025 15:25
ANOA,ANOA,182.1556706,9.53780458,6.28125962,0,469953.4334,0,11/10/2025 15:25
Alterverse,AVC,0.00029537,-3.68865996,133.7873774,0,465514.3246,0,11/10/2025 15:25
Patic,PTC,0.000865999,-0.36287222,-4.00310639,0,463120.9929,0,11/10/2025 15:25
DaGama World,DGMA,0.071603142,1.90479863,-5.6447935,0,460731.0976,0,11/10/2025 15:25
Philcoin,PHL,0.018654082,1.85082266,-6.89046282,0,457204.9735,0,11/10/2025 15:25
Mecha Conquest,MCQ,0.002094755,0.5809823,-0.29708,0,456584.1306,0,11/10/2025 15:25
Starter.xyz,BUIDL,0.000975024,12.00183563,12.03242986,0,451205.3272,0,11/10/2025 15:25
TALA,1OZT,613.5753751,-83.5011006,-83.37791742,0,445358.1889,0,11/10/2025 15:25
OtterHome,HOME,0.024422823,4.92330711,12.71941204,0,440283.8125,0,11/10/2025 15:25
GTF,GTF,0.000280073,-9.24588767,146.7543314,0,437901.3848,0,11/10/2025 15:25
Zephyr Protocol,ZEPH,0.933252145,-7.21443335,0.38961215,0,436981.9183,0,11/10/2025 15:25
Ready to Fight,RTF,0.010298188,0.6055558,-1.74307224,0,429147.256,0,11/10/2025 15:25
IRIS Chain,IRC,0.084977174,-54.82746939,-31.07198565,0,428998.982,0,11/10/2025 15:25
Phemex Token,PT,0.725171208,1.66052526,-1.20826566,0,428971.4936,0,11/10/2025 15:25
JobIess (jobless4meme.fun),JobIess,0.001033826,-11.29410492,0.09734114,0,421809.2288,0,11/10/2025 15:25
mini,MINI,0.004517565,3.36798664,-2.11308198,0,420018.2295,0,11/10/2025 15:25
Bitcoiva,BCA,10.8043797,-0.42047427,9.11061659,0,418186.7442,0,11/10/2025 15:25
Omnipair,OMFG,0.611477691,10.03158301,50.85739796,0,417101.2206,0,11/10/2025 15:25
BDTCOIN,BDTC,58.02349434,1.73554579,1.56436813,0,414193.6186,0,11/10/2025 15:25
Meridian,MRDN,0.05858987,-4.42694113,-36.70823416,0,412888.3355,0,11/10/2025 15:25
AIFlow,AFT,0.000984796,19.8300117,22.28108769,0,404071.7082,0,11/10/2025 15:25
KULA,KULA,0.430732869,3.75876226,1.02959554,0,408488.5347,0,11/10/2025 15:25
KLIPAI,KLIP,0.017907048,4.48906912,5.44522728,0,403155.2137,0,11/10/2025 15:25
uTrade,UTT,0.344057572,0.39421999,-15.87717523,0,403223.9301,0,11/10/2025 15:25
Rizespor Token,RIZE,0.011416761,9.19137761,-8.59766972,0,403261.3195,0,11/10/2025 15:25
Lester,LESTER,0.000587644,-16.30126894,27.82785014,0,401811.9047,0,11/10/2025 15:25
Based Froc,FROC,5.85E-06,0.06164552,7.67649372,0,401303.5134,0,11/10/2025 15:25
WPAY,WPAY,0.175214073,2.33892625,2.84589492,0,397701.0491,0,11/10/2025 15:25
NERO Chain,NERO,0.003474368,0.05522173,-5.13378183,0,397662.362,0,11/10/2025 15:25
Think Protocol,THINK,0.004866421,-0.22977782,-15.36022527,0,397128.2088,0,11/10/2025 15:25
EAGLE COIN,EGC,10.0980063,-31.16331865,-31.35389133,0,396501.268,0,11/10/2025 15:25
Pulse,XPL,0.195565267,-0.12355888,-5.69723614,0,392235.1776,0,11/10/2025 15:25
Cyberlife,LIFE,0.232350048,19.90000582,4.12993099,0,388137.0193,0,11/10/2025 15:25
Solana Stock Index,SSX,0.001023702,4.35801042,17.29621955,0,387352.6534,0,11/10/2025 15:25
vankedisi,VANKEDISI,0.034543538,-0.01161994,-10.037343,0,385621.3668,0,11/10/2025 15:25
GAMA Coin,GAMA,0.608317733,5.80560016,7.44779845,0,383727.8801,0,11/10/2025 15:25
TRUMP MAGA (trumpmaga.me),MAGA,0.176868486,-98.74909603,-68.2849294,0,383686.3442,0,11/10/2025 15:25
Oracle Finance Network,ONF,10.32552464,0.47793858,0.40306851,0,380737.0264,0,11/10/2025 15:25
Sταking,SN88,0.880646552,-4.09858886,-11.23369171,0,378625.6696,0,11/10/2025 15:25
FAFO,FAFO,0.000370791,1.31170995,1.03627817,0,375601.6725,0,11/10/2025 15:25
Ocean Protocol,OCEAN,0.293108211,-2.41255008,7.23526007,0,373262.6869,0,11/10/2025 15:25
COCA,COCA,0.673773468,0.50397303,5.30085066,0,369921.501,0,11/10/2025 15:25
GraphAI,GAI,0.066283292,-1.08140345,-25.36516811,0,367033.62,0,11/10/2025 15:25
MacroHard,MHRD,0.000634348,-54.46306348,-69.67145399,0,365068.8534,0,11/10/2025 15:25
DOGE-1 Satellite,DOGE-1,0.000905562,-1.38730385,-3.61687248,0,362857.2346,0,11/10/2025 15:25
DaVinci Protocol,DCOIN,0.399814099,-0.00165318,0.00781723,0,362519.7659,0,11/10/2025 15:25
Iron Fish,IRON,0.272908028,-10.97369757,-1.00970885,0,362360.2626,0,11/10/2025 15:25
HARRIS DOGS,DOGS,9.08E-05,-97.59537208,-96.26417264,0,362002.7819,0,11/10/2025 15:25
ShibaInu On Solana,SHIB,3.16E-05,33.64437585,36.62515249,0,357203.1578,0,11/10/2025 15:25
AtomOne,ATONE,1.911679669,-5.6187832,-18.62943554,0,356176.7744,0,11/10/2025 15:25
Nockchain,NOCK,0.060689221,6.2748857,10.1328888,0,350726.6131,0,11/10/2025 15:25
FUCK THE MATRIX,FTMX,0.053255287,-9.51027387,-7.93099037,0,349590.1437,0,11/10/2025 15:25
Nelore Coin,NLC,0.001016831,-4.06988858,9.86265544,0,346743.8418,0,11/10/2025 15:25
NOT,CAT,0.005583631,462.0147075,35.40794473,0,345335.9948,0,11/10/2025 15:25
TEXITcoin,TXC,4.053113556,0.73885,-21.32826843,0,342866.0547,0,11/10/2025 15:25
BITmarkets,BTMT,0.08892123,10.69041443,36.78154584,0,340873.3875,0,11/10/2025 15:25
CAD Coin,CADC,0.711085328,-0.08439396,-0.07854445,0,337327.0048,0,11/10/2025 15:25
Navio,NAV,0.079343017,-12.21630723,48.69312861,0,336155.2617,0,11/10/2025 15:25
Giko Cat,GIKO,0.139862999,-4.36908434,3.85452106,0,335595.3946,0,11/10/2025 15:25
717ai by Virtuals,WIRE,0.016709626,-3.59700639,15.42251166,0,335568.7602,0,11/10/2025 15:25
Syncvault,SVTS,0.257932098,11.45188899,81.36752704,0,332770.4046,0,11/10/2025 15:25
XEN Crypto,XEN,1.93E-08,-1.35629008,-12.72808237,0,332194.2242,0,11/10/2025 15:25
PEPE,TRUMP,7.62E-07,363.4214099,386.4000682,0,331728.9999,0,11/10/2025 15:25
Finanx AI,FNXAI,0.201206906,-0.30895219,-3.73911805,0,329839.3216,0,11/10/2025 15:25
FUNCH,FUNCH,0.000989824,-6.09224039,880.1175004,0,329085.6297,0,11/10/2025 15:25
Edom,EDOM,1.260019369,-0.01700072,-0.01827302,0,328424.1991,0,11/10/2025 15:25
FOOM,FOOM,1.48E-07,-0.81084923,-1.21404596,0,326444.8434,0,11/10/2025 15:25
EverValue Coin,EVA,27.35800177,2.35013945,1.80536221,0,325977.4592,0,11/10/2025 15:25
PENGU AI,PENGU,3.74E-05,-99.03085842,2048.173101,0,324577.8804,0,11/10/2025 15:25
Zedxion,ZEDXION,0.464168593,1.07816294,2.4478895,0,323542.8115,0,11/10/2025 15:25
PEPE MAGA,MAGA,97482386526,339.6694903,2661.417184,0,323181.9621,0,11/10/2025 15:25
SORA GROK,GROK,11.50624039,295.2214704,480.0267542,0,320895.2617,0,11/10/2025 15:25
Swaperry,PERRY,0.000578163,-3.65599894,-1.56822227,0,314215.1791,0,11/10/2025 15:25
EasyCake,MCAKE,0.020068664,-0.39536025,18.12335103,0,312477.6007,0,11/10/2025 15:25
Metaverse HQ,HQ,0.000694382,10.96412656,18.31550348,0,316355.5026,0,11/10/2025 15:25
Book of Meme 3.0,BOME,1.52E-05,189.7032413,-14.40541343,0,312003.2253,0,11/10/2025 15:25
Celium,SN51,21.47660169,-2.07089112,-16.3757997,0,311088.2475,0,11/10/2025 15:25
Shiba Inu TREAT,TREAT,0.000746592,-3.27547381,20.88001493,0,309633.3775,0,11/10/2025 15:25
KALP Network,GINI,0.040347822,-0.84458616,0.49826921,0,307671.9077,0,11/10/2025 15:25
Aquarius,AQUA,0.000678091,4.44885016,0.41862816,0,304163.4325,0,11/10/2025 15:25
League of Kingdoms Arena,LOKA,0.10570803,9.99795047,12.4755583,0,303749.1894,0,11/10/2025 15:25
Panther Protocol,ZKP,0.010830269,-1.59561552,114.374567,0,302097.0416,0,11/10/2025 15:25
Metacraft,MCTP,0.462960356,-0.59760361,-7.85039833,0,301738.2606,0,11/10/2025 15:25
XBIT,XBT,0.000910057,-5.8081943,-11.49765232,0,299831.7462,0,11/10/2025 15:25
I love puppies,PUPPIES,1.26E-12,-69.48124664,-94.79155276,0,299693.8161,0,11/10/2025 15:25
BLUB,BLUB,8.98E-09,23.93488218,52.03774877,0,299574.8892,0,11/10/2025 15:25
OFFICIAL BARRON (SOL),BARRON,0.000464118,30.95386438,40.16259209,0,298828.8864,0,11/10/2025 15:25
ParkCoin,KPK,1.138447763,-0.81658538,-1.3017345,0,298494.9077,0,11/10/2025 15:25
AxCNH,AxCNH,0.140474957,0.12146352,0.25315687,0,298140.0282,0,11/10/2025 15:25
DNA,DNA,1.34E-11,0.51524549,4.12686917,0,297278.5811,0,11/10/2025 15:25
KAANCH NETWORK,KNCH,0.101938565,1.43909585,20.68646821,0,296434.9277,0,11/10/2025 15:25
Qubetics,TICS,0.040381509,-0.2942155,-13.55238576,0,296356.8142,0,11/10/2025 15:25
FISH2,FISH2,0.007872989,46.90758267,18.88890055,0,295998.825,0,11/10/2025 15:25
360noscope420blazeit,MLG,0.00165977,13.20152067,4.62406432,0,294965.0837,0,11/10/2025 15:25
Bityuan,BTY,0.027748346,-2.16709998,-4.28104682,0,293671.5788,0,11/10/2025 15:25
Klaytn,KLAY,0.103168822,1.7125835,10.32627858,0,290651.5288,0,11/10/2025 15:25
BNB DOG INU,BNBDOG,3.02E-14,-1.4814629,0.6514838,0,289055.4896,0,11/10/2025 15:25
gib,GIB,0.000148988,-15.33275164,2.78183894,0,288439.0574,0,11/10/2025 15:25
KittyCake,KCAKE,2.59E-06,0.8568898,-0.35951329,0,287667.3352,0,11/10/2025 15:25
GRABWAY,GRAB,0.03671348,1.68719719,-8.16649457,0,287103.6452,0,11/10/2025 15:25
Zenix,ZENIX,2.09E-05,0.05370276,22.61840356,0,284977.8003,0,11/10/2025 15:25
MetaDAO (old),META,6370.376767,-9.04997081,18.79674856,0,281322.3661,0,11/10/2025 15:25
Neiro Solana (neirobropump.com),NEIRO,0.000464576,-0.07585646,-2.98374497,0,276982.2038,0,11/10/2025 15:25
Ozonechain,OZONE,4.297011214,0.78840111,-7.6084814,0,276138.2748,0,11/10/2025 15:25
Smart MFG,MFG,0.003147384,1.29126996,11.93332469,0,275151.6952,0,11/10/2025 15:25
MikeToken,MKT,1.32E-09,0.85011834,-5.6540571,0,274481.0249,0,11/10/2025 15:25
[Fake] Sharplink Gaming,SBET,1.082338592,-79.33949606,-72.41821634,0,274341.4862,0,11/10/2025 15:25
Data Universe,SN13,3.027817471,-0.36673795,-15.68624692,0,274110.6846,0,11/10/2025 15:25
世界和平,世界和平,0.000856443,-4.04134101,-1.38889149,0,274147.3933,0,11/10/2025 15:25
Orbio,ORBIO,4.80E-05,-14.18948513,-34.62600122,0,273403.6423,0,11/10/2025 15:25
Froge (ETH),FROGE,4.02E-09,-4.11027246,-13.37485104,0,273248.6014,0,11/10/2025 15:25
D.A.I.Wo,DAIWO,1.250719034,0.18549806,0.40056439,0,270761.1516,0,11/10/2025 15:25
would,WOULD,0.046746463,1.05825764,-0.78734101,0,269500.2503,0,11/10/2025 15:25
TRUMP MAGA,MAGA,0.000350106,193.2038672,143.489685,0,269463.5516,0,11/10/2025 15:25
MonbaseCoin,MBC,0.114609645,-2.24716119,-20.99071636,0,268615.1507,0,11/10/2025 15:25
Renq Finance,RENQ,0.001305432,1.01438992,4.23379995,0,268154.9777,0,11/10/2025 15:25
Ycash,YEC,0.266452593,4.71856432,4.71856432,0,267940.7823,0,11/10/2025 15:25
Paladeum,PLB,0.721463329,17.17800979,16.87537123,0,267460.2778,0,11/10/2025 15:25
Yellow Umbrella,YU,8.96E-05,-8.0360662,-43.46132438,0,263046.29,0,11/10/2025 15:25
LumiShare,LUMI,0.002298047,-0.07376132,-2.98216801,0,261684.4579,0,11/10/2025 15:25
BlackRock,IBIT,0.021625912,248.9201924,299.0001018,0,264096.5657,0,11/10/2025 15:25
Baby Bitcoin,BBTC,0.001534293,0.44575748,3.66358755,0,260364.6692,0,11/10/2025 15:25
XGP,XGP,9.48E-06,11.68201239,11.26662097,0,260242.1973,0,11/10/2025 15:25
Dippy,SN11,3.41871028,-3.79308624,-26.87970308,0,260025.819,0,11/10/2025 15:25
COINDEPO,COINDEPO,0.086737457,-0.1879358,8.57989365,0,259865.4282,0,11/10/2025 15:25
The Bitcoin Mascot,BITTY,0.002047239,-8.41208736,-20.80226988,0,257247.4897,0,11/10/2025 15:25
SKPANAX,SKX,0.411510356,1.52139122,5.9707964,0,254694.9878,0,11/10/2025 15:25
Shirushi Coin,SISC,1.259497404,0.10048272,-0.03770671,0,253562.0926,0,11/10/2025 15:25
HAiO,HAIO,0.014947728,-13.89146458,-11.67979879,0,252028.5558,0,11/10/2025 15:25
Tethereum,T99,0.298370272,0.07362385,-0.053274,0,250138.8938,0,11/10/2025 15:25
BitoPro Exchange Token,BITO,0.211858029,-0.50636813,0.30431253,0,247251.372,0,11/10/2025 15:25
Trust The Process,TRUST,0.000272818,1.09912855,5.31326912,0,247048.5512,0,11/10/2025 15:25
Shytoshi Kusama,SHY,0.001189735,2.53773198,51.60080515,0,246787.0171,0,11/10/2025 15:25
STRIKE,STRIKE,0.00040366,-6.42768698,1.2942878,0,244670.9389,0,11/10/2025 15:25
GUMMY,GUMMY,0.000529922,0.49419006,-1.30911268,0,241397.6254,0,11/10/2025 15:25
COW,COW,0.008740539,-1.47305626,-1.16164984,0,240144.8157,0,11/10/2025 15:25
White Monkey,WM,0.010144219,2.90972823,132.8291283,0,239981.9801,0,11/10/2025 15:25
PEPECASH (pepecash.live),PECH,6.57E-09,27.78273097,-45.01665232,0,239510.6243,0,11/10/2025 15:25
Radx AI,RADX,1.85E-06,0.28219324,-2.67256441,0,238606.8503,0,11/10/2025 15:25
Higher,HIGHER,0.001666038,-16.71478364,11.43771714,0,238119.6294,0,11/10/2025 15:25
Base is for everyone,BASE,0.002883357,-7.23571905,14.73736855,0,237958.7497,0,11/10/2025 15:25
Bandot Protocol,BDT,5.99E-05,-8.74117102,-2.03649459,0,237622.7387,0,11/10/2025 15:25
BitMind,SN34,6.704228636,-3.55003953,-21.29219076,0,236072.2589,0,11/10/2025 15:25
Kodexa,KDX,0.015091048,-0.08934269,-2.29957702,0,234663.2081,0,11/10/2025 15:25
XENO Governance,GXE,0.001329551,3.46433527,-0.58815684,0,233982.3811,0,11/10/2025 15:25
τemplar,SN3,9.643589531,-1.33760164,-17.29383873,0,233889.4949,0,11/10/2025 15:25
Rally,RALLY,0.002997533,19.77450498,71.97816688,0,233767.1952,0,11/10/2025 15:25
DEW,DEW,0.000697703,-2.34761644,-15.21511177,0,233252.3818,0,11/10/2025 15:25
Ozone Chain,OZO,0.130130899,-1.89991148,-0.83540314,0,232364.1537,0,11/10/2025 15:25
yellow ket,KET,0.02162237,-3.47722225,-24.90475674,0,230820.9812,0,11/10/2025 15:25
Digital ASSet Treasury,DAT,0.001428473,-14.81770377,3.53987045,0,230535.9158,0,11/10/2025 15:25
Freedom,FDM,0.010262732,9.29025101,3.21267256,0,230374.9546,0,11/10/2025 15:25
mETH Protocol,COOK,0.006757052,-0.05852701,6.6224037,0,228889.1238,0,11/10/2025 15:25
Frankencoin,ZCHF,1.242261238,-0.09402608,0.19618857,0,227648.2895,0,11/10/2025 15:25
Belgian Malinois,BELG,0.783640303,-23.79495456,152.4735734,0,226405.7971,0,11/10/2025 15:25
Peapods Finance,PEAS,1.11545089,-4.65629462,-14.69039978,0,225464.8089,0,11/10/2025 15:25
BGEO(Bitcoin Global Eternal Oasis),BGEO,0.235161498,-3.013761,-55.62567133,0,225026.9611,0,11/10/2025 15:25
Seamless,SEAM,0.194106222,0.80228543,-5.67694721,0,223330.3465,0,11/10/2025 15:25
Wrapped Story,WIP,3.853307473,0.79804,-1.89904343,0,221859.5295,0,11/10/2025 15:25
AI Waifu,WAI,0.08903378,-1.90949074,-1.43167915,0,221205.7211,0,11/10/2025 15:25
iota,SN9,6.675503658,-4.65474985,-21.65640601,0,221144.361,0,11/10/2025 15:25
BBAChain,BBA,0.002266997,1.07296894,-1.67548968,0,220926.6581,0,11/10/2025 15:25
Ninja Squad Token,NST,2.617282495,1.18517597,7.78483069,0,221382.6163,0,11/10/2025 15:25
Songbird,SGB,0.003311893,4.59570457,8.68852883,0,218933.4258,0,11/10/2025 15:25
Giggles,GIGGLES,0.000933667,-3.60789119,9.83214932,0,218915.6883,0,11/10/2025 15:25
TDCCP,TDCCP,0.190439693,0.25929814,5.32393969,0,218632.9242,0,11/10/2025 15:25
Nonkyc.io Exchange,NKYC,13.74689668,-0.99390635,-1.48860705,0,217913.3586,0,11/10/2025 15:25
OpenKaito,SN5,8.351961769,-4.5029506,-21.55299785,0,217108.3321,0,11/10/2025 15:25
ASSDAQ,ASSDAQ,0.001272269,-5.34428556,-12.95082024,0,216221.3885,0,11/10/2025 15:25
SOFA Org,RCH,0.220468532,-1.35656274,-2.07663453,0,215979.2351,0,11/10/2025 15:25
Legend of Arcadia,ARCA,0.010501822,1.16349246,-5.74861171,0,215738.8879,0,11/10/2025 15:25
Eagle AI,EAI,0.058885781,-1.6088973,2.37251044,0,215863.3813,0,11/10/2025 15:25
Index Cooperative,INDEX,0.885100942,4.93789109,13.4934271,0,215608.6883,0,11/10/2025 15:25
Avalaunch,XAVA,0.157594225,-1.04088294,-3.51753201,0,214159.5937,0,11/10/2025 15:25
Aicean,AICE,0.134912189,7.44714878,21.91872129,0,211629.4987,0,11/10/2025 15:25
Heurist AI,HEU,0.022786951,-5.44190328,4.59782175,0,210255.0392,0,11/10/2025 15:25
Bucket Protocol BUCK Stablecoin,BUCK,0.999068739,-0.03418072,-0.0414165,0,205443.3973,0,11/10/2025 15:25
Strawberry In Bloom,BERRY,0.00080976,-0.42665304,6.17455334,0,205370.8526,0,11/10/2025 15:25
TENGE TENGE,TENGE,0.000295925,-5.19932453,-21.01180163,0,205065.5478,0,11/10/2025 15:25
CATX,CATX,4.09E-06,2031.984895,3295.239538,0,204812.1879,0,11/10/2025 15:25
Zygo the frog,ZYGO,0.001917915,27.58222252,2436.808097,0,204688.882,0,11/10/2025 15:25
Goatcoin,GOAT,0.000255231,280.8684459,904.1683933,0,204287.9268,0,11/10/2025 15:25
Snake of Solana,HISS,5.66E-07,-3.49944954,-15.08721637,0,203946.8671,0,11/10/2025 15:25
Pontem Liquidswap,LSD,0.015380399,-0.54433435,-10.06545676,0,203440.3841,0,11/10/2025 15:25
RefundCoin,RFD,2.68E-06,-1.14149488,-9.42230035,0,202888.5704,0,11/10/2025 15:25
404—GEN,SN17,4.168580207,-1.53378578,-24.71260378,0,201508.1549,0,11/10/2025 15:25
For Sale,SN47,0.614263728,-5.27130269,-26.69305454,0,200635.3512,0,11/10/2025 15:25
Love Earn Enjoy,LEE,0.770043744,-0.03056634,0.01728775,0,200093.8458,0,11/10/2025 15:25
Hello Kitty,KITTY,9.73E-05,3.03833638,-5.58565294,0,202856.1172,0,11/10/2025 15:25
C-cash,CCASH,0.001368757,-3.27162227,-1.0919406,0,197431.5592,0,11/10/2025 15:25
BOOK OF BILLIONAIRES,BOBE,0.00026868,0.11119142,2.37108591,0,197428.3636,0,11/10/2025 15:25
lilpump,LILPUMP,8.23E-05,4.8473531,6.07032404,0,197384.5709,0,11/10/2025 15:25
xExchange,MEX,1.43E-06,-4.13537955,11.52191963,0,196912.881,0,11/10/2025 15:25
BITCOIN FUTURE,BTCF,0.083408927,-0.1562486,-0.08891911,0,196674.5939,0,11/10/2025 15:25
Layer One X,L1X,13.28325885,0.75600752,-0.53453249,0,196349.2766,0,11/10/2025 15:25
Dawg Coin,DAWG,9.16E-05,0.06621956,-11.05708373,0,195912.2718,0,11/10/2025 15:25
Just Elizabeth Cat,ELIZABETH,0.000914525,4.54640574,85.09160589,0,195897.9402,0,11/10/2025 15:25
GOGGLES,GOGLZ,0.049637443,-5.3424191,77.00437279,0,195283.0256,0,11/10/2025 15:25
exSat Network,XSAT,1.07135223,2.80518036,-9.31188349,0,193402.8839,0,11/10/2025 15:25
BEBE,BEBE,1.92E-05,30.81986859,-71.95428438,0,192632.0047,0,11/10/2025 15:25
DOGEX,DOGEX,3.54E-07,614.505555,648.1812792,0,192458.583,0,11/10/2025 15:25
KIP Protocol,KIP,0.000223221,-4.21762988,10.07700673,0,191940.1066,0,11/10/2025 15:25
LABUBU (labubu.farm),LABUBU,0.012751497,264.7574769,362.0817476,0,190655.0796,0,11/10/2025 15:25
SCARCITY,SCARCITY,0.062589237,-11.2352394,-11.1373767,0,189582.8528,0,11/10/2025 15:25
Metacoin,MTC,0.014598976,0.94474996,26.27840627,0,189083.7866,0,11/10/2025 15:25
Planet Sandbox,PSB,0.00376847,-58.67655222,32.88140304,0,188414.116,0,11/10/2025 15:25
Wowbit,WWB,4.761784296,-0.02143573,-0.01220351,0,188292.7647,0,11/10/2025 15:25
Emperor,EMPI,0.017975212,-2.09136573,-14.09309264,0,188203.8687,0,11/10/2025 15:25
gooncoin,GOONC,0.000133472,-0.60681137,-22.20249472,0,187597.083,0,11/10/2025 15:25
Turbo Trump,TURBO,0.000403971,-99.40211529,-99.0435065,0,184297.2722,0,11/10/2025 15:25
President Donald J. Trump,PDJT,0.000643107,5.45081226,35.600548,0,184235.5362,0,11/10/2025 15:25
Digital Swiss Franc,DSFR,0.003197805,0.57862891,3.78172533,0,183470.1518,0,11/10/2025 15:25
Official Elon Coin (official-elon.xyz),ELON,0.000501021,2.09599867,-10.94845936,0,182515.3766,0,11/10/2025 15:25
Shih Tzu,SHIH,0.000285457,-8.64289221,-16.81608233,0,182285.6284,0,11/10/2025 15:25
Massa,MAS,0.004707923,-2.00523819,1.47604024,0,182120.6788,0,11/10/2025 15:25
Flayer,FLAY,0.015725111,-13.31570048,-32.47511326,0,181949.3085,0,11/10/2025 15:25
MINEBLUE,MB,0.037766293,2.06052977,-39.37416196,0,181919.3593,0,11/10/2025 15:25
Ares,ARES,9.30E-05,-2.18243869,-9.76472127,0,181732.0481,0,11/10/2025 15:25
Utopia USD,UUSD,0.949744885,-0.06990631,-0.04325592,0,180785.1177,0,11/10/2025 15:25
bAI Fund,BAI,0.000501911,12.02955193,-41.15372067,0,180496.8484,0,11/10/2025 15:25
Pi Network AI,PIAI,6.68E-12,-3.88263524,5.12151272,0,178342.5618,0,11/10/2025 15:25
IMAGINE,IMAGINE,7.06E-05,-5.74850809,-5.48134937,0,177070.674,0,11/10/2025 15:25
Kanga Exchange Token,KNG,1.614943182,-0.86035906,-2.44110182,0,176935.731,0,11/10/2025 15:25
RoboStack,ROBOT,0.003673254,-8.18637927,-25.17036125,0,176587.1326,0,11/10/2025 15:25
GGEZ1,GGEZ1,0.087389246,0.08411339,0.14994885,0,174952.0252,0,11/10/2025 15:25
Capverse,CAP,0.11368969,-1.70995768,9.14718741,0,174699.0885,0,11/10/2025 15:25
IMO,IMO,1.77724763,1.3426831,33.90030312,0,174511.7483,0,11/10/2025 15:25
MINE COIN,MIH,0.239285434,-0.00034658,-0.26653026,0,173789.3271,0,11/10/2025 15:25
Unicorn,UWU,5.05E-05,-0.40830166,-8.50187819,0,171006.0952,0,11/10/2025 15:25
Tether USD (Bridge TC10),ՍSDT.C,1.000231003,-0.03947546,0.0031971,0,170230.949,0,11/10/2025 15:25
XSPA,XSPA,0.001674856,0.67504183,-17.86861122,0,169002.5302,0,11/10/2025 15:25
Truebit,TRU,0.185976627,-0.8171868,-1.11951694,0,168204.3289,0,11/10/2025 15:25
Tether USD (Bridge TC20),ՍSDT.C,0.999916858,-0.0397654,-0.04221394,0,168104.068,0,11/10/2025 15:25
Fi - Ai With Daddy Issues,SHEGEN,0.000162145,0.84243452,-1.87783956,0,167800.3977,0,11/10/2025 15:25
Bster,BSTER,0.002038395,-75.74041619,-86.9227954,0,167499.7988,0,11/10/2025 15:25
We Love Tits,TITS,0.000365685,-10.3816476,-24.3152294,0,167357.7588,0,11/10/2025 15:25
Luxury Travel Token,LTT,0.021256318,4.50584663,-9.34594832,0,165573.6182,0,11/10/2025 15:25
PEPPER,PEPPER,1.79E-09,-0.48987615,-2.20893894,0,166260.9221,0,11/10/2025 15:25
Mars Meme Inc,MARSMI,0.066582658,0.1433239,-9.18463682,0,164015.7642,0,11/10/2025 15:25
CZ BOOK,CZBOOK,6.05E-13,92.32701138,92.32701138,0,163870.4165,0,11/10/2025 15:25
MimbleWimbleCoin,MWC,34.98147029,0.39720322,1.08199666,0,163762.7179,0,11/10/2025 15:25
SLERF,SLERF,0.008860116,-1.68974021,-18.58194909,0,163246.7693,0,11/10/2025 15:25
MatchAwards Platform Utility Token,MAPU,6.275793192,0.04948067,1.64665937,0,162822.4619,0,11/10/2025 15:25
VitaDAO,VITA,0.726638124,0.38539389,14.76943943,0,162892.6488,0,11/10/2025 15:25
Candle Cat,CANDLE,0.000715773,3.97247845,-13.7020866,0,162500.1475,0,11/10/2025 15:25
LYC,LYC,0.010900695,1.79430036,-28.9506412,0,162270.6371,0,11/10/2025 15:25
Cope,COPE,0.000388383,-11.78918403,25.92401895,0,162170.698,0,11/10/2025 15:25
ReadyAI,SN33,5.110189274,-2.95329376,-23.64718889,0,162035.4143,0,11/10/2025 15:25
Kommunitas,KOM,0.000488577,0.02249812,-8.9387601,0,161071.9294,0,11/10/2025 15:25
BabyBoomToken,BBT,0.239872668,0.0922056,-8.91773193,0,159931.9644,0,11/10/2025 15:25
Felis,FELIS,1.53E-08,-97.44713024,-97.35434963,0,159445.4444,0,11/10/2025 15:25
Punkvism,PVT,0.001681034,-0.20837065,-34.37591591,0,159420.3402,0,11/10/2025 15:25
Teleport System Token,TST,0.000795287,-5.69280545,-3.54541439,0,158867.4697,0,11/10/2025 15:25
Sturdy,SN10,2.052024449,-1.4892899,-19.02092696,0,158267.2689,0,11/10/2025 15:25
Nolus,NLS,0.006752305,-2.31279053,4.19134416,0,157884.7724,0,11/10/2025 15:25
Quorium,QGOLD,4099.542842,2.66338472,2.66079896,0,157793.2517,0,11/10/2025 15:25
Quantum,Q,0.003010519,1.1113247,5.32857854,0,157505.8594,0,11/10/2025 15:25
LuckysLeprecoin,LUCKYSLP,1.61E-07,-0.18450689,3.11242638,0,156983.0953,0,11/10/2025 15:25
PokerFi,POKERFI,8.27E-05,0.44729694,3.51544,0,156920.5476,0,11/10/2025 15:25
Hedera Guild Game,HGG,0.000391506,0.71718068,-2.27697228,0,156915.5592,0,11/10/2025 15:25
Rexas Finance,RXS,0.000994893,3.54150853,10.51785758,0,156383.1717,0,11/10/2025 15:25
DRDR,DRDR,0.047290714,-16.85423609,-32.62116826,0,156295.8922,0,11/10/2025 15:25
MATT,MATT,1.04E-05,0.53379323,3.48966621,0,156209.0727,0,11/10/2025 15:25
Simmi,SIMMI,1.81E-05,3.13330159,-4.83851617,0,156059.9726,0,11/10/2025 15:25
Targon,SN4,16.48637353,-1.76529182,-19.4898708,0,155875.5559,0,11/10/2025 15:25
DragonX,DRAGONX,1.41E-06,32.40554945,24.81846622,0,155699.1357,0,11/10/2025 15:25
BOME AI,BOME,66358061624,39.04228686,774.3691827,0,155512.2196,0,11/10/2025 15:25
Utya,UTYA,0.010613543,0.58937091,31.28986882,0,155326.5274,0,11/10/2025 15:25
Overtime,OVER,0.325893413,0.16336444,7.89940693,0,155136.0023,0,11/10/2025 15:25
GIFT,GIFT,0.132310871,2.84652983,2.8389461,0,154857.4545,0,11/10/2025 15:25
pepe in a memes world,PEW,4.58E-07,-1.31370498,-0.71076039,0,154508.1969,0,11/10/2025 15:25
Nunu,NUNU,0.000405103,26.20696136,33.84967862,0,154053.1814,0,11/10/2025 15:25
Sendcoin,SEND,0.003424132,0.13220566,7.14724216,0,153025.8071,0,11/10/2025 15:25
Greenchie,GNC,3.11E-07,-12.04293791,19.13029885,0,152991.9797,0,11/10/2025 15:25
ZoidPay,ZPAY,0.007964709,3.12488966,20.38086624,0,152892.4934,0,11/10/2025 15:25
Ink Finance,QUILL,0.003204083,-0.01355361,23.11255095,0,152755.8769,0,11/10/2025 15:25
xDAI,xDAI,0.998863174,-0.0440238,0.84822327,0,152379.2941,0,11/10/2025 15:25
JuliaOS,JOS,0.000379129,-1.99444774,-19.40578314,0,152055.322,0,11/10/2025 15:25
MARVIN,MARVIN,2.03E-06,11.67424936,23.90160749,0,151876.6848,0,11/10/2025 15:25
TRASH COIN,TRASH,0.001800467,0.41379951,-13.65383604,0,151496.2741,0,11/10/2025 15:25
IXORAPAD,IXORA,0.0001019,10.48150637,-1.9700554,0,151468.3498,0,11/10/2025 15:25
AQA,AQA,0.000465069,1.72657686,3.57605276,0,150658.9503,0,11/10/2025 15:25
Palapa,PLPA,0.026354484,-7.91079858,41.62815412,0,150491.1468,0,11/10/2025 15:25
Dork Lord,DORKY,0.013411736,5.22016719,-19.9847587,0,150487.5444,0,11/10/2025 15:25
New Born Haggis Pygmy Hippo,HAGGIS,2.91E-05,-0.03220961,-8.01569264,0,149540.7,0,11/10/2025 15:25
TonCapy,TCAPY,0.000182425,2.3929698,-2.86405425,0,149191.6836,0,11/10/2025 15:25
Five Pillars Token,5PT,0.005242279,-0.85328535,-3.45252881,0,149796.2471,0,11/10/2025 15:25
Lord Of SOL,LOS,2.34E-05,0.06788064,0.21921682,0,148892.4916,0,11/10/2025 15:25
Midle,MIDLE,7.61E-05,-7.0346306,-21.01615329,0,148420.5564,0,11/10/2025 15:25
Gradient,GRAY,0.485545392,1.46251853,-8.37680136,0,148204.1174,0,11/10/2025 15:25
Yabba Dabba Doo!,YBDBD,9.03E-07,-23.76447639,-5.92602006,0,148151.3343,0,11/10/2025 15:25
WebMind Network,WMN,8.15E-05,-0.3857763,1.08917824,0,148129.0378,0,11/10/2025 15:25
DOVU,DOVU,0.004764397,4.65483514,19.53076343,0,148017.3653,0,11/10/2025 15:25
0x0.com,0x0,0.001844563,-3.08079683,-7.90022193,0,147870.8701,0,11/10/2025 15:25
NeonNeko,NEKO,2.94E-05,4.53062587,11.04817338,0,147848.0647,0,11/10/2025 15:25
Doric Network,DRC,0.229848366,-0.01126266,0.08635263,0,147693.484,0,11/10/2025 15:25
Japan Open Chain,JOC,0.088808002,11.26254601,8.36608762,0,147406.981,0,11/10/2025 15:25
Stand With Crypto Fund,SWC,0.933379696,11.55300059,392.5064273,0,147327.3593,0,11/10/2025 15:25
財務自由,財務自由,0.000337125,-5.59971087,-1.53862751,0,147147.6355,0,11/10/2025 15:25
DPIN,DPN,5.170114065,19.56990616,27.17414136,0,146635.0427,0,11/10/2025 15:25
SharpLink Gaming,SBET,2.91E-05,-7.77358124,4.38010905,0,146506.177,0,11/10/2025 15:25
CaptainBNB,CaptainBNB,0.002944027,-4.73485445,-15.16509007,0,146259.8941,0,11/10/2025 15:25
FIST,FIST,0.001113266,-13.40531199,-28.04001011,0,146118.9844,0,11/10/2025 15:25
XRPTurbo,XRT,0.012099851,-2.23351423,-5.2942869,0,145858.8707,0,11/10/2025 15:25
Miu,MIU,8.54E-09,-0.39930056,-9.83532657,0,145639.9794,0,11/10/2025 15:25
Amnis Aptos Coin,AMAPT,3.189232508,0.86189872,16.93339155,0,145092.8692,0,11/10/2025 15:25
Base God,TYBG,4.49E-05,-2.81549592,33.03744236,0,144780.9876,0,11/10/2025 15:25
UDAO,UDAO,0.104867969,1.21562935,7.43962983,0,144263.8818,0,11/10/2025 15:25
Empyreal,EMP,25.47876729,13.60645864,19.60041168,0,143707.9097,0,11/10/2025 15:25
Pin Token,PIN,0.264851014,7.14418983,6.8954985,0,143362.0192,0,11/10/2025 15:25
MetaniaGames v2,METANIA,0.018145148,-0.26918074,-10.25047613,0,143408.4885,0,11/10/2025 15:25
AvocadoCoin,AVDO,1588.483157,-0.81510339,2.83214421,0,143206.6734,0,11/10/2025 15:25
BitStable,BSSB,0.024196685,-0.01631607,-3.58615257,0,143179.4035,0,11/10/2025 15:25
KAIKO,KAI,0.001670096,-22.25904157,4.48252197,0,142779.8763,0,11/10/2025 15:25
Loop Finance,LOOP,0.471824543,1.46608344,7.71337825,0,142047.6374,0,11/10/2025 15:25
Alpha City,AMETA,0.001115935,-3.66750981,17.15061723,0,141617.6112,0,11/10/2025 15:25
Neptune Cash,NPT,3.742124025,-7.90911257,-20.5067265,0,141097.4994,0,11/10/2025 15:25
SASEUL,SL,0.00400029,-13.53487241,17.09291778,0,138812.4564,0,11/10/2025 15:25
Abster,ABSTER,0.008130539,9.81144848,70.79648126,0,137544.2972,0,11/10/2025 15:25
ICLighthouse DAO,ICL,0.043987411,13.27181712,118.381448,0,136716.2438,0,11/10/2025 15:25
Dagcoin,DAGS,0.000407028,-1.75893431,-5.74630101,0,133561.3475,0,11/10/2025 15:25
All Will Retire,AWR,0.001841798,3.36016995,22.933874,0,132930.6505,0,11/10/2025 15:25
ONINO,ONI,0.020835443,-0.79054083,-10.54015367,0,132579.4654,0,11/10/2025 15:25
Virtual Tourist,VT,0.002829221,-0.03665517,5.59434975,0,132444.4936,0,11/10/2025 15:25
KANGO,KANGO,4.74E-06,3.43587951,21.72974537,0,132334.0696,0,11/10/2025 15:25
Minto,BTCMT,0.700418501,0.66328498,-4.38757983,0,132147.6766,0,11/10/2025 15:25
KalyChain,KLC,0.001431383,-1.00550271,5.18292456,0,131680.0141,0,11/10/2025 15:25
GenieCoin,GNC,1.13726245,0.07866355,-0.31830593,0,131514.0056,0,11/10/2025 15:25
BowsCoin,BSC,0.000334941,-7.48268535,-4.83736333,0,131029.5129,0,11/10/2025 15:25
XO Protocol,XOXO,0.000795677,-0.09007303,-0.4168148,0,130515.5909,0,11/10/2025 15:25
Leve Invest,LEVE,0.000372603,0.55844976,-2.31950876,0,130503.4371,0,11/10/2025 15:25
Music by Virtuals,MUSIC,0.002067172,10.18950064,74.20024001,0,130121.3345,0,11/10/2025 15:25
Chimpzee,CHMPZ,3.02E-05,0.85085272,-2.38396767,0,129293.5676,0,11/10/2025 15:25
Axion,AXC,0.005531505,4.40263192,-37.20504245,0,128641.3301,0,11/10/2025 15:25
AION 5100,AION,0.175301846,10.07521961,-18.808937,0,128474.0738,0,11/10/2025 15:25
NexQloud,NXQ,60.16492275,-7.09903691,24.23914313,0,128312.7064,0,11/10/2025 15:25
TRIO (OrdinalsBot),TRIO,0.043237766,-0.98858118,-22.52504082,0,127537.3761,0,11/10/2025 15:25
Plena Finance,PLENA,0.000662119,-0.96391033,2.05216133,0,126649.9048,0,11/10/2025 15:25
eMetals,MTLS,0.048772932,-2.27714544,-3.12866535,0,126635.2432,0,11/10/2025 15:25
MinoTari (Tari L1),XTM,0.004316254,-4.36787743,11.25384514,0,126339.5001,0,11/10/2025 15:25
Staicy Sport,SPORT,0.045907351,2.32181727,-23.97909927,0,125123.629,0,11/10/2025 15:25
Rato The Rat (ratotherat.com),RATO,4.74E-07,-0.57484847,-5.23807088,0,125199.0071,0,11/10/2025 15:25
Libertum,LBM,0.011140166,2.64542032,12.05963382,0,124916.2321,0,11/10/2025 15:25
tooker kurlson,TOOKER,0.000214462,0.49598776,3.16937732,0,124688.2723,0,11/10/2025 15:25
GGEBI,GGB,0.024195703,-2.0452933,5.20874812,0,124227.6962,0,11/10/2025 15:25
SAFE(AnWang),SAFE,2.044745444,-1.86521321,-12.92934784,0,123752.4997,0,11/10/2025 15:25
Tema,TEMA,0.000104786,3.31326909,-9.75735954,0,123612.8267,0,11/10/2025 15:25
Nacho the Kat,NACHO,2.10E-05,12.04649945,22.4430928,0,123056.5937,0,11/10/2025 15:25
Alkimi,ALKIMI,0.027206083,-0.70250563,-3.7841885,0,122966.3615,0,11/10/2025 15:25
DIN,DIN,0.115878511,18.60268894,12.63259368,0,121854.8554,0,11/10/2025 15:25
Luckify,LUCK,0.155202607,0.62247608,-9.96594695,0,121613.2545,0,11/10/2025 15:25
Memdex100,MEMDEX,0.002023711,0.33635907,13.88202364,0,120676.2645,0,11/10/2025 15:25
OrbitEdge,ORBD,0.244837278,-9.2328477,24.21712383,0,120582.6573,0,11/10/2025 15:25
PEPECOIN,PEP,0.000310548,-22.55861141,-21.0938598,0,120578.8529,0,11/10/2025 15:25
Solaris AI,SOLARIS,0.000281014,0.43205613,6.71590304,0,120417.8414,0,11/10/2025 15:25
Lyvely,LVLY,0.021359308,0.17274306,0.19196895,0,120031.063,0,11/10/2025 15:25
Lympid,LYP,0.016847914,2.96310338,-9.4439437,0,119672.8114,0,11/10/2025 15:25
AInalyst,AIN,0.000850617,4.85053588,-16.04114996,0,119398.6808,0,11/10/2025 15:25
AxonDAO Governance Token,AXGT,0.035685201,0.83153875,-1.70957581,0,119109.3414,0,11/10/2025 15:25
Enegra (EGX),EGX,190.7705355,0.11318509,-0.25116572,0,117116.2905,0,11/10/2025 15:25
Amnis Finance,AMI,0.025258628,0.68749097,26.18845294,0,116770.8141,0,11/10/2025 15:25
TUTUT COIN,TUTC,0.000193929,0.10775421,-3.9842945,0,116756.3846,0,11/10/2025 15:25
MAGA Trump,MAGATRUMP,0.082990957,-1.77685885,-4.35096365,0,116640.658,0,11/10/2025 15:25
Bitcoin TRC20,BTCT,105433.7342,1.17927389,-1.46109913,0,116441.7406,0,11/10/2025 15:25
ALF Token,ALF,1.85E-08,37.79821777,33.0425002,0,116186.62,0,11/10/2025 15:25
Hyperbridge,BRIDGE,0.028830584,2.82294345,-4.42506767,0,116070.9901,0,11/10/2025 15:25
Abey,ABEY,0.052427507,-4.99430359,-20.36365562,0,115036.9337,0,11/10/2025 15:25
Octavia AI,VIA,0.012277347,-11.00773186,13.67251576,0,114628.2313,0,11/10/2025 15:25
OSK,OSK,97.37645636,9.05227237,24.24287447,0,114263.3661,0,11/10/2025 15:25
STO CHAIN,STOC,0.177371913,0.71441276,17.70582414,0,113841.8344,0,11/10/2025 15:25
ProBit Token,PROB,0.032143025,-4.7921712,-11.85299758,0,113482.6176,0,11/10/2025 15:25
Archway,ARCH,0.002655563,0.25686826,0.20013841,0,112945.1227,0,11/10/2025 15:25
EurocoinToken,ECTE,0.086914445,3.92123657,-0.65278338,0,112862.7081,0,11/10/2025 15:25
OBI Real Estate,OBICOIN,0.013532572,-1.79771328,-2.33157387,0,112002.6797,0,11/10/2025 15:25
Fiboard,FBD,0.230232704,-11.23206183,-11.00014071,0,111957.9655,0,11/10/2025 15:25
PrivateAI,PGPT,0.002501051,-6.56790866,-59.20029316,0,111907.1707,0,11/10/2025 15:25
TEH EPIK DUCK,EPIK,0.002112552,-5.52801593,4.91776509,0,111314.4537,0,11/10/2025 15:25
DiemLibre,DLB,6.65E-05,2.5504897,4.27122368,0,110981.8002,0,11/10/2025 15:25
Loop Network,LOOP,0.013461656,-0.72599141,2.93317825,0,109865.5135,0,11/10/2025 15:25
Rabi,RABI,0.000608993,2.78829802,10.13882758,0,109598.3034,0,11/10/2025 15:25
Hello Puppy,BOB,3.13E-06,-4.45493229,-9.25110265,0,109101.5223,0,11/10/2025 15:25
Riser,RIS,0.010725625,-1.078061,-18.79952822,0,108851.5807,0,11/10/2025 15:25
NuLink,NLK,0.000772788,14.35734863,-0.89290165,0,108843.3809,0,11/10/2025 15:25
VOLT,XVM,0.003025282,3.63241055,13.68177261,0,107795.885,0,11/10/2025 15:25
Aviator,AVI,0.000491721,0.7712538,-24.30019937,0,108392.2867,0,11/10/2025 15:25
Project89,PROJECT89,9.31E-05,-0.2522358,-1.9332962,0,108226.3533,0,11/10/2025 15:25
Gather,GAT,0.560584098,5.9102899,21.28210594,0,107983.3681,0,11/10/2025 15:25
t3rn,TRN,0.009339048,-1.67915592,-14.68819578,0,107843.4409,0,11/10/2025 15:25
ThetaDrop,TDROP,0.0008473,-89.78731926,6.15523029,0,107602.5456,0,11/10/2025 15:25
DAYSTARTER,DST,0.088996621,-3.43024963,-32.91093037,0,107507.6248,0,11/10/2025 15:25
Global Virtual Coin,GVC,0.015259348,1.40087339,25.86673883,0,107095.5479,0,11/10/2025 15:25
MUSD,MUSD,0.990214219,0.00396009,-0.29297942,0,106796.9313,0,11/10/2025 15:25
IXFI,IXFI,0.007650155,7.41128912,-21.60537546,0,106490.0313,0,11/10/2025 15:25
[Fake] Wrapped COINBASE,COIN,1.56E-05,-9.0620754,-98.14379778,0,106296.8831,0,11/10/2025 15:25
ExchangeCoin,EXCC,0.062724093,3.3521728,22.24564128,0,105785.202,0,11/10/2025 15:25
Tipcoin,TIP,1.56E-05,-8.53446696,-14.83701124,0,105428.9733,0,11/10/2025 15:25
LocaGo,LCG,0.000148303,0.99121167,-1.6409158,0,104965.1781,0,11/10/2025 15:25
Glidr,GLIDR,1.159121521,-1.65665612,-1.73134229,0,103645.0539,0,11/10/2025 15:25
Luminous,LUM,0.829062291,-6.88688717,-4.32338357,0,103261.0509,0,11/10/2025 15:25
UBU,UBU,0.013050088,-0.94306352,-3.82295962,0,103222.5931,0,11/10/2025 15:25
PumpMeme,PM,1.135911062,0.34821972,0.37146816,0,102309.9173,0,11/10/2025 15:25
ParallelAI,PAI,0.056926942,2.65398101,-9.51442951,0,106182.0452,0,11/10/2025 15:25
RWAX,APP,0.000929469,12.98368263,11.03011844,0,102357.3167,0,11/10/2025 15:25
GoldBrick,GBCK,0.007723156,-37.92183258,-12.11713409,0,102269.2993,0,11/10/2025 15:25
CogniToken,COG,1.513281572,-28.64719298,-42.62407789,0,101522.5448,0,11/10/2025 15:25
Pop Social,PPT,0.014614001,-2.79111753,-21.41138808,0,100557.9359,0,11/10/2025 15:25
krest Network,KREST,0.005060103,0.36642793,11.96615101,0,100500.9571,0,11/10/2025 15:25
Australian Safe Shepherd,ASS,1.12E-09,-1.07831543,-1.91155225,0,100377.7931,0,11/10/2025 15:25
Camelot Token,GRAIL,293.1933909,-3.76731793,42.14632167,0,100297.9996,0,11/10/2025 15:25
KOLZ,KOLZ,1.04E-05,-0.03699663,-32.45822834,0,100207.6817,0,11/10/2025 15:25
GVNR,GVNR,0.253005126,-0.00165318,-11.55417641,0,100037.7884,0,11/10/2025 15:25
HBARX,HBARX,0.259927949,-12.09649134,-12.09649134,0,99545.56447,0,11/10/2025 15:25
Budbo Token,BUBO,0.029371415,-2.50444269,-17.98363016,0,99511.48039,0,11/10/2025 15:25
MATAR AI,MATAR,0.063588706,1.0912033,-0.78818173,0,99012.95597,0,11/10/2025 15:25
Resistance Dog,REDO,0.047820828,-3.87174716,7.6498269,0,98905.81358,0,11/10/2025 15:25
Genghis Khan Max Fe Coin,MFC,0.110185248,-0.55611605,0.86568774,0,98876.43706,0,11/10/2025 15:25
Gold Standard,BAR,0.666950656,10.34551833,4.87542246,0,98664.73371,0,11/10/2025 15:25
Olympus v2,OHM,21.25616722,-0.82656384,1.48590385,0,98243.42476,0,11/10/2025 15:25
DucatusX,DUCX,0.007072612,-0.04994115,-0.65028336,0,96927.21659,0,11/10/2025 15:25
aUSDT,aUSDT,0.999743146,-0.0342588,-0.03943828,0,96808.77115,0,11/10/2025 15:25
KiteAI,KITEAI,1.41E-07,1.23275629,4.22344208,0,96015.72669,0,11/10/2025 15:25
BabySNEK,BBSNEK,2.07E-05,-4.45704826,21.92377973,0,95443.76337,0,11/10/2025 15:25
QuStream,QST,0.011315319,-2.81698294,-0.94506888,0,95027.85426,0,11/10/2025 15:25
Centurion Invest,CIX,0.002439567,-1.64052336,-3.02863419,0,94574.90159,0,11/10/2025 15:25
Probinex,PBX,0.0100537,0.4675547,-4.10420079,0,93897.35559,0,11/10/2025 15:25
#1 Tiktok Squirrel,PEANUT,0.000244956,0.38336107,2.0844514,0,93381.71394,0,11/10/2025 15:25
Aurix,AUR,0.402813956,0.59361478,-0.67493015,0,93209.15642,0,11/10/2025 15:25
Celo Brazilian Real,CREAL,0.188576871,0.28895996,1.12023218,0,92949.92676,0,11/10/2025 15:25
RECON,RECON,0.012931951,-0.13239777,23.88327118,0,92006.11324,0,11/10/2025 15:25
DefiTuna,TUNA,0.069545327,4.2813257,16.04996332,0,91257.31522,0,11/10/2025 15:25
TOMCoin,TOM,0.000237005,-4.46441824,-21.24892019,0,91514.98933,0,11/10/2025 15:25
BoxBet,BXBT,0.016513662,0.24407306,-0.72209948,0,91446.04968,0,11/10/2025 15:25
Fishwar,FISHW,1.94E-05,0.2399075,-2.77925727,0,91338.07163,0,11/10/2025 15:25
MULTIVERSE MONKEY,MMON,0.001916437,-36.85738369,-12.16448288,0,90800.26064,0,11/10/2025 15:25
Bitcoin Bull,BTCBULL,0.00043841,3.65259596,-13.8058916,0,90708.03349,0,11/10/2025 15:25
TAIX,TAIX,0.000101259,-7.19665014,-20.19887243,0,90690.79207,0,11/10/2025 15:25
Pre-retogeum,PRTG,7.828558619,191.3745773,62.12332601,0,90596.14537,0,11/10/2025 15:25
Human,HMT,0.010661427,11.96973786,13.34398448,0,89887.37925,0,11/10/2025 15:25
STAX Token,STAX,0.007058746,0.54156769,1.86753318,0,88936.10018,0,11/10/2025 15:25
Tell A Tale,TAT,0.000878385,-6.92723848,12.71010396,0,88834.19657,0,11/10/2025 15:25
Carbon Capture,CCO2,12.02053513,-0.02257335,-0.02852619,0,88656.99941,0,11/10/2025 15:25
OnTact,ONTACT,0.03748993,5.61047495,-7.3286888,0,88590.87563,0,11/10/2025 15:25
Day By Day,DBD,0.003797983,0.58277087,0.69089468,0,88425.79385,0,11/10/2025 15:25
Beraborrow,POLLEN,0.009513963,-17.63250627,6.3887021,0,88213.2927,0,11/10/2025 15:25
Salamanca,DON,0.000423872,-0.38557429,-7.42985149,0,88139.77511,0,11/10/2025 15:25
AlphBanX,ABX,0.030280614,-5.7007181,-11.42086458,0,86934.9926,0,11/10/2025 15:25
Causecoin,CAUSE,0.143751386,3.24986194,37.42419236,0,86739.48879,0,11/10/2025 15:25
Torus (torus.network),TORUS,0.151660405,38.21216209,37.47231345,0,86738.14163,0,11/10/2025 15:25
meme (Ordinals),MEME,0.001662772,0.39859122,20.42028684,0,86244.91669,0,11/10/2025 15:25
Capybara Nation,BARA,4.73E-07,5.21301214,4.54912907,0,86224.09845,0,11/10/2025 15:25
JFIN Coin,JFIN,0.104631074,-4.75088042,-5.25163897,0,85836.29213,0,11/10/2025 15:25
EnviDa,EDAT,0.031635666,0.83647566,5.46693057,0,85367.09523,0,11/10/2025 15:25
Terraport,TERRA,0.003997081,-2.77883661,-11.47725306,0,85302.12952,0,11/10/2025 15:25
DRESSdio,DRESS,0.014365194,0.39532071,-63.56816877,0,84920.37937,0,11/10/2025 15:25
Thetanuts Finance,NUTS,0.001533238,-0.00414488,0.72550041,0,84710.95132,0,11/10/2025 15:25
[Fake] Test (testtoken.me),TST,7.70E-05,306.4758735,253.9845631,0,84579.48712,0,11/10/2025 15:25
Spore.fun,SPORE,0.000642902,8.59412598,45.66221543,0,84313.35224,0,11/10/2025 15:25
Catana,CATANA,0.000238959,25.48606137,32.82898526,0,82498.05523,0,11/10/2025 15:25
Genesys,GSYS,0.032476073,6.10805551,-17.08295636,0,82413.56648,0,11/10/2025 15:25
botXcoin,BOTX,0.408957768,12.95085043,36.74780507,0,81787.37835,0,11/10/2025 15:25
FAUNUS,FNS,0.001611714,-1.9143357,-2.25181439,0,81646.86733,0,11/10/2025 15:25
Ness LAB,NESS,0.04217251,-0.4697701,0.44423692,0,81449.52198,0,11/10/2025 15:25
Content Bitcoin,CTB,355.9572103,-0.12950827,0.02669219,0,81376.59172,0,11/10/2025 15:25
Everybody Holds,HOLD,0.000352072,17.11948074,22.87901344,0,80871.32945,0,11/10/2025 15:25
Reflect,RFL,0.042413222,-10.14459036,2.65080948,0,80283.02921,0,11/10/2025 15:25
Regent of the North Winds,REGENT,0.000127871,-6.12757018,-14.17724329,0,80600.61515,0,11/10/2025 15:25
4ART Coin,4ART,0.002169417,1.86029765,-4.83568801,0,80180.74348,0,11/10/2025 15:25
Sora,SORA,5.04E-05,0.38064529,0.07166407,0,80167.38326,0,11/10/2025 15:25
Polytrader by Virtuals,POLY,0.000521864,0.40973344,-11.88523961,0,80028.59243,0,11/10/2025 15:25
IncomRWA,IRWA,0.019160175,1.77183129,3.78988498,0,79748.47056,0,11/10/2025 15:25
Tether USD Bridged ZED 2.0,USDT.Z,0.995570693,0,1.11288174,0,79290.45164,0,11/10/2025 15:25
Pond Coin,PNDC,6.03E-08,2.40178697,-16.30398906,0,79003.99963,0,11/10/2025 15:25
Duck AI,DUCKAI,0.000281738,-3.09471466,16.27065151,0,78807.56975,0,11/10/2025 15:25
Devomon,EVO,0.000115566,2.17667008,-0.20581305,0,78731.15783,0,11/10/2025 15:25
Prefrontal Cortex Convo Agent by Virtuals,CONVO,0.002807733,-2.55712309,-5.58658559,0,78724.75299,0,11/10/2025 15:25
Nyan Cat (nyancoin.io),NYAN,0.001238808,-10.59884435,-13.88545759,0,78713.67378,0,11/10/2025 15:25
TurtSat,TURT,0.000196242,11.03095376,26.07562028,0,78520.41868,0,11/10/2025 15:25
Nigella Coin,NIGELLA,0.244104946,-0.51932611,1.6362208,0,78455.02224,0,11/10/2025 15:25
Furmula,FURM,0.000192958,0.36278233,-7.20939028,0,78445.40253,0,11/10/2025 15:25
U Coin,U,0.005320433,-2.57173363,-14.47189539,0,78365.12139,0,11/10/2025 15:25
HEX,HEX,0.001649178,-0.74351701,2.77823348,0,78300.20442,0,11/10/2025 15:25
TrustFi Network,TFI,0.004120403,-1.69647126,-1.49662758,0,78010.11781,0,11/10/2025 15:25
HyperLend,HYPERLEND,0.414643091,-1.19374169,2.93704599,0,77964.3771,0,11/10/2025 15:25
Bobaoppa,BOBAOPPA,0.000201009,20.44859086,6.43541238,0,77766.50059,0,11/10/2025 15:25
Tracer,TRCR,0.005873608,4.07587561,3.950295,0,77750.51009,0,11/10/2025 15:25
Brainedge,LEARN,0.013420272,1.02362036,0.39123007,0,76748.60938,0,11/10/2025 15:25
Memetic / PepeCoin,MEME,0.001678757,1.79122443,21.3042434,0,76536.70963,0,11/10/2025 15:25
Satoxcoin,SATOX,1.03E-05,-5.99851476,-18.84766724,0,76530.69271,0,11/10/2025 15:25
Ponder,PNDR,0.00145973,7.7436329,10.60065151,0,76417.29262,0,11/10/2025 15:25
Hyper Pay,HPY,0.000306748,-0.70675423,1.37151985,0,76155.49383,0,11/10/2025 15:25
Kibho Coin,KBC,0.032465414,-3.42506417,-10.52165107,0,76042.51675,0,11/10/2025 15:25
PlasticHero,PTH,0.03411667,10.92784929,4.11591842,0,76016.62153,0,11/10/2025 15:25
bitFloki,BFLOKI,2.41E-07,0.01217165,-0.35656944,0,75388.61838,0,11/10/2025 15:25
Sixpack Miner,SIXP,0.01262183,11.2460265,-12.2185636,0,75165.8021,0,11/10/2025 15:25
Bird Dog,BIRDDOG,2.07E-06,0.60288068,-2.64036217,0,75087.76697,0,11/10/2025 15:25
SingularityNET,AGIX,0.15253211,0.35220902,53.08679412,0,74776.6044,0,11/10/2025 15:25
SophiaVerse,SOPH,0.001546407,2.5273587,7.62085268,0,74500.86435,0,11/10/2025 15:25
Sender,ASI,0.002509322,-0.72449489,0.26359908,0,74474.74394,0,11/10/2025 15:25
THORSwap,THOR,0.082030962,0.8777677,5.21959443,0,74455.88934,0,11/10/2025 15:25
Ceylon,RS,1.08E-06,4.54480581,2.21314387,0,74071.26234,0,11/10/2025 15:25
Snorter,SNORT,0.039135878,-9.1197237,28.87442881,0,73687.65761,0,11/10/2025 15:25
fBomb,BOMB,0.028953054,-0.2470586,3.95394273,0,73362.62119,0,11/10/2025 15:25
Swing.xyz,SWING,0.000102222,0.31735221,-6.97351816,0,73050.01651,0,11/10/2025 15:25
Dark Machine,MXNA,0.004685688,3.95416256,-4.12440903,0,72758.63547,0,11/10/2025 15:25
Ovato,OVATO,0.704810678,-0.27052536,0.0564329,0,72655.50499,0,11/10/2025 15:25
Egg N Partners,EGGT,0.407486804,-0.57183894,-10.44350316,0,72619.41989,0,11/10/2025 15:25
lmeow,LMEOW,0.004139334,3.96590332,-11.73504844,0,72220.45918,0,11/10/2025 15:25
Kangamoon,KANG,0.000245712,-2.36716273,-0.63239492,0,72129.72664,0,11/10/2025 15:25
OnePiece,1PIECE,0.00041573,-2.77711868,4.81403389,0,72126.63146,0,11/10/2025 15:25
Loud,LOUD,0.00285357,64.96395683,93.02365298,0,72115.81387,0,11/10/2025 15:25
Hypha Staked AVAX,stAVAX,20.43400829,0.71134241,6.82331043,0,71960.41233,0,11/10/2025 15:25
Magic Internet Money,MIM,1.000840776,0.14136506,0.04520902,0,71701.03048,0,11/10/2025 15:25
X2Y2,X2Y2,0.001599781,-1.25172203,-1.84024518,0,71531.49738,0,11/10/2025 15:25
Satoshi AI agent by Virtuals,SAINT,0.000302517,1.25103465,-4.07640916,0,71483.28692,0,11/10/2025 15:25
UAHg,UAHG,0.023434928,0.33686747,-0.25500048,0,71389.58629,0,11/10/2025 15:25
AI Fortuna,FUSD,0.078825224,0.29078068,0.31715337,0,71430.59363,0,11/10/2025 15:25
HarvestAI,BTH,0.000847017,-56.07114573,-72.67425798,0,71253.32964,0,11/10/2025 15:25
Divergence,DIVER,0.0090817,4.09406991,-2.45544056,0,71235.47761,0,11/10/2025 15:25
BJustCoin,BJC,4.080175351,-0.08193843,-0.61220327,0,71217.93565,0,11/10/2025 15:25
Sanko GameCorp,DMT,3.615374334,-2.30929561,1.86833759,0,71171.77441,0,11/10/2025 15:25
Open Exchange Token,OX,5.14E-05,-0.41968166,-16.84174952,0,71120.01107,0,11/10/2025 15:25
Vera,VERA,0.000110985,-0.02401259,-10.48364698,0,70916.99775,0,11/10/2025 15:25
ReflectionAI,RECT,0.000750539,7.59253736,4.08942735,0,70444.03528,0,11/10/2025 15:25
Tap Protocol,TAP,0.3232587,-2.32536278,-8.55712756,0,70374.73884,0,11/10/2025 15:25
Merit,SN73,1.292942655,-0.19512474,-11.28410443,0,70226.34107,0,11/10/2025 15:25
BOMET,BOMET,0.000458557,-3.15902267,12.15854939,0,69628.44891,0,11/10/2025 15:25
Bnb Tiger Inu,BNBTIGER,4.15E-12,-1.42473146,-0.29074501,0,69092.52675,0,11/10/2025 15:25
Immortal Token,IMT,0.003460281,0.1564469,24.58717644,0,68777.71381,0,11/10/2025 15:25
SatoshiVM,SAVM,0.074910248,-2.27042379,-5.78152537,0,68671.40306,0,11/10/2025 15:25
Real Nigger Tate,RNT,0.001333874,1.43738706,8.92944259,0,68579.38188,0,11/10/2025 15:25
ChessCoin,CHESS,0.043991388,-2.24495665,10.00368608,0,68555.03904,0,11/10/2025 15:25
Army,ARMY,0.001540757,28.73882071,48.81995803,0,68377.02954,0,11/10/2025 15:25
Tribe,TRIBE,0.539026397,1.46655812,-5.02985459,0,67937.44249,0,11/10/2025 15:25
FIGHT TO MAGA,FIGHT,0.000367008,7.23922466,-4.59029253,0,67149.86994,0,11/10/2025 15:25
DexNet,DEXNET,0.019949507,3.7859672,-0.80801468,0,67121.53757,0,11/10/2025 15:25
Mountain Protocol,USDM,1.004921284,0.71341535,1.03792994,0,66811.23107,0,11/10/2025 15:25
DOGO,DOGO,1.71E-07,-95.57844557,-95.75318469,0,66718.95741,0,11/10/2025 15:25
Pig Finance,PIG,2.29E-08,-0.37485144,-0.13894205,0,66465.3144,0,11/10/2025 15:25
Anzen Finance (USDZ),USDZ,0.988534862,-0.26846353,0.45156364,0,65879.11364,0,11/10/2025 15:25
LUSD,LUSD,0.999844502,-0.03105733,0.05707221,0,65629.79206,0,11/10/2025 15:25
Proprietary Trading Network,SN8,11.25027097,-1.64381451,-16.00308023,0,65456.57692,0,11/10/2025 15:25
PEPEGOLD,PEG,131.8109707,1.3837206,2.18460092,0,65443.18736,0,11/10/2025 15:25
Undead Blocks,UNDEAD,0.002268956,-0.95010065,-13.06109823,0,65366.5306,0,11/10/2025 15:25
ITC,ITC,0.00270329,-0.47005707,-1.60463363,0,65331.45612,0,11/10/2025 15:25
Liberland Dollar,LLD,1.224182381,1.9759279,-3.51602531,0,65285.19426,0,11/10/2025 15:25
xx network,XX,0.010314566,-2.3411754,-5.37157991,0,65231.61428,0,11/10/2025 15:25
Thunder Brawl,THB,0.030535493,0.30239296,-1.80618167,0,65153.73436,0,11/10/2025 15:25
LAKE,LAK3,0.199160762,6.89712484,1.77609825,0,65017.91616,0,11/10/2025 15:25
Viral Inu,VINU,1.04E-08,0.29058565,8.12558439,0,64927.89513,0,11/10/2025 15:25
Bunnie,BUNNIE,0.000387317,1.15982515,11.98844324,0,64722.24567,0,11/10/2025 15:25
OpenPad AI,OPAD,0.001494414,-0.91664375,-23.1559138,0,64680.79892,0,11/10/2025 15:25
EarthByt,EBYT,2.34E-09,-0.54296288,-7.47067394,0,64603.73879,0,11/10/2025 15:25
Hydro Protocol,HOT,0.000659871,0.5863632,14.78645504,0,64596.28479,0,11/10/2025 15:25
TPRO Network,TPRO,0.001613897,-1.05152346,3.40808167,0,64250.05533,0,11/10/2025 15:25
FluidTokens,FLDT,0.178581457,1.45000737,6.09665085,0,63916.80446,0,11/10/2025 15:25
Qitmeer Network,MEER,0.004123084,-3.10879957,-4.49956192,0,63728.0243,0,11/10/2025 15:25
VNX British Pound,VGBP,1.316357373,-0.10148404,-0.38926587,0,63682.11163,0,11/10/2025 15:25
MISATO,MISATO,0.00023388,-16.75073086,43.08902115,0,63579.19839,0,11/10/2025 15:25
Wall Street Baby,WSB,4.21E-09,0.53911863,-10.03199138,0,63090.05263,0,11/10/2025 15:25
Alien Base,ALB,0.027485052,-1.25575796,-10.01756665,0,62489.17462,0,11/10/2025 15:25
AVAX HAS NO CHILL,NOCHILL,0.001391425,4.70217959,21.19746771,0,62356.54052,0,11/10/2025 15:25
Mumu,MUMU,8.63E-10,10.30131063,7.89868149,0,62331.808,0,11/10/2025 15:25
DEX223,D223,0.000163971,1.3312487,6.76206254,0,62246.27624,0,11/10/2025 15:25
UCX,UCX,0.021707697,0.65960878,-2.54301696,0,61849.70074,0,11/10/2025 15:25
NAWS.AI,NAWS,0.002589444,-1.94865202,-4.8067119,0,61843.16879,0,11/10/2025 15:25
FPIBANK,FPIBANK,0.001820947,32.08345182,22.07361736,0,61821.91757,0,11/10/2025 15:25
Conan,CONAN,0.005369531,-9.34381751,7.99027837,0,61625.43142,0,11/10/2025 15:25
FERMA SOSEDI,FERMA,0.03815875,1.07368797,-0.99219705,0,61505.71846,0,11/10/2025 15:25
Broccoli(broccolicoin.me),BROCCOLI,0.000756533,292.4784857,20.84070268,0,61219.43559,0,11/10/2025 15:25
Tongtongcoin,TTC,0.019469461,3.91121873,-50.84256963,0,61177.22694,0,11/10/2025 15:25
bitcastle Token,BCE,0.077268566,4.77971463,41.5084412,0,60976.78597,0,11/10/2025 15:25
OrdzGames,GAMES,0.026694268,1.15656579,-2.90161877,0,60403.55964,0,11/10/2025 15:25
Anita AI,ANITA,0.00096186,2.70799513,-14.25231328,0,60436.47522,0,11/10/2025 15:25
Victory Gem,VTG,0.000181961,-0.18244563,3.32058017,0,60254.97321,0,11/10/2025 15:25
Wagmi,WAGMI,0.002720317,4.34864234,60.27113793,0,60238.60832,0,11/10/2025 15:25
Orby Network (USC),USC,1.022017623,0.01330003,2.50625568,0,59899.31775,0,11/10/2025 15:25
BovineVerse Token,BVT,0.095586906,25.26480204,-26.2519625,0,59820.91015,0,11/10/2025 15:25
Mobipad,MBP,0.0740215,7.66417682,9.49967037,0,59718.06518,0,11/10/2025 15:25
Gold Fever,NGL,0.00488431,7.04337443,7.31945963,0,59619.51396,0,11/10/2025 15:25
QBX,QBX,0.003521915,-11.25517171,1.35334766,0,59071.34315,0,11/10/2025 15:25
Bitcoin Limited Edition,BTCLE,128.8909902,-0.30026217,0.30570778,0,58978.21239,0,11/10/2025 15:25
Based Fartcoin,FARTCOIN,6.70E-05,-2.05493982,-30.07685245,0,58817.48544,0,11/10/2025 15:25
Bit2Me,B2M,0.013837029,-0.0179112,-4.1427739,0,58372.72428,0,11/10/2025 15:25
Baby Fwog,BABYFWOG,0.000184875,-4.20626593,7.33876268,0,58147.91289,0,11/10/2025 15:25
Pi INU 100x,PINU100X,1.25E-05,1.65057497,1.87341926,0,58136.6888,0,11/10/2025 15:25
GenomesDao,GENOME,0.002173318,12.40099206,13.47019187,0,58059.04349,0,11/10/2025 15:25
tobi,TOBI,0.000210441,2.10818485,3.58433801,0,57962.80188,0,11/10/2025 15:25
Agoric,BLD,0.00849806,-5.41601764,8.11483743,0,57524.81692,0,11/10/2025 15:25
Store of Value,VAL,0.000540088,0.54835179,-8.06164245,0,57358.55313,0,11/10/2025 15:25
Lamina1,L1,0.004384384,-11.73859168,-7.26491768,0,57248.28025,0,11/10/2025 15:25
SafeMars,SMARS,6.62E-09,-0.36100551,-5.58489699,0,57150.94966,0,11/10/2025 15:25
Nummus Aeternitas,NUMMUS,0.007700686,0.43210996,-11.05719247,0,57115.91381,0,11/10/2025 15:25
Fusaka,FUSAKA,3.82E-06,10.82439997,28.46413958,0,57092.12508,0,11/10/2025 15:25
BTCs (Ordinals),BTCS,0.309954452,66.95032806,880.3676985,0,57079.74901,0,11/10/2025 15:25
XPX,XPX,1.04E-05,1.24142083,1.44854191,0,57041.85067,0,11/10/2025 15:25
QF Network,QF,1.175556645,-6.05325605,10.01542231,0,56730.69048,0,11/10/2025 15:25
Moongate,MGT,0.000342371,-1.40438745,-5.91802779,0,56497.78454,0,11/10/2025 15:25
GROYPER (groyperarmy.com),GROYPER,0.000951185,28.02854054,100.6597096,0,56567.06727,0,11/10/2025 15:25
IceCream AI,ICECREAM,0.007850395,-0.55226222,-2.76048214,0,56373.27029,0,11/10/2025 15:25
BMAX,BMAX,0.023945747,-3.95159991,-4.58951154,0,56330.1124,0,11/10/2025 15:25
AssangeDAO,JUSTICE,3.68E-05,0.76247267,-19.20984101,0,56324.92166,0,11/10/2025 15:25
SALVIUM,SAL,0.069477018,1.855347,-10.55508103,0,56227.97365,0,11/10/2025 15:25
Lair Finance,LAIR,0.002251508,1.14950328,1.82631083,0,56171.14591,0,11/10/2025 15:25
LEOX,LEOX,0.031595667,3.47559231,-9.44335226,0,56167.50829,0,11/10/2025 15:25
Icy,IC,1.94E-05,-0.43761433,39.34721646,0,56100.27121,0,11/10/2025 15:25
LANDWOLF (AVAX),WOLF,1.06E-06,2.53640311,0.80128236,0,56080.14229,0,11/10/2025 15:25
mfercoin,$mfer,0.004067422,-7.22885951,22.64726238,0,56059.01178,0,11/10/2025 15:25
Project MIRAI,MIRAI,0.001479498,0.070458,-9.23993149,0,55852.96148,0,11/10/2025 15:25
Bitcoin 2.0,BTC2.0,0.028428107,1.52467264,0.81789213,0,55643.16334,0,11/10/2025 15:25
Revuto,REVU,0.003874827,1.42069271,8.25973288,0,55412.68316,0,11/10/2025 15:25
PRIVATEUM GLOBAL,PRI,4.052896863,1.16921922,9.65264898,0,55325.94261,0,11/10/2025 15:25
ROCK,ROCK,5.40E-05,-1.4868379,-2.353862,0,55170.31691,0,11/10/2025 15:25
XRP ARMY,ARMY,0.012222028,16.81471484,20.51103327,0,54952.01689,0,11/10/2025 15:25
TROPPY,TROPPY,7.40E-08,-2.26918008,-11.1642435,0,54602.0287,0,11/10/2025 15:25
monkeyhaircut,MONK,0.000186804,1.95545243,-22.89365678,0,54601.29701,0,11/10/2025 15:25
Jumoney,JUM,0.001533112,1.64995044,-4.01650253,0,54580.34024,0,11/10/2025 15:25
Pugg,PUGG,4.84E-05,5.09788516,5.96212249,0,54056.80188,0,11/10/2025 15:25
Kasper the Ghost of Kaspa,KASPER,2.28E-05,-4.56330571,-3.59559233,0,53613.77014,0,11/10/2025 15:25
Gamer Arena,GAU,0.000372907,0.29062453,-6.8755851,0,53542.61639,0,11/10/2025 15:25
EtherFloki,EFLOKI,3.41E-07,-0.23836874,-2.59498751,0,53391.96576,0,11/10/2025 15:25
Nova finance,NOVA,0.003958752,-0.67489448,-2.00472698,0,53378.29946,0,11/10/2025 15:25
Floxypay,FXY,0.017988805,-0.24321604,-0.30742531,0,52927.23179,0,11/10/2025 15:25
Shisha Coin,SHISHA,1.097556711,0.42717948,1.40403454,0,52872.03106,0,11/10/2025 15:25
AI Network,AIN,0.010926013,-0.27852208,-5.54720304,0,52862.57687,0,11/10/2025 15:25
Based Blu Alien,BLU,1.33E-05,-2.94301953,-2.91946511,0,52850.5973,0,11/10/2025 15:25
Max on ETH,MAXETH,4.79E-07,3.09467205,-25.00831391,0,52766.82688,0,11/10/2025 15:25
Hydro Protocol,HDRO,0.005500449,9.03982611,5.73548717,0,52709.07564,0,11/10/2025 15:25
Tonstakers,TSTON,2.279917986,-0.42624817,4.07132549,0,52634.07717,0,11/10/2025 15:25
INVITE Token,INVITE,0.002366492,-2.84991617,-10.06000109,0,52634.10031,0,11/10/2025 15:25
Silentis,SILENTIS,5.25E-05,-9.04968538,-16.3153498,0,52490.15236,0,11/10/2025 15:25
FurGPT,FGPT,0.001121645,-9.76883891,-9.68856528,0,52486.34601,0,11/10/2025 15:25
BARK,BARK,1.32E-05,1.51407952,0.76361091,0,52417.44013,0,11/10/2025 15:25
Hachi On Base,HACHI,4.50E-05,7.7067924,-17.76654686,0,52430.99784,0,11/10/2025 15:25
NikePig,NIKEPIG,0.001382811,-0.24041084,-10.4485832,0,52228.13051,0,11/10/2025 15:25
DoubleUp,UP,0.637169758,18.66773442,31.78849569,0,52119.80838,0,11/10/2025 15:25
Snapmuse.io,SMX,0.001309011,-1.05383569,-2.5969865,0,52172.89689,0,11/10/2025 15:25
BURT,BURT,0.00017248,-6.54808431,-35.93352579,0,52076.59999,0,11/10/2025 15:25
Pontoon,TOON,1.90E-05,0.50496088,0.00025023,0,51829.28203,0,11/10/2025 15:25
Baby BFT,BBFT,0.000976078,-6.2174153,16.24253855,0,51783.06062,0,11/10/2025 15:25
Ross Ulbricht,ROSS,6.90E-05,-2.71209953,-1.45072453,0,51727.54264,0,11/10/2025 15:25
Qitcoin,QTC,0.046845586,-2.99817238,-6.8481682,0,51450.96241,0,11/10/2025 15:25
CUTTLEFISHY,CUUT,1.24E-05,-0.82382049,-9.48882461,0,51183.05436,0,11/10/2025 15:25
OFFICIAL TRUMP JR,TRUMPJR,1.31E-05,-1.97111048,-1.20537606,0,51168.16416,0,11/10/2025 15:25
NianNian,NIANNIAN,0.001753017,-0.35055529,-2.35446933,0,51136.00627,0,11/10/2025 15:25
Goku Super Saiyan,GOKU,0.000931268,-0.58789102,-4.03237033,0,51087.97838,0,11/10/2025 15:25
KONAN of Kaspa,KONAN,2.56E-06,3.84950584,-8.78397091,0,51054.96833,0,11/10/2025 15:25
PIZA (Ordinals),PIZA,0.017307629,-0.08173545,95.15268674,0,50970.11837,0,11/10/2025 15:25
Army of Fortune Gem,AFG,0.005249029,0.27155519,-17.7977834,0,50886.01399,0,11/10/2025 15:25
Hypurr Fun,HFUN,26.607013,-0.07045774,0.33706358,0,50921.26905,0,11/10/2025 15:25
GOATS,GOATS,5.40E-05,3.61700005,4.29844812,0,50888.05277,0,11/10/2025 15:25
Vyvo AI,VAI,2.044436903,-0.47100809,3.12882214,0,50791.0647,0,11/10/2025 15:25
Monkey,MONKEY,4.44E-10,15.67442647,10.52156474,0,50715.41244,0,11/10/2025 15:25
Sugar,SUGR,5.89E-05,-3.34090349,-36.57163818,0,50477.58675,0,11/10/2025 15:25
Ryo Currency,RYO,0.002678633,-1.24053457,-3.90937218,0,50340.37615,0,11/10/2025 15:25
TORA NEKO,TORA,0.000351952,1.41656359,0.00025023,0,50320.90433,0,11/10/2025 15:25
Agentic Open Economy,AOE,0.00233615,-4.68143044,-6.15095692,0,51241.12759,0,11/10/2025 15:25
GM Holding,GM,7.49E-06,0.78333051,-2.85735585,0,50298.05177,0,11/10/2025 15:25
Hachiko,HACHI,4.93E-05,-0.42666746,-8.83846883,0,50096.98553,0,11/10/2025 15:25
little puff,PUFF,8.55E-07,-7.5464745,-30.80406875,0,49543.65028,0,11/10/2025 15:25
All Street Bets,BETS,1.43E-05,0.66563012,-13.85052119,0,49857.25077,0,11/10/2025 15:25
QToken,QTO,0.110572915,-0.19818962,-0.01387668,0,49795.36698,0,11/10/2025 15:25
Guanciale by Virtuals,GUAN,0.0003345,12.98833017,-5.8587075,0,49787.0989,0,11/10/2025 15:25
STASH INU,STASH,1.92E-05,-1.0546482,-19.94624075,0,49645.85837,0,11/10/2025 15:25
ADA,ADASOL,0.000227099,0.45010686,-18.38502791,0,49550.85849,0,11/10/2025 15:25
walter,WALTER,0.000435001,5.20157034,3.01403526,0,49538.33756,0,11/10/2025 15:25
RSIC•GENESIS•RUNE,RUNECOIN,0.000145495,21.36770476,76.43795413,0,49814.37507,0,11/10/2025 15:25
Stick,STICK,1.18E-05,2.58405664,-5.59976379,0,49223.43242,0,11/10/2025 15:25
Reform DAO,RFRM,0.01012635,-1.5533583,-6.26849495,0,49111.70176,0,11/10/2025 15:25
MuesliSwap MILK,MILK,0.140500754,-0.02401259,-0.10638259,0,49102.22381,0,11/10/2025 15:25
Neiro Inu,NEIROINU,1.90E-09,5.53020893,-0.00271531,0,49051.94635,0,11/10/2025 15:25
Sendor,SENDOR,6.38E-05,0.15058826,12.9756647,0,48969.80041,0,11/10/2025 15:25
xVTSN,XVTSN,34.38832282,-15.80200155,-24.87697392,0,48971.8289,0,11/10/2025 15:25
Web3War,FPS,0.015813564,-3.551059,-3.34454765,0,48805.60971,0,11/10/2025 15:25
DOPE Coin,DOPE,2.43E-05,-1.24323195,-7.25167632,0,48766.11608,0,11/10/2025 15:25
Euro Finance,EURC,0.999761399,-0.03864695,-0.04353982,0,48574.12952,0,11/10/2025 15:25
Wasder,WAS,3.50E-05,2.91645762,-14.65427643,0,48594.97704,0,11/10/2025 15:25
Mice (Ordinals),MICE,1.00E-04,-0.02401259,1.01035376,0,48496.23887,0,11/10/2025 15:25
Neurobro,BRO,0.003510995,10.23460237,5.1053366,0,48471.81693,0,11/10/2025 15:25
Ajna Protocol,AJNA,0.004247418,0.35294809,-4.26940072,0,48379.3591,0,11/10/2025 15:25
Hydrex,HYDX,0.296500022,-6.60318563,-23.76479621,0,48044.80822,0,11/10/2025 15:25
Donald Trump,TRUMP,4.80E-05,-5.90237654,-5.88092254,0,48251.61489,0,11/10/2025 15:25
Kinesis Gold,KAU,131.9901217,2.49284488,2.11201461,0,48215.62959,0,11/10/2025 15:25
Lily's Coin,LILY,0.00150956,-17.04409468,-20.53608975,0,48197.12896,0,11/10/2025 15:25
WOLF,WOLF,0.011926768,1.20654747,9.6004575,0,48197.21147,0,11/10/2025 15:25
Bald Eagle,EAGLE,6.10E-05,0.33985132,46.98918296,0,48099.89244,0,11/10/2025 15:25
Modulr,EMDR,5.305792207,-13.7254422,6.75206113,0,48075.29261,0,11/10/2025 15:25
CRYN,CRYN,1.058672012,-0.03993773,111.2476163,0,47883.32464,0,11/10/2025 15:25
Meme Man,MM,0.001364307,16.60328934,6.21346779,0,47886.58563,0,11/10/2025 15:25
Paragon Tweaks,PRGN,0.000365494,-2.92716207,-20.93925918,0,47692.07634,0,11/10/2025 15:25
STORAGENT,STORAGENT,1.61E-05,-6.41782574,-1.82902264,0,47676.21978,0,11/10/2025 15:25
GIOVE,GIOVE,0.767923725,1.49957008,6.55343989,0,47447.32734,0,11/10/2025 15:25
Betfin,BET,0.000617473,-0.39207115,-5.35233598,0,47147.91404,0,11/10/2025 15:25
Coloniume Network,CLNX,0.035274725,9.72387702,-2.43827726,0,47084.99738,0,11/10/2025 15:25
UGO Token,UGO,0.19056156,-6.45599417,24.37951349,0,47000.07542,0,11/10/2025 15:25
Lifinity,LFNTY,0.93408826,3.95300574,0.82418798,0,46725.28116,0,11/10/2025 15:25
Sophon (Atomicals),SOPHON,0.001055255,-0.22254647,-0.09441112,0,46698.90435,0,11/10/2025 15:25
MarioNawfal on X,MARIO,0.000319932,-0.01316507,-2.88529255,0,46638.59413,0,11/10/2025 15:25
Zik coin,ZIK,0.000174466,0.016954,2.24890915,0,46158.41811,0,11/10/2025 15:25
JennyCo,JCO,0.002154705,-3.21282441,-42.82288691,0,46133.4389,0,11/10/2025 15:25
Nexora,NEX,0.195610063,4.80949495,-6.79720257,0,46062.33622,0,11/10/2025 15:25
Animus,ANIMUS,0.000892011,-22.55482447,-20.44859872,0,45756.47733,0,11/10/2025 15:25
Canyont,CTYN,0.064051424,-0.51912892,-1.55656413,0,45450.87246,0,11/10/2025 15:25
FOGNET,FOG,0.016252138,1.68458985,9.22711572,0,45448.81641,0,11/10/2025 15:25
Decentralized Music Chain,DMCC,0.010912778,-11.42161948,34.21867734,0,45375.09603,0,11/10/2025 15:25
LAIKA The Cosmodog,LAIKA,9.40E-07,1.0961774,5.63671489,0,45253.98686,0,11/10/2025 15:25
Bloxwap,BLOXWAP,0.001151399,1.50592851,23.71189988,0,45209.51256,0,11/10/2025 15:25
AdLunam,LUNAM,0.006850139,-2.03253214,-11.93858867,0,45192.41245,0,11/10/2025 15:25
WLF PROJECT,WLF,0.001254777,-3.25898368,-5.86314862,0,45135.75406,0,11/10/2025 15:25
Health & Wealth,HEWE,0.000468517,1.16595815,7.62014078,0,44843.70763,0,11/10/2025 15:25
Snake wif Hat,SSSSS,4.20E-05,-4.57360049,-8.69278246,0,44816.87887,0,11/10/2025 15:25
Advanced Project,AUC,7.80E-05,-0.28802219,-23.29081381,0,44517.62932,0,11/10/2025 15:25
KelVPN,KEL,0.001791488,-6.59606306,11.46018929,0,44411.29104,0,11/10/2025 15:25
Mind of Pepe,MIND,0.000142531,1.54644779,-4.88641444,0,44093.46974,0,11/10/2025 15:25
Dark MAGA,DMAGA,0.000280281,27.9135706,9.87451398,0,44090.28588,0,11/10/2025 15:25
Qlindo,QLINDO,0.000445809,0.7152596,13.42575723,0,44039.76708,0,11/10/2025 15:25
MuziKoin,MZK,0.002475535,1.29997267,-6.8576286,0,43953.12202,0,11/10/2025 15:25
HILO,HILO,0.021514153,2.53731994,6.88211787,0,43773.32062,0,11/10/2025 15:25
Nuklai,NAI,0.000722779,-1.90703869,2.08044717,0,43718.02816,0,11/10/2025 15:25
Gluteus Maximus by Virtuals,GLUTEU,0.000379041,-0.08054449,-5.43382656,0,42887.22698,0,11/10/2025 15:25
Electric Cash,ELCASH,0.046007053,5.3172328,0.06249276,0,42457.50562,0,11/10/2025 15:25
Futurex,FTC,0.103975353,-5.40070506,3.98639008,0,42452.7197,0,11/10/2025 15:25
Dexalot,ALOT,0.111530586,-1.41449028,-14.33371998,0,42316.49188,0,11/10/2025 15:25
OWB,OWB,0.015612069,-2.96133857,449.3570397,0,42119.17561,0,11/10/2025 15:25
ALBETROS,ARS,5.47E-05,-1.09278403,-16.39188789,0,42029.04003,0,11/10/2025 15:25
WAGMI,WAGMI,0.001387458,34.16850957,60.1927988,0,41900.47907,0,11/10/2025 15:25
Petunia,PETUNIA,4.90E-05,2.83387296,-0.90416947,0,41834.76441,0,11/10/2025 15:25
PopDog,POPDOG,0.000321491,-9.53515456,-19.66879849,0,40802.2573,0,11/10/2025 15:25
Gekko HQ,GEKKO,1.40E-06,1.08303314,38.45115114,0,40795.25122,0,11/10/2025 15:25
Bitcoin Vault,BTCV,0.605368592,3.50509304,-1.4282372,0,40721.77297,0,11/10/2025 15:25
Santa,SANTA,0.01744992,1.5236918,-9.61200028,0,40674.22487,0,11/10/2025 15:25
MXNB,MXNB,0.054147676,0.30184484,0.32060368,0,40521.65876,0,11/10/2025 15:25
Mooncat,MOONCAT,0.000950731,-5.22051884,-34.6872833,0,40195.76587,0,11/10/2025 15:25
Web3Shot,W3S,7.90E-05,-10.80399122,-49.80076864,0,40188.02368,0,11/10/2025 15:25
Abble,AABL,0.000275363,53.2470185,69.97674287,0,39991.93805,0,11/10/2025 15:25
Saber,SBR,0.00090584,-0.30819146,3.47671731,0,39937.40849,0,11/10/2025 15:25
XenBitcoin,XBTC,443.2318078,35832.27985,309.0628646,0,39932.10503,0,11/10/2025 15:25
00 Token,0,0.007991125,-3.97734349,1.33724402,0,39814.22286,0,11/10/2025 15:25
Department of Gov Efficiency (deptofgovtefficiency.com),DOGE,0.024807311,21.212929,28.87669533,0,39608.64978,0,11/10/2025 15:25
Docs-Insights (Taτsu),SN84,0.951422485,-1.66768947,-27.62074187,0,39557.18301,0,11/10/2025 15:25
TRALA,TRALA,0.000849318,7.39004228,1.74391336,0,39478.50628,0,11/10/2025 15:25
Brazilian Digital Token,BRZ,0.187314645,0.74629135,0.90597383,0,39368.0343,0,11/10/2025 15:25
Litentry,LIT,0.229802628,-65.63281797,-1.60213191,0,41038.78674,0,11/10/2025 15:25
SatoshiDEX,SATX,3.67E-05,1.48580658,-7.81134739,0,38680.11196,0,11/10/2025 15:25
Gram,GRAM,0.002729308,-3.24856082,-0.35686227,0,37931.6587,0,11/10/2025 15:25
GPTON,GPTON,0.014758615,-3.75864016,-14.77781685,0,37906.80371,0,11/10/2025 15:25
TAOHash,SN14,3.926802872,-1.98981538,-19.26122157,0,37694.50553,0,11/10/2025 15:25
node.sys,NYS,0.008350517,-3.129818,38.9739259,0,37658.27626,0,11/10/2025 15:25
TRAX,TRAX,0.000439252,-3.18804796,30.37361947,0,37646.84405,0,11/10/2025 15:25
HubSuite,HSUITE,0.000256148,6.63889684,1.02806604,0,37329.39144,0,11/10/2025 15:25
SuiPad,SUIP,0.007687369,23.57549569,11.35578939,0,36918.66617,0,11/10/2025 15:25
Digicoin,DIGI,1.72E-08,2.54539194,-1.02992729,0,36899.93402,0,11/10/2025 15:25
Symmio,SYMM,0.01454769,5.07863616,16.71365263,0,36840.79511,0,11/10/2025 15:25
OroBit,XRB,2.086642279,4.75778215,12.16590207,0,36542.60388,0,11/10/2025 15:25
Kaspy,KASPY,4.26E-06,9.13790738,8.60642528,0,36316.66834,0,11/10/2025 15:25
Puff The Dragon,PUFF,0.08430739,-0.29377118,1.26602355,0,35483.33223,0,11/10/2025 15:25
SymVerse (symverse.org),SYMM,0.177561471,7.51309133,-0.00867252,0,34950.60383,0,11/10/2025 15:25
FLOCK,FLOCK,9.37E-05,-2.03959899,-16.48899774,0,34867.7029,0,11/10/2025 15:25
ZARP Stablecoin,ZARP,0.057204736,-0.24347135,1.07379196,0,34766.7788,0,11/10/2025 15:25
RUNES·X·BITCOIN,X,1.70E-07,-32.01632856,-31.99982985,0,34711.79774,0,11/10/2025 15:25
Klever Finance,KFI,0.739782983,-0.21630595,0.12443656,0,34708.2079,0,11/10/2025 15:25
Salute,SLT,7.02E-05,-2.33990284,-10.54683292,0,34286.05824,0,11/10/2025 15:25
Fathom Dollar,FXD,0.788199859,-18.80793254,-14.45799793,0,34123.8273,0,11/10/2025 15:25
Skulls of Pepe Token,SKOP,0.005645978,0.00316922,-0.65841073,0,34100.42602,0,11/10/2025 15:25
X,X,3.29E-05,4.36518158,11.18882302,0,34048.48732,0,11/10/2025 15:25
Blocksmith Labs Forge,$FORGE,0.026261864,-23.33496844,90.78030131,0,33667.45152,0,11/10/2025 15:25
Ayni Gold,AYNI,0.261437882,2.38115235,3.6389931,0,33543.75913,0,11/10/2025 15:25
EMAIL Token,EMT,0.001775191,-1.31184718,-3.34405369,0,33211.05141,0,11/10/2025 15:25
UBIT,UBIT,0.000299929,-25.06080489,-25.0033142,0,33145.55482,0,11/10/2025 15:25
Metaverse Convergence,META,2.72E-05,-2.84667185,-24.85237985,0,32970.92727,0,11/10/2025 15:25
Caspur Zoomies,CASPUR,1.32E-05,-89.36304705,-95.51967085,0,32918.14599,0,11/10/2025 15:25
Aion,AION,0.00051285,-0.01561805,42.47862327,0,32911.94753,0,11/10/2025 15:25
Asymmetry Finance,ASF,0.157494974,3.50435928,-6.4702005,0,32778.22766,0,11/10/2025 15:25
Lifeform Token,LFT,0.00618576,-0.2088503,-0.31148534,0,32741.58203,0,11/10/2025 15:25
Jeff World,JEFF,0.001303502,-0.0041413,-24.23093312,0,32696.31989,0,11/10/2025 15:25
Sna-King Trump,SNAKT,1.70E-05,0.57890852,3.07114095,0,32690.4931,0,11/10/2025 15:25
SAFEMOON,SMOON,0.000580206,-22.04935384,-6.15059658,0,32365.71587,0,11/10/2025 15:25
HashPack,PACK,0.012373437,8.86865823,5.63398345,0,32191.35584,0,11/10/2025 15:25
Y8U,Y8U,0.001495679,-0.81352463,7.98347225,0,32039.97302,0,11/10/2025 15:25
NPCS AI,XNPCS,0.000148539,0.72197563,-2.02983818,0,31978.84842,0,11/10/2025 15:25
BigWater,BIGW,0.000352384,0.27958085,-28.57604421,0,31877.30786,0,11/10/2025 15:25
DOGEN,DOGEN,4.84E-05,2.23241947,-15.04459246,0,31602.69749,0,11/10/2025 15:25
PVC Meta,PVC,0.009048321,-0.80819271,-1.31272956,0,31581.59048,0,11/10/2025 15:25
MemeMarket,$MFUN,0.00234187,-15.67109179,-93.37639863,0,31339.22694,0,11/10/2025 15:25
Taτsu,TATSU,2.910543078,-3.18675748,-4.58919813,0,31095.34321,0,11/10/2025 15:25
Ordiswap,ORDS,0.000310808,-6.61627876,-42.05430764,0,30991.92383,0,11/10/2025 15:25
ASTRA,ASTRA,0.000847755,-0.69722324,-18.55739119,0,30908.93963,0,11/10/2025 15:25
Based Turbo,TURBO,3.88E-06,28.58762184,25.10998795,0,27105.32638,0,11/10/2025 15:25
WaterMinder,WMDR,0.000284547,18.21485812,12.57940915,0,30695.18895,0,11/10/2025 15:25
Netswap,NETT,0.023464961,2.69495073,8.17552353,0,30673.22384,0,11/10/2025 15:25
KingdomX,KT,0.000522488,101.2736503,108.8965088,0,30632.63632,0,11/10/2025 15:25
Tree,TREE,0.260015391,-0.24665555,-6.8166202,0,30526.41789,0,11/10/2025 15:25
Single Finance,SINGLE,0.000123637,-23.70834626,-21.07871411,0,30205.42464,0,11/10/2025 15:25
Caduceus Protocol (new),CAD,0.00293537,0.15264849,-5.5503623,0,30161.06502,0,11/10/2025 15:25
ScamFari token,SCM,4.87E-06,0.88970854,-0.37267902,0,30055.15446,0,11/10/2025 15:25
MIR Token,MIR,2.88E-05,2.20833316,7.16575404,0,29628.75539,0,11/10/2025 15:25
Own The Doge,DOG,0.001118371,-0.49717634,-1.05455886,0,29534.49291,0,11/10/2025 15:25
Ethscriptions,ETHS,0.386871254,-2.54483906,32.35384091,0,29488.54122,0,11/10/2025 15:25
Govnosol,GSOL,0.00018989,138.2460678,118.8663316,0,29314.72168,0,11/10/2025 15:25
Robora,RBR,0.012021082,17.52057071,7.56884124,0,29287.89592,0,11/10/2025 15:25
Matrix Layer Protocol,MLP,0.000924501,5.06072445,43.1900379,0,29228.31612,0,11/10/2025 15:25
DAC Platform,MEN,0.001063654,-6.03790634,-9.86449265,0,29220.92711,0,11/10/2025 15:25
Seal,SEAL,0.032832035,-0.52803728,-1.82200128,0,29239.08371,0,11/10/2025 15:25
BLCK Coin,BLCK,0.00023926,-1.19342934,-2.42732961,0,29202.74536,0,11/10/2025 15:25
CATZILLA,CATZILLA,0.000682774,-2.47262944,17.54169745,0,29181.9343,0,11/10/2025 15:25
Malinka,MLNK,0.026775543,-0.74306817,-0.21109322,0,29156.46412,0,11/10/2025 15:25
Medodo Coin,MDDC,2.51E-05,-19.05498808,-29.69765228,0,28681.37644,0,11/10/2025 15:25
ZENEX,ZNX,0.532608786,-1.04427422,-0.7593336,0,28496.08795,0,11/10/2025 15:25
deltaV,ΔV,3.53E-05,8.12685517,11.62430987,0,27955.47173,0,11/10/2025 15:25
Mint Blockchain,MINT,0.002739264,5.75920495,3.7735215,0,27889.77317,0,11/10/2025 15:25
BOB,BOB,0.25335267,-17.87100185,12.33121581,0,27812.27371,0,11/10/2025 15:25
FIGHT,FIGHT,0.000359444,7.8779934,12.72588299,0,27757.78747,0,11/10/2025 15:25
NMKR,NMKR,0.000303992,0.35934602,3.83402509,0,27697.58427,0,11/10/2025 15:25
MiaSwap,MIA,0.002933666,-2.86273117,-20.08662881,0,27484.54361,0,11/10/2025 15:25
Hacash,HAC,0.36847044,-2.13354823,-6.95994057,0,27309.3674,0,11/10/2025 15:25
insurance,INSURANCE,176.6533226,2.17476623,10.08229121,0,27287.72526,0,11/10/2025 15:25
Goldgr,GOLDGR,131.5420556,2.39676114,2.19894343,0,27200.23796,0,11/10/2025 15:25
Chain Games,CHAIN,0.015066884,5.27012508,5.31694003,0,27210.92859,0,11/10/2025 15:25
Phicoin,PHI,0.000471931,-1.67419844,-1.26829247,0,26859.61936,0,11/10/2025 15:25
XRUN,XRUN,0.034637944,-3.19581467,-4.74765179,0,26851.92055,0,11/10/2025 15:25
Megalink,MG8,0.000318802,-15.88906504,-42.97400133,0,26719.70494,0,11/10/2025 15:25
Wibx,WBX,0.002699779,2.90466735,-7.28163258,0,26667.01467,0,11/10/2025 15:25
Wif - SecondChance,WIF,0.000134472,2.14665332,-8.40488138,0,26318.08973,0,11/10/2025 15:25
Smart Energy Pay,SEP,0.003886628,-2.87809892,-50.20455003,0,26258.60481,0,11/10/2025 15:25
Get AI,GET,1.399894318,-20.63555387,-27.45699962,0,26102.18218,0,11/10/2025 15:25
Arnoya classic,ARNC,0.000850009,-1.02231866,-1.51874685,0,26110.4301,0,11/10/2025 15:25
Anzen Finance (ANZ),ANZ,0.000931254,5.01938158,6.06134861,0,26070.00232,0,11/10/2025 15:25
Felysyum,FELY,0.334457234,0.37606717,-0.7898144,0,25818.83854,0,11/10/2025 15:25
Voxto Amplify,VXT,0.028363909,-0.05314097,-1.5212979,0,25735.80013,0,11/10/2025 15:25
ANTTIME,ANT,0.000244365,-12.75499488,-33.58604783,0,25776.19425,0,11/10/2025 15:25
ALF,ALF,6.51E-07,3.4918524,-8.22391144,0,25764.63207,0,11/10/2025 15:25
PiP (Hyperliquid),PIP,3.652163739,3.32750771,-5.51436591,0,25498.8344,0,11/10/2025 15:25
xSUSHI,XSUSHI,0.867440539,9.83737911,24.20505474,0,25494.42133,0,11/10/2025 15:25
Oxchange Finance,OC,0.2436782,1.78935144,39.70706096,0,25420.86768,0,11/10/2025 15:25
BlackPearl Token,BPLC,1.63E-08,-19.23255175,-9.23009495,0,25403.5638,0,11/10/2025 15:25
BTAF token,BTAF,0.046692707,-2.54270934,-3.62677228,0,25357.20392,0,11/10/2025 15:25
Bitcoin Cats,1CAT,0.000163935,1.34481909,-4.03049902,0,25259.11168,0,11/10/2025 15:25
CAST,CAST,10894.28267,9.3688642,9.3688642,0,25057.96349,0,11/10/2025 15:25
VibrantX,VIBE,0.000222956,-4.30714404,14.91509372,0,24989.77188,0,11/10/2025 15:25
FREN,FREN,1.31E-06,0.88963741,3.93606374,0,24897.90034,0,11/10/2025 15:25
LoveBit,LB,4.24E-07,-1.21054645,0.87266541,0,24845.56987,0,11/10/2025 15:25
Qubitcoin (superquantum.io/qubitcoin),QTC,1.376438767,-1.61617036,-24.71303185,0,24464.81955,0,11/10/2025 15:25
Extra Finance,EXTRA,0.013874885,-2.96011744,-6.94307567,0,24319.60296,0,11/10/2025 15:25
Alpha Fi,ALPHA,0.940026258,-9.26232439,-21.81356616,0,23962.45254,0,11/10/2025 15:25
Compute Horde,SN12,2.278134292,-1.74150908,-19.18634599,0,23889.35303,0,11/10/2025 15:25
Pulsara,SARA,0.003939609,12.71923879,-2.64562078,0,23875.35718,0,11/10/2025 15:25
TRRUE,TRRUE,0.0090084,7.1042881,-2.91745836,0,23863.40567,0,11/10/2025 15:25
Solana Shib,SSHIB,2.88E-09,-7.51845558,-9.10775473,0,23853.70583,0,11/10/2025 15:25
StakeVault.Network,SVN,0.000927019,1.17023245,21.1973059,0,23788.10145,0,11/10/2025 15:25
BitMinerX,BMX,0.001714139,-5.60490025,-31.18903551,0,23523.35897,0,11/10/2025 15:25
VaporFund,VPR,0.000422703,-1.2966358,-0.32668542,0,23574.97962,0,11/10/2025 15:25
BeerBear,BEAR,0.000429199,3.29933819,2.57481646,0,23603.72228,0,11/10/2025 15:25
Elephant Money (TRUNK),TRUNK,0.040579467,-0.57611949,-1.42634185,0,23456.8766,0,11/10/2025 15:25
Pharaoh,PHAR,168.4759628,3.57261546,-1.16789805,0,23384.15482,0,11/10/2025 15:25
Raptoreum,RTM,0.000184147,0.22112705,-11.76652361,0,23294.27719,0,11/10/2025 15:25
AI ROCKET by Virtuals,ROCKET,0.000820293,-6.14213048,-18.90880192,0,23278.13006,0,11/10/2025 15:25
OpenOcean,OOE,0.00287694,-0.8550536,8.07548089,0,23199.14096,0,11/10/2025 15:25
ETH 2x Flexible Leverage Index,ETH2X-FLI,11.63393451,-1.65048759,-5.84188636,0,23168.05963,0,11/10/2025 15:25
Squid Game (CTO),SQUID,0.003376821,-1.95309627,1.36973844,0,22942.60443,0,11/10/2025 15:25
Disco By Matt Furie,DISCO,0.000783902,5.32929704,-13.17383172,0,22903.85223,0,11/10/2025 15:25
Koii,KOII,5.70E-05,-1.69550234,-6.92696958,0,22846.20428,0,11/10/2025 15:25
NatronZ,NCOIN,0.073419541,1.6780569,-2.12975105,0,22793.67236,0,11/10/2025 15:25
Wrapped MinoTari,WXTM,0.004560244,-9.37801575,8.73420988,0,22732.82617,0,11/10/2025 15:25
STON.fi,STON,0.511083706,-0.67080037,-7.18281538,0,22736.73328,0,11/10/2025 15:25
Nexum,NEXM,0.007377594,24.39316571,56.60288919,0,22649.81078,0,11/10/2025 15:25
Infinity Rocket Token,IRT,0.001968609,3.03964935,-8.14768443,0,22547.03071,0,11/10/2025 15:25
Oshi Token,OSHI,0.028433161,-1.72750892,-1.93594098,0,22473.313,0,11/10/2025 15:25
Overnight.fi USD+ (Optimism),USD+,0.999630216,-0.08016929,-0.06971765,0,22312.71982,0,11/10/2025 15:25
Dollar on Chain,DOC,0.996118084,-0.75124025,0.21983152,0,22216.6764,0,11/10/2025 15:25
Nostra,NSTR,0.011975737,0.72394781,-5.2534339,0,22213.92815,0,11/10/2025 15:25
Rubidium,RBD,0.0345307,-2.47466258,-7.56326254,0,22106.68495,0,11/10/2025 15:25
RoOLZ,GODL,0.000183108,4.30453376,-15.85293439,0,22063.51913,0,11/10/2025 15:25
CorgiAI,CORGIAI,7.29E-05,2.35082445,-3.33174245,0,19025.43607,0,11/10/2025 15:25
Crosschain IOTX,CIOTX,0.01292297,16.73822164,27.04690952,0,21418.25238,0,11/10/2025 15:25
Black Dragon,BLACKDRAGON,1.57E-08,5.07321527,79.75480018,0,21929.03448,0,11/10/2025 15:25
Soroosh Smart Ecosystem,SSE,0.000292989,-6.67562981,-3.40872052,0,21871.01047,0,11/10/2025 15:25
HayCoin,HAY,95528.04407,148.0791172,133.2764202,0,21555.76601,0,11/10/2025 15:25
Retik Finance,RETIK,0.000306919,1.20614844,-2.81971265,0,21535.1263,0,11/10/2025 15:25
Palcoin Ventures,PALCOIN,1.112236348,3.45317126,-1.29951969,0,21448.06213,0,11/10/2025 15:25
MASHIDA,MSHD,0.010057398,0.43775843,-20.05890349,0,21326.17878,0,11/10/2025 15:25
LC SHIB,LC,0.002911164,1.7295739,9.03889307,0,21068.10604,0,11/10/2025 15:25
1,1,0.000203794,-6.46959204,-1.86575061,0,20956.29425,0,11/10/2025 15:25
RZcoin,RZ,117.3342051,2.07268129,9.75269046,0,20927.48052,0,11/10/2025 15:25
Hebeto,HBT,1.33E-07,1.77029252,6.95418638,0,20836.57717,0,11/10/2025 15:25
Summit,SUMMIT,8.86E-06,-6.62599884,9.48869293,0,20688.32173,0,11/10/2025 15:25
Zeeverse,VEE,0.000156394,-0.60572839,-3.5055,0,20664.65045,0,11/10/2025 15:25
Advanced Mortgage & Reserve,AMR,0.001083235,-13.42514384,-67.98862297,0,20541.46485,0,11/10/2025 15:25
PolyDoge,POLYDOGE,3.92E-10,2.62967482,6.22189045,0,20518.39776,0,11/10/2025 15:25
AIRian,AIR,0.008102451,-1.36817306,-57.71437055,0,20472.04153,0,11/10/2025 15:25
TON xStock,TONXX,3.36,4.6728972,-17.44471744,0,20445.88944,0,11/10/2025 15:25
USDH,USDH,0.996785403,-0.03344471,0.04988671,0,20412.2028,0,11/10/2025 15:25
SEED NFT Marketplace,SEED,0.531970915,3.43346182,-29.99085583,0,20262.87778,0,11/10/2025 15:25
Alita Finance,ALI,0.004202819,-0.73342023,-0.34317789,0,20259.55957,0,11/10/2025 15:25
Jewelry Token,JEWELRY,50.20213166,2.09498902,8.90735941,0,20232.721,0,11/10/2025 15:25
EdgeSwap,EGS,0.000771112,2.20582028,0.34309741,0,20037.36262,0,11/10/2025 15:25
LifeTime,LFT,0.006190125,-0.03027732,-0.30492238,0,20018.78064,0,11/10/2025 15:25
Solnic,SOLNIC,0.003375665,6.65909674,-2.12437369,0,19976.96456,0,11/10/2025 15:25
Real Estate Metaverse,REM,0.002264046,-6.3972489,8.86291914,0,19906.02158,0,11/10/2025 15:25
Thought,THT,0.048965,-2.88162735,27.16092866,0,19899.90906,0,11/10/2025 15:25
EDUM,EDUM,0.163205295,4.03115717,0.09600709,0,19795.89844,0,11/10/2025 15:25
Fofar (fofar.com),FOFAR,1.20E-06,37.07482917,24.34304241,0,19792.12376,0,11/10/2025 15:25
""" """,UNKOWN,0.002848111,5.50937951,7.36815716,0,19744.28316,0,11/10/2025 15:25
MEDITOC,MDTI,0.002300047,0.05371724,4.54589376,0,19630.10576,0,11/10/2025 15:25
NearKat,KAT,6.61E-05,7.09890465,69.60880926,0,19611.72867,0,11/10/2025 15:25
COTI Governance Token,gCOTI,0.00541585,13.323288,27.48992269,0,19597.68512,0,11/10/2025 15:25
Baby World Liberty Financial,BABYWLFI,9.22E-07,-0.73193171,2.14507283,0,19477.47066,0,11/10/2025 15:25
Elympics,ELP,0.003469487,0.62966389,8.19829084,0,19395.99745,0,11/10/2025 15:25
SmartMall,SMT,0.643162377,0.5925793,-9.41517934,0,19285.06117,0,11/10/2025 15:25
Boomer,BOOMER,0.001015602,-12.60700545,-6.85766504,0,18409.65259,0,11/10/2025 15:25
intern,INTERN,0.332656336,10.43092137,36.90238139,0,19246.28911,0,11/10/2025 15:25
Meter Stable,MTR,0.53858435,-1.82218148,13.66516515,0,19188.53959,0,11/10/2025 15:25
HadesAI by Virtuals,HADES,0.000173048,-6.85023161,20.22047452,0,19117.34329,0,11/10/2025 15:25
Source,SOURCE,0.000720435,-0.55646466,-13.83446097,0,19046.95295,0,11/10/2025 15:25
Wrapped SOPH,WSOPH,0.0234354,-0.00429374,4.25125176,0,19018.98727,0,11/10/2025 15:25
NSDQ420,NSDQ,0.001908891,5.38259402,28.44322971,0,18899.21945,0,11/10/2025 15:25
Hacash Diamond,HACD,9.135588314,-2.60613342,-0.87306828,0,18877.60262,0,11/10/2025 15:25
Tivo Token,TIVO,0.028075376,4.15376039,13.31548247,0,18792.32425,0,11/10/2025 15:25
Crypto Snack,SNACK,0.002555395,2.27562312,1.76642654,0,18751.71759,0,11/10/2025 15:25
wechat doge,旺柴,0.001369954,1.00126519,-6.34855777,0,18639.12942,0,11/10/2025 15:25
BitMEX Token,BMEX,0.175947552,-2.04556352,-11.45725929,0,18601.88933,0,11/10/2025 15:25
Marscoin,MARS,0.058056655,1.79613888,2.64039623,0,18499.78627,0,11/10/2025 15:25
XNET Mobile,XNET,0.015243108,7.53339533,12.18887138,0,18456.8355,0,11/10/2025 15:25
HoldCoin,HOLD,1.44E-05,6.5353878,2.54999744,0,18316.96266,0,11/10/2025 15:25
Merchant Moe,MOE,0.044218812,-7.28528414,9.67885235,0,18302.68945,0,11/10/2025 15:25
MicroVisionChain,SPACE,0.172934855,-19.70546892,36.78038647,0,18294.18688,0,11/10/2025 15:25
Oil Meta Games,OMG,14.65865965,2.00736196,8.66427632,0,18208.40491,0,11/10/2025 15:25
Kurt,KURT,0.000181058,-15.2210425,-23.74010142,0,18178.55072,0,11/10/2025 15:25
Guacamole,GUAC,1.24E-08,-2.91353481,-7.39988174,0,18080.18589,0,11/10/2025 15:25
Pett.AI,AIP,0.001144695,-0.44143816,-10.97386845,0,18018.75342,0,11/10/2025 15:25
Operon Origins,ORO,0.000823402,-3.45275352,-70.71174974,0,17955.00921,0,11/10/2025 15:25
Harambe on Solana,HARAMBE,0.001088331,-4.83870638,-4.9259529,0,17873.53543,0,11/10/2025 15:25
TURBO BOME,TURBO,1.98E-06,-7.99919637,-19.79879303,0,17858.74389,0,11/10/2025 15:25
Dope Wars Paper,PAPER,0.002006729,11.97295478,115.1013563,0,17852.84805,0,11/10/2025 15:25
Verus,VRSC,1.350956227,-0.2523514,-6.87442368,0,17839.15035,0,11/10/2025 15:25
Mavryk Network,$MVRK,0.023644186,-1.22812125,-4.47376537,0,17788.12527,0,11/10/2025 15:25
FART COIN,FRTC,1.49E-07,-0.71543227,0.82153012,0,17629.49249,0,11/10/2025 15:25
MRHB DeFi Network,MRHB,0.001180568,-0.08093987,17.14431334,0,17477.19953,0,11/10/2025 15:25
Okayeg,OKAYEG,2.95E-06,-1.82816278,-11.80016096,0,17350.54271,0,11/10/2025 15:25
Atomic Meta,ATMC,9.00E-05,-0.01561805,-73.53338267,0,17194.48285,0,11/10/2025 15:25
MPRO Lab,MPRO,0.001956497,-11.14952252,-26.49064112,0,17133.30933,0,11/10/2025 15:25
DEGOD,DEGOD,0.000713948,3.02638428,0.00265963,0,17124.30339,0,11/10/2025 15:25
Pizza (Ordinals),PIZZA,0.139502901,4.59125506,31.06217107,0,17110.72268,0,11/10/2025 15:25
AladdinDAO,ALD,0.037557437,2.16082661,-25.17593828,0,17003.05974,0,11/10/2025 15:25
CarbonZeroWorld,CZW,2.910462451,2.15231333,8.31786295,0,16948.45451,0,11/10/2025 15:25
Golden Magfi,GMFI,0.000816855,0.47046373,0.60749836,0,16915.7929,0,11/10/2025 15:25
Origin Ether,OETH,3563.051573,-0.42928762,-0.71744527,0,16893.99446,0,11/10/2025 15:25
TFNY,TFNY,9.61E-05,4.9734683,-8.15372887,0,16880.37964,0,11/10/2025 15:25
Metafluence,METO,6.43E-05,-1.21591358,1.46740118,0,16732.6275,0,11/10/2025 15:25
Glo Dollar,USDGLO,1.000470548,-0.12979521,0.0616749,0,16720.72353,0,11/10/2025 15:25
UNCOMMON•GOODS,UNCOMMONGOODS,0.02750404,-1.04583805,1.6006407,0,16684.53824,0,11/10/2025 15:25
Friend3,F3,0.001422716,-2.19906096,7.4928333,0,16650.41891,0,11/10/2025 15:25
EmiSwap,ESW,0.001336899,-0.016014,-0.01522263,0,16628.97987,0,11/10/2025 15:25
Baby Ethereum,BABYETH,8.06E-05,-4.0787737,-2.81847436,0,16512.91313,0,11/10/2025 15:25
Abel finance,ABEL,0.00444489,0.01752962,0.00589166,0,16507.70477,0,11/10/2025 15:25
Meta Masters Guild Games,MEMAGX,0.000184967,1.06451644,-0.54580489,0,16450.50294,0,11/10/2025 15:25
Great Bounty Dealer,GBD,0.000225005,0.45725567,0.90961588,0,16424.57818,0,11/10/2025 15:25
PinEye,PinEye,0.000149411,6.80429695,-7.32283465,0,16415.53473,0,11/10/2025 15:25
Grizzly Honey,GHNY,0.032139054,2.11034734,3.90263076,0,16379.27134,0,11/10/2025 15:25
alright buddy,BUDDY,0.0025168,-2.7746932,-10.88241421,0,16354.65629,0,11/10/2025 15:25
Paintswap (BRUSH),BRUSH,0.004503713,-6.70294762,22.94339269,0,16324.09298,0,11/10/2025 15:25
HIPPOP,HIP,3.76E-05,-46.28937904,-61.66451448,0,16281.14015,0,11/10/2025 15:25
Artem Coin,ARTEM,0.001391701,-0.02978331,0.0431997,0,16272.69782,0,11/10/2025 15:25
Seiyan Token,SEIYAN,0.001456457,3.24213671,11.44841034,0,16268.33083,0,11/10/2025 15:25
Utopia,UTOPIA,0.000351139,12.45813691,42.27826709,0,16179.94328,0,11/10/2025 15:25
SolForge Fusion,SFG,0.297834221,-5.82182696,-16.47146195,0,16166.73995,0,11/10/2025 15:25
UNITED STATES DRIP #1,USD1,0.988970595,-0.44636585,-0.79206924,0,16155.25286,0,11/10/2025 15:25
Dither AI,DITH,0.018357329,-9.7987607,110.0161203,0,16107.58302,0,11/10/2025 15:25
Nova,NOVA,16420.61121,24.54425837,64.26810554,0,16006.78399,0,11/10/2025 15:25
Helion,HLN,0.061966694,6.71413577,19.89595603,0,15930.58777,0,11/10/2025 15:25
Nomoex,NOMOX,0.007983162,0.03237605,-3.35032561,0,15833.21723,0,11/10/2025 15:25
Coinmetro Token,XCM,0.068156844,3.81532138,-0.43074261,0,15753.17548,0,11/10/2025 15:25
Alaska Gold Rush,CARAT,0.000473082,27.03269358,21.48977959,0,15495.0509,0,11/10/2025 15:25
Shield,SHIELD,0.000448923,-17.9983642,42.24569772,0,15426.25254,0,11/10/2025 15:25
Deep Whales AI,DEEPAI,0.00908876,27.36486565,-0.21760412,0,15419.50449,0,11/10/2025 15:25
Libra Incentix,LIXX,0.000199765,11.5887767,21.08096196,0,15391.25888,0,11/10/2025 15:25
Javsphere,JAV,0.002615905,-3.45629775,-21.50049644,0,15386.21574,0,11/10/2025 15:25
Acala,ASEED,0.189669296,0.14978003,20.73153178,0,15358.15974,0,11/10/2025 15:25
WeatherXM,WXM,0.080374252,-2.50045866,-12.18803793,0,15361.06456,0,11/10/2025 15:25
Aura Network,AURA,0.005320857,4.12827004,-2.28697593,0,15323.57186,0,11/10/2025 15:25
Moo Token,MOO,0.000881684,-0.64845586,1.55269133,0,15298.46575,0,11/10/2025 15:25
TrumpCoin,DJT,7.49E-05,-4.70404157,-14.84014648,0,15296.53898,0,11/10/2025 15:25
NeuroWeb,NEURO,0.015158572,2.57516392,10.32550107,0,15028.55867,0,11/10/2025 15:25
Grow Token,GROW,0.018792279,12.65691892,-35.7347259,0,14998.01704,0,11/10/2025 15:25
Ramifi Protocol,RAM,0.017038632,-1.66070632,0.49568562,0,14995.22158,0,11/10/2025 15:25
TFS Token,TFS,0.003458495,-0.83492715,-6.85357739,0,14911.33406,0,11/10/2025 15:25
EQIFI,EQX,0.000370823,-45.77119772,-9.98249899,0,14894.26126,0,11/10/2025 15:25
Jeo Boden,BODEN,0.001576938,0.18103048,2.15994739,0,14872.43895,0,11/10/2025 15:25
Neo Tokyo,BYTES,0.875993914,1.74207707,1.45666027,0,14869.89954,0,11/10/2025 15:25
stake.link,SDL,0.518206126,-1.35155303,19.09844119,0,14867.20198,0,11/10/2025 15:25
Staked ICX,sICX,0.112842909,0.56746753,8.65888864,0,14807.74294,0,11/10/2025 15:25
AI Judge Companion,AJC,3.81E-13,-41.82227533,-90.94220893,0,14772.34511,0,11/10/2025 15:25
Takamaka,TKG,2.008823815,25.15712888,22.57700144,0,14723.49364,0,11/10/2025 15:25
DGTEK TOKEN,USDG,6.048165732,0.67137521,0.78243045,0,14689.94819,0,11/10/2025 15:25
YouCoin,UCON,9.675911136,5.87710226,11.37878773,0,14611.62331,0,11/10/2025 15:25
AgentFun.AI,AGENTFUN,1.397324887,7.89685311,5.0149782,0,14595.65084,0,11/10/2025 15:25
smolecoin,SMOLE,3.48E-05,0.44343505,-0.32186011,0,14535.56187,0,11/10/2025 15:25
DOLA,DOLA,0.992136072,-0.20872971,0.07600724,0,14504.90986,0,11/10/2025 15:25
SPX 6969,SPX6969,0.000404998,42.7698427,67.55362131,0,14498.40415,0,11/10/2025 15:25
Doge KaKi,KAKI,1.78E-08,9.29872224,1.20277276,0,14446.46211,0,11/10/2025 15:25
Token Metrics AI,TMAI,0.000236858,1.98361917,8.04812379,0,14419.46284,0,11/10/2025 15:25
Mao,MAO,3.09E-05,6.95081623,-76.74004531,0,14428.89304,0,11/10/2025 15:25
Melania Trump Parody (melania.world),MELANIA,0.002864453,25.69208529,16.83954974,0,14258.51372,0,11/10/2025 15:25
SavePlanetEarth,SPE,0.005373889,-0.91473527,-4.71202744,0,14220.69746,0,11/10/2025 15:25
NAOS Finance,NAOS,0.002942122,2.04773557,5.39078353,0,14159.29662,0,11/10/2025 15:25
Candle TV,CANDLE,0.000703422,0.95451948,-17.39110438,0,14015.1494,0,11/10/2025 15:25
VinDax Coin,VD,0.018866466,-0.00094688,-1.54131333,0,14001.07444,0,11/10/2025 15:25
Haven,HAVEN,0.03610735,-37.23049068,-90.58683652,0,13975.71388,0,11/10/2025 15:25
GRIPPY,GRIPPY,0.000206736,1.91064045,25.82260733,0,13971.11632,0,11/10/2025 15:25
Neuralink,NLINK,6.78E-13,-1.02675529,5.44521832,0,13943.92331,0,11/10/2025 15:25
KCAL,KCAL,0.00106947,-6.76415274,-25.67980314,0,13936.98679,0,11/10/2025 15:25
Outlanders,LAND,0.00049961,-13.03944432,-42.41897479,0,13905.31435,0,11/10/2025 15:25
Friend.tech,FRIEND,0.137325302,3.54592172,35.12465496,0,13754.47007,0,11/10/2025 15:25
HBC,HB,0.001249768,-0.02143573,27.73860315,0,13765.19728,0,11/10/2025 15:25
RealEstate,REALESTATE,29.07458668,2.37121408,8.85687183,0,13612.25295,0,11/10/2025 15:25
Verge (ETH),XVG,9.44E-05,-26.56771604,23.80409591,0,13532.69031,0,11/10/2025 15:25
Tao Te Ching,TTC,15.79472429,2.25269709,53.86585211,0,13528.45515,0,11/10/2025 15:25
PRIMAL,PRIMAL,1.77E-05,-4.99726249,-5.94528993,0,13470.99087,0,11/10/2025 15:25
Solayer USD,SUSD,1.105360098,-1.0646584,-1.10398807,0,13500.21532,0,11/10/2025 15:25
Animal Concerts,ANML,2.06E-05,1.16470699,-0.41053566,0,13339.25046,0,11/10/2025 15:25
Time Traveler,BARRON,0.000147599,20.51668,19.18698236,0,13336.1907,0,11/10/2025 15:25
APEcoin.dev,APE,0.395922493,-0.02325112,8.79485437,0,13279.2416,0,11/10/2025 15:25
Clifford,CLIFFORD,0.000308407,-9.1113328,1.59449425,0,13240.69078,0,11/10/2025 15:25
HUA HUA,HUAHUA,0.000216302,42.73988508,48.0040966,0,13147.18379,0,11/10/2025 15:25
sols,SOLS,0.016409708,-0.49144839,9.15024172,0,13117.74462,0,11/10/2025 15:25
ESG,ESG,0.037852426,5.57114815,-4.55955711,0,13120.68652,0,11/10/2025 15:25
Recovery Right Token,RRT,0.75,0,0.02667378,0,13077.17244,0,11/10/2025 15:25
Lootex,LOOT,0.001060272,10.77204887,7.69971051,0,13066.88931,0,11/10/2025 15:25
Meson Network,MSN,0.008943876,0.47876115,-6.98630351,0,13060.26971,0,11/10/2025 15:25
Monerium EUR emoney,EURe,1.154793896,-0.14982512,0.24995148,0,13025.36595,0,11/10/2025 15:25
Xahau,XAH,0.05049974,7.99038468,22.76729561,0,12991.70334,0,11/10/2025 15:25
Verida,VDA,0.001612513,-9.3215827,-22.96823648,0,12979.73167,0,11/10/2025 15:25
GOLD BNB,GBNB,8.56E-14,-1.59650067,-12.92241969,0,12814.05175,0,11/10/2025 15:25
Bitcoin on Base,BTCB,0.160896033,3.10662386,5.87083165,0,12766.89154,0,11/10/2025 15:25
Yes Coin (yescoins.cc),YES,5.78E-07,-2.44352822,-7.32059318,0,12719.15279,0,11/10/2025 15:25
MEDIEUS,MDUS,0.000197258,0.23610834,-39.00945168,0,12538.42042,0,11/10/2025 15:25
OMNIA Protocol,OMNIA,0.002954593,-9.58725908,-26.34704816,0,12479.60247,0,11/10/2025 15:25
Abyss World,AWT,1.19E-05,-0.2156629,4.97099804,0,12453.24003,0,11/10/2025 15:25
Metacces,ACCES,0.156172263,0.6876321,-4.0029694,0,12467.00013,0,11/10/2025 15:25
toby,TOBY,1.51E-08,11.11578253,13.59793697,0,12428.18468,0,11/10/2025 15:25
PEPO,PEPO,0.000981015,-1.58286506,-27.89551502,0,12279.92863,0,11/10/2025 15:25
Smart Wallet Token,SWT,1.73E-06,0.55983499,4.85266456,0,12236.00625,0,11/10/2025 15:25
Orion,ORN,0.135963353,-2.23258909,14.50042805,0,12214.32524,0,11/10/2025 15:25
Medxt,MEDXT,0.001706384,-3.14383379,11.05861287,0,12211.07315,0,11/10/2025 15:25
ANALOS,LOS,0.000448223,-7.16144648,-24.06700187,0,11666.24869,0,11/10/2025 15:25
Tate Terminal,TATE,0.000410816,-18.32298953,-31.82124091,0,12190.55177,0,11/10/2025 15:25
Temtum,TEM,0.084840841,1.12791778,28.76958578,0,12127.55742,0,11/10/2025 15:25
SmartHoldem,STH,0.001527657,-0.22866082,-2.37682915,0,12097.63485,0,11/10/2025 15:25
Tx24,TXT,0.015467979,-13.15029137,37.60246293,0,12069.13052,0,11/10/2025 15:25
Zeusshield,ZSC,0.000101468,8.1904488,17.89554078,0,12046.18644,0,11/10/2025 15:25
DOGGO,DOGGO,5.19E-10,2.25541783,-7.52071429,0,11942.72871,0,11/10/2025 15:25
Dickbutt,DICKBUTT,1.18E-05,-0.3738754,-7.25258163,0,11937.33542,0,11/10/2025 15:25
CRYPTO CLOUD,CLOUD,0.003948156,-18.0504218,47.65430595,0,11928.16913,0,11/10/2025 15:25
Yuliverse,YULI,6.14E-05,-2.76828451,4.02412628,0,11894.52393,0,11/10/2025 15:25
LOULOU,LOULOU,0.00155139,3.06202964,2.27025552,0,11871.03892,0,11/10/2025 15:25
SNPIT TOKEN,SNPT,0.011777246,-0.63300998,-8.06962743,0,11822.33298,0,11/10/2025 15:25
Metronome,MET,0.520963887,-0.54816986,0.50053699,0,11820.72561,0,11/10/2025 15:25
Dash AI,DASH,0.000907185,-28.14178785,-16.60852585,0,11842.15466,0,11/10/2025 15:25
Drac (Ordinals),DRAC,0.006736553,2.33621667,12.45522851,0,11823.33069,0,11/10/2025 15:25
Ring AI,RING,0.004337942,11.96949089,60.97234838,0,11775.88892,0,11/10/2025 15:25
Sonorus,SNS,0.000365266,5.64316549,-2.03424454,0,11740.30814,0,11/10/2025 15:25
Stables Labs (USDX),USDX,0.04400873,-51.81637261,-95.58322146,0,11733.71653,0,11/10/2025 15:25
Concilium Blockchain Ecosystem,CONCILIUM,2.287154838,2.63178215,-18.64150072,0,11722.61463,0,11/10/2025 15:25
MMSC PLATFORM,MMSC,0.106778064,-13.97238342,68.70836268,0,11721.74814,0,11/10/2025 15:25
Loky AI,LOKY,0.001299678,-7.80175245,-25.78450549,0,11691.33026,0,11/10/2025 15:25
FEAR NOT,FEARNOT,5.40E-07,3.69051333,2.23806426,0,11689.98155,0,11/10/2025 15:25
Swiss Capital,SC,1.089892033,-0.02092211,-0.00667354,0,11646.87935,0,11/10/2025 15:25
BRCStarter,BRCST,0.005932702,9.0917394,-16.97786436,0,11639.74907,0,11/10/2025 15:25
Quick Transfer coin,QTCC,0.000187767,-0.02143573,-6.10771351,0,11600.84635,0,11/10/2025 15:25
DoctorX,DRX,9.15E-07,-6.89644705,9.27035023,0,11609.05005,0,11/10/2025 15:25
Dragon Mainland Shards,DMS,3.10E-05,3.27929959,6.42330692,0,11519.41283,0,11/10/2025 15:25
ETH Fan Token Ecosystem,EFT,4.70E-08,-1.80620686,-5.99754126,0,11517.53445,0,11/10/2025 15:25
Lybra Finance,LBR,0.005964966,-6.44377577,-27.48729512,0,11487.88113,0,11/10/2025 15:25
Quantlytica,QTLX,0.013450273,-0.03027732,-4.62579081,0,11469.522,0,11/10/2025 15:25
Ecorpay Token,ECOR,0.031621649,-0.77647625,2.01152888,0,11405.99294,0,11/10/2025 15:25
Icopax,$IPAX,0.00334709,-5.89854225,-17.77886817,0,11348.62691,0,11/10/2025 15:25
Manifest,MANIFEST,0.000294031,-11.7559083,27.48659561,0,11387.30347,0,11/10/2025 15:25
Joseon Mun,JSM,0.000200799,-0.15609669,-0.5823683,0,11271.09739,0,11/10/2025 15:25
Finvesta,FINVESTA,4.597379375,11.91404149,13.82758845,0,11164.84737,0,11/10/2025 15:25
Gems Dao Eco,GEMO,0.00062049,-0.02605786,-0.61582868,0,11145.48166,0,11/10/2025 15:25
Hiver,HIT,0.006780796,-0.15393567,-0.1113141,0,11058.22321,0,11/10/2025 15:25
AINN,AINN,0.006523127,-0.58601768,0.15019902,0,11030.92397,0,11/10/2025 15:25
Wifejak,WIFE,0.000473427,-11.49604662,12.561547,0,10999.59291,0,11/10/2025 15:25
Moola Celo USD,mCUSD,1.003663578,0.37676276,1.2261347,0,10978.95075,0,11/10/2025 15:25
Baby 4,BABY4,0.001321,-2.09211282,-64.24630681,0,10951.44845,0,11/10/2025 15:25
Sympson AI,$SYMP,0.002696676,-3.73017121,-9.22885373,0,10930.41972,0,11/10/2025 15:25
Chappyz,CHAPZ,6.95E-05,-10.0326705,-16.7236349,0,10926.84721,0,11/10/2025 15:25
ALIENX,AIX,0.002618438,-0.9632789,-1.27265755,0,10886.25626,0,11/10/2025 15:25
LIGO,LIGO,1.70E-07,14.41919431,69.85775152,0,10851.98637,0,11/10/2025 15:25
Ordify,ORFY,0.003965238,-3.00321579,-35.0145551,0,10833.2175,0,11/10/2025 15:25
BTCSKR,BSK,0.007998104,99.98256169,60.0101138,0,10846.96752,0,11/10/2025 15:25
Hasaki,HAHA,3.02E-06,0.85390119,-7.43120652,0,10827.63091,0,11/10/2025 15:25
Naka Bodhi Token,NBOT,0.006211415,-3.8649081,-28.61191725,0,10798.98192,0,11/10/2025 15:25
Kyberdyne,KBD,9.20E-05,-0.31047827,0.13459251,0,10803.68415,0,11/10/2025 15:25
Anubhav Trainings,ATS,4.90E-05,0.03503108,-0.30045619,0,10779.78965,0,11/10/2025 15:25
OVO,OVO,0.00106957,9.26635877,13.29378008,0,10762.07566,0,11/10/2025 15:25
Yamaswap,YAMA,0.000250705,-1.41990094,6.99927628,0,10724.6275,0,11/10/2025 15:25
Colizeum,ZEUM,0.001068178,26.39861381,35.02568915,0,10701.68714,0,11/10/2025 15:25
Atem Network,ATEM,0.000348325,-29.19967533,-27.0270035,0,10682.4813,0,11/10/2025 15:25
OrangeDX,O4DX,0.001748912,-2.94689744,-13.24548831,0,10677.29453,0,11/10/2025 15:25
Domi Online,DOMI,0.003047336,-0.84823872,3.03217028,0,10663.11294,0,11/10/2025 15:25
BLOCKv,VEE,0.011082117,-1.87766674,10.49314785,0,10656.21587,0,11/10/2025 15:25
Value Liquidity,VALUE,0.021990278,1.34596264,8.92502077,0,10651.35719,0,11/10/2025 15:25
Weave6,WX,8.92E-05,-0.0179112,0.17354151,0,10588.4156,0,11/10/2025 15:25
Trinity Of The Fabled,ABYS,0.000283423,0.88097144,-3.12649924,0,10586.26219,0,11/10/2025 15:25
Sketch Coin,SKETCH,0.000206393,-3.48173031,1.00986935,0,10573.4459,0,11/10/2025 15:25
JLaunchpad,JLP,0.000409903,10.78960099,10.79630959,0,10567.94741,0,11/10/2025 15:25
Shib2.0,SHIB2.0,1.67E-10,1.36521359,-10.69416803,0,10550.23239,0,11/10/2025 15:25
Autonomys Network,AI3,0.02798535,1.27498822,-7.6694299,0,10539.71395,0,11/10/2025 15:25
Amino,AMINO,0.000123641,2.4043687,23.61765001,0,10492.10458,0,11/10/2025 15:25
Sovryn Dollar,DLLR,0.982644908,-0.77428857,0.36667034,0,10415.27702,0,11/10/2025 15:25
ePowerX On Base,EPWX,9.85E-10,2.19418542,-15.69939403,0,10406.94679,0,11/10/2025 15:25
QiSwap,QI,0.001933585,0.40780961,2.62449651,0,10380.20522,0,11/10/2025 15:25
Etica,ETI,0.028594921,-3.07162921,-11.45157858,0,10391.37557,0,11/10/2025 15:25
Mobius,MOBI,0.004141111,6.98160988,8.56875908,0,10364.65952,0,11/10/2025 15:25
Triad,TRD,0.042797687,-4.79065105,13.69787711,0,10378.5527,0,11/10/2025 15:25
NFMart,NFM,2.01E-06,-15.13344658,-41.84012374,0,10367.75231,0,11/10/2025 15:25
BNSx (Ordinals),BNSx,0.011434545,-17.33570811,63.38555251,0,10356.39903,0,11/10/2025 15:25
NexDAX Chain,NT,0.004244116,1.11253072,-1.80403236,0,10357.07731,0,11/10/2025 15:25
Norm,NORM,1.36E-05,8.26465963,30.43179364,0,10342.61475,0,11/10/2025 15:25
Defi For You,DFY,0.000221445,18.23423381,20.79838947,0,10334.41523,0,11/10/2025 15:25
CatGPT,CATGPT,0.000120959,1.38423239,0.87265674,0,10300.70444,0,11/10/2025 15:25
Dragonz Land,DRAGONZ,0.004663447,-0.11025854,-19.21040569,0,10249.58907,0,11/10/2025 15:25
Charged Particles,IONX,0.001105568,7.14497767,-7.36990217,0,10311.53692,0,11/10/2025 15:25
DAOSquare,RICE,0.01918588,4.38826356,20.58138371,0,10289.22446,0,11/10/2025 15:25
Diem,DIEM,122.1730597,1.08661699,2.32387605,0,10341.46213,0,11/10/2025 15:25
NFTfi,NFTFI,0.000595472,3.09494027,-14.21564054,0,10298.2818,0,11/10/2025 15:25
MuxyAI,MAI,0.000845918,1.92150041,-10.01516812,0,10227.93564,0,11/10/2025 15:25
Andromeda,ANDR,0.001126558,27.93529147,-1.70358274,0,10247.49598,0,11/10/2025 15:25
EpiK Protocol,AIEPK,0.000338329,-4.19728411,0.65609273,0,10221.64665,0,11/10/2025 15:25
SuperCells Token,SCT,0.003689208,0.9643709,-21.25217074,0,10236.233,0,11/10/2025 15:25
SafeMoon V2,SFM,1.28E-05,5.05475186,-19.53271449,0,10206.92004,0,11/10/2025 15:25
Holograph,HLG,6.66E-05,9.76942027,20.41422882,0,10194.36429,0,11/10/2025 15:25
Mithril Share,MIS,0.104470156,-2.03075603,-0.38977405,0,10169.23565,0,11/10/2025 15:25
Port Finance,PORT,0.003997142,1.81604236,-3.32335446,0,10166.68471,0,11/10/2025 15:25
OnX Finance,ONX,0.010997638,-2.62921852,1.47500466,0,10152.68748,0,11/10/2025 15:25
Crown Token,CROWN,0.039151593,11.23007379,9.62971903,0,10124.6945,0,11/10/2025 15:25
Good Games Guild,GGG,0.001727569,0.55988424,3.87205593,0,10114.93645,0,11/10/2025 15:25
Edge Video AI,FAST,0.002242402,2.11080613,-8.40340898,0,10081.93834,0,11/10/2025 15:25
Gold Park,GPT,0.019384334,-4.02489277,-10.90491147,0,10067.4258,0,11/10/2025 15:25
LIQ Protocol,LIQ,0.000631031,-1.5301434,5.85592091,0,10051.53005,0,11/10/2025 15:25
Analysoor,ZERO,0.093451157,4.23630546,1.53715629,0,10050.97007,0,11/10/2025 15:25
Counter Fire,CEC,0.001001008,-0.12536934,-1.7535531,0,10009.70006,0,11/10/2025 15:25
NightVerse Game,NVG,0.002291708,4.60493129,13.03422369,0,10007.90772,0,11/10/2025 15:25
Bitcat,BITCAT,0.000153367,-0.60566429,0.85798235,0,9976.889547,0,11/10/2025 15:25
sudoswap,SUDO,0.026937846,-1.21178472,-9.47364509,0,9965.30672,0,11/10/2025 15:25
DPRating,RATING,0.000136501,7.22295644,6.41732129,0,9990.509237,0,11/10/2025 15:25
Kintsugi,KINT,0.051214658,4.60130643,0.39577423,0,10003.47919,0,11/10/2025 15:25
FairERC20,ferc,0.008229233,-14.53570181,-5.41792945,0,9975.309763,0,11/10/2025 15:25
Zamio,ZAM,8.55E-05,1.4775474,25.90291176,0,9934.95029,0,11/10/2025 15:25
Anryton,MOL,0.075607472,-6.71926324,-13.78746144,0,9952.564935,0,11/10/2025 15:25
Cellula,CELA,6.75E-05,9.60855067,10.60239511,0,9949.962802,0,11/10/2025 15:25
Do Your Own Research,DYOR,4.51E-05,-3.94251692,-13.56945013,0,9949.372308,0,11/10/2025 15:25
Santacoin,SANTA,0.000172367,-7.51207398,2.77895961,0,9920.9033,0,11/10/2025 15:25
GameOnForge,GO4,0.075639338,57.09243899,-46.2267132,0,9912.076677,0,11/10/2025 15:25
Hadeswap,HADES,0.008364898,-0.84804208,-13.63195898,0,9906.372842,0,11/10/2025 15:25
Fire Protocol,FIRE,0.000498893,16.73154495,10.34216648,0,9905.131327,0,11/10/2025 15:25
Essentia,ESS,0.000157666,-3.91727359,3.78853638,0,9908.174413,0,11/10/2025 15:25
AthenaX9,AIX9,0.000656158,0.33516427,-6.76319673,0,9910.983828,0,11/10/2025 15:25
Milo Inu,MILO,3.12E-09,-3.61630187,-9.91710035,0,9891.576433,0,11/10/2025 15:25
Sukhavati Network,SKT,0.000753538,-4.46691134,-10.49133867,0,9870.24502,0,11/10/2025 15:25
AI Meta Club,AMC,0.050709111,0.57698422,-4.23148867,0,9846.131576,0,11/10/2025 15:25
Majo,MAJO,0.003062001,-6.3088249,5.7666471,0,9834.619952,0,11/10/2025 15:25
Race Kingdom,ATOZ,0.028800611,1.2935711,-1.14142523,0,9850.506659,0,11/10/2025 15:25
Real Realm,REAL,0.000117065,-2.98414869,15.65698035,0,9834.101845,0,11/10/2025 15:25
AmazingTeamDAO,AMAZINGTEAM,0.989687484,1.82332274,-0.61100818,0,9831.406191,0,11/10/2025 15:25
Kryptonite,SEILOR,0.000404015,3.90964835,-4.82878456,0,9821.376698,0,11/10/2025 15:25
OPEN Ticketing Ecosystem,OPN,9.87E-05,1.7647457,-4.86178399,0,9808.633284,0,11/10/2025 15:25
One Cash,ONC,0.057814552,2.12349627,6.49315301,0,9784.198933,0,11/10/2025 15:25
Cronos ID,CROID,0.014832211,3.3386659,-9.34880972,0,9775.661588,0,11/10/2025 15:25
BlockCDN,BCDN,0.000274174,2.70075624,16.27519852,0,9772.022909,0,11/10/2025 15:25
MAGIKAL.ai,MGKL,7.35E-08,0.00363512,-2.48153165,0,9764.546048,0,11/10/2025 15:25
0xy,0XY,0.024612407,1.53672706,0.17651149,0,9751.220605,0,11/10/2025 15:25
Taproot Exchange,TAPROOT,0.000311733,-7.35686393,13.26693519,0,9743.433865,0,11/10/2025 15:25
Tractor,TRACTOR,17.15290903,1.75683619,13.76271133,0,9739.879528,0,11/10/2025 15:25
KEK,KEK,5.77E-10,-23.81701518,9.04622216,0,9737.901342,0,11/10/2025 15:25
XREATORS,ORT,0.000335968,-19.20810227,-11.42322282,0,9723.930904,0,11/10/2025 15:25
Dash 2 Trade,D2T,0.000363112,-0.17183551,-24.9977542,0,9740.833911,0,11/10/2025 15:25
Midnight Evergreen,NIGHT,0.00032653,-0.10966594,-7.84466203,0,9693.761633,0,11/10/2025 15:25
GHHS Healthcare,GHHS,0.169999703,11.96469246,-7.12216091,0,9691.372922,0,11/10/2025 15:25
Pine,PINE,0.00237938,3.13739559,-5.58906146,0,9697.235448,0,11/10/2025 15:25
BaconDAO,BACON,0.000260444,-0.85521837,15.43675247,0,9687.255753,0,11/10/2025 15:25
Stella Fantasy,SFTY,0.000861591,-4.84552768,6.22733575,0,9646.240064,0,11/10/2025 15:25
MMPRO Token,MMPRO,0.004725466,-6.62455973,-2.96861107,0,9694.971766,0,11/10/2025 15:25
HOMSTOKEN,HOMS,3.40E-05,54.49288701,13.31850201,0,9662.169428,0,11/10/2025 15:25
Youclout,YCT,3.90E-05,-0.15959595,14.8724211,0,9663.256791,0,11/10/2025 15:25
dFund,DFND,0.000225399,-0.10509038,1.02342018,0,9656.732627,0,11/10/2025 15:25
UNION Protocol Governance Token,UNN,0.000160802,-1.49614249,-9.28618186,0,9657.125386,0,11/10/2025 15:25
T23,T23,8.66E-11,0.65332635,4.6664783,0,9677.376201,0,11/10/2025 15:25
Pi INU,PINU,1.39E-07,8.80782843,9.03550116,0,9649.774286,0,11/10/2025 15:25
DeFi Warrior (FIWA),FIWA,4.16E-05,-0.67955909,1.73776307,0,9624.56376,0,11/10/2025 15:25
Waterfall,WATER,0.000255655,-3.52294367,-38.17136195,0,9642.648711,0,11/10/2025 15:25
Swan Chain,SWAN,0.001587659,-0.95348907,-8.65680588,0,9631.914003,0,11/10/2025 15:25
Skrumble Network,SKM,3.52E-05,-3.956807,-9.85374291,0,9635.292242,0,11/10/2025 15:25
NASDEX,NSDX,0.005595473,-0.28109615,-11.15524995,0,9631.371418,0,11/10/2025 15:25
TaleCraft,CRAFT,0.001795414,2.47176552,12.76691166,0,9645.918798,0,11/10/2025 15:25
League of Ancients,LOA,0.001468384,-5.23647476,2.79449864,0,9624.09601,0,11/10/2025 15:25
The Rug Game,TRG,1.00E-07,0.97432654,-17.92847091,0,9623.937257,0,11/10/2025 15:25
Stargaze,STARS,0.000806227,0.99165431,14.64974817,0,9611.67554,0,11/10/2025 15:25
NOOT (Ordinals),NOOT,7.48E-05,8.31188293,2.36829897,0,9566.491901,0,11/10/2025 15:25
Changer,CNG,0.005323874,10.32957987,-11.69159966,0,9595.352451,0,11/10/2025 15:25
Ramestta,RAMA,0.024995561,-13.81730425,-16.68970109,0,9593.920783,0,11/10/2025 15:25
Karmaverse,KNOT,0.002624753,-1.01412181,26.0700783,0,9591.323667,0,11/10/2025 15:25
AsMatch,ASM,0.021045481,-0.35400931,-3.06340744,0,9589.640668,0,11/10/2025 15:25
Love Monster,LOVE,7.34E-06,-14.58265247,-28.83467419,0,9572.605172,0,11/10/2025 15:25
BULL BTC CLUB,BBC,2.36E-05,-3.23386313,-7.18460187,0,9552.701466,0,11/10/2025 15:25
Alpaca City,ALPA,0.008760175,0.56648386,12.6721866,0,9536.539953,0,11/10/2025 15:25
TAP FANTASY,TAP,0.000119304,-0.84056967,-10.23642769,0,9547.509721,0,11/10/2025 15:25
Casper AI,AIAGENT,0.000620767,-1.55966088,-14.12411809,0,9524.52889,0,11/10/2025 15:25
Schrodinger,SGR,0.299635659,-0.0179112,-3.47484705,0,9553.568387,0,11/10/2025 15:25
Powerloom,POWER,0.003728761,8.47273017,-2.90384412,0,9537.0191,0,11/10/2025 15:25
Game.com,GTC,7.48E-05,3.08070726,37.30007375,0,9541.367602,0,11/10/2025 15:25
Pando,PANDO,7.55E-05,5.18934423,13.67861128,0,9513.180774,0,11/10/2025 15:25
Attack Wagon,ATK,0.000192988,-4.08937328,-12.58292066,0,9517.778119,0,11/10/2025 15:25
HIRO,HRT,3.95E-05,8.97484561,35.2404132,0,9503.407839,0,11/10/2025 15:25
Hashtagger.com,MOOO,0.021915314,-0.4266537,-2.12713221,0,9499.571096,0,11/10/2025 15:25
Crafting Finance,CRF,0.000251346,-0.0179112,-0.42475334,0,9495.818212,0,11/10/2025 15:25
WingRiders Governance Token,WRT,0.012598532,0.44885898,-5.69731602,0,9507.20787,0,11/10/2025 15:25
One Share,ONS,1.026903238,0.31659226,-1.75896411,0,9479.783095,0,11/10/2025 15:25
DuelNow,DNOW,0.002072775,-1.62609567,23.78727352,0,9476.572851,0,11/10/2025 15:25
Babylons,BABI,0.000318732,0.39146429,1.46723933,0,9465.298574,0,11/10/2025 15:25
GENIUS AI,GNUS,1.269651775,-5.98730711,17.12736107,0,9459.763168,0,11/10/2025 15:25
Doge 2.0,DOGE2.0,2.55E-10,5.60455117,-2.58221873,0,9458.074129,0,11/10/2025 15:25
Artmeta,MART,0.002913534,-1.20544574,7.9253252,0,9454.624941,0,11/10/2025 15:25
Lemond,LEMD,1.72E-05,1.3952632,1.92458825,0,9446.501234,0,11/10/2025 15:25
Fame AI,FMC,6.38E-05,30.98646386,168.0316516,0,9443.244906,0,11/10/2025 15:25
Crypticorn,AIC,0.000940265,-54.3151804,-77.0623405,0,9443.244906,0,11/10/2025 15:25
BISOSwap,BISO,0.000206181,-13.32144327,36.00438146,0,9437.436521,0,11/10/2025 15:25
99Starz,STZ,0.008275223,3.40519168,19.55825675,0,9410.523168,0,11/10/2025 15:25
SpaceMine,MINE,9.08E-05,-6.52014212,-14.17805172,0,9435.831636,0,11/10/2025 15:25
Taxa Token,TXT,0.000412711,-0.0179112,3.14462598,0,9446.630144,0,11/10/2025 15:25
Teddy Doge,Teddy V2,4.26E-11,0.6035357,-4.49929115,0,9445.374897,0,11/10/2025 15:25
SAY Coin,SAY,0.000188859,-6.22335365,-9.55658928,0,9397.029113,0,11/10/2025 15:25
Waggle Network,WAG,0.000333884,-4.47232486,-6.31938771,0,9389.064264,0,11/10/2025 15:25
Coinzix,ZIX,1.90E-05,0.36865482,2.35213158,0,9399.149113,0,11/10/2025 15:25
HurricaneSwap Token,HCT,4.00E-05,-0.29282421,-0.30002624,0,9371.84048,0,11/10/2025 15:25
Empire Token,EMPIRE,0.00010759,0.5929925,-8.16751251,0,9399.209719,0,11/10/2025 15:25
LILLIUS,LLT,0.000339927,-0.0179112,-2.63462601,0,9397.530802,0,11/10/2025 15:25
STIX,STIX,4.42E-05,-11.35587053,1.80651108,0,9376.795405,0,11/10/2025 15:25
MemePad,MEPAD,0.001320051,-4.49097129,-2.99571785,0,9400.390777,0,11/10/2025 15:25
Reign of Terror,REIGN,0.000234478,-0.54731817,13.9913758,0,9394.560804,0,11/10/2025 15:25
HNB Protocol,HNB,7.54E-05,-5.03276581,16.06344903,0,9384.046939,0,11/10/2025 15:25
TridentDAO,PSI,0.003528242,-3.59650508,-8.45904979,0,9380.540825,0,11/10/2025 15:25
Work X,WORK,0.001323575,14.39277523,-0.2570782,0,9381.071863,0,11/10/2025 15:25
Runesterminal,RUNI,0.02100149,-4.52773387,-9.3076264,0,9382.626858,0,11/10/2025 15:25
Global Entertainment Token,GET,0.001201119,-0.16385207,31.85987756,0,9364.913753,0,11/10/2025 15:25
UFORIKA,FORA,7.57E-05,0.41533942,-10.49836862,0,9365.825628,0,11/10/2025 15:25
zkApes,ZAT,1.66E-09,-5.64326124,7.06679124,0,9364.670447,0,11/10/2025 15:25
SoPay,SOP,3.07E-05,0.29527706,3.02076846,0,9362.460062,0,11/10/2025 15:25
dKloud,DKT,0.002065502,-6.63650956,-42.81790222,0,9360.24773,0,11/10/2025 15:25
Effect AI [New],EFFECT,0.005881967,0.646678,-0.63779282,0,9360.915417,0,11/10/2025 15:25
MAI,MIMATIC,0.999259789,-0.01183683,0.00394515,0,9352.237206,0,11/10/2025 15:25
STIMA,STIMA,1.003921701,-0.0512979,-0.03808073,0,9346.277482,0,11/10/2025 15:25
Best Patent,BPT,0.000713433,-3.02681801,12.22902915,0,9334.083575,0,11/10/2025 15:25
Superpower Squad,SQUAD,6.87E-05,-3.1700462,34.35542105,0,9324.256098,0,11/10/2025 15:25
reBaked,BAKED,0.000494694,0.3064427,1.52533652,0,9311.092034,0,11/10/2025 15:25
PlayPad,PPAD,0.000610143,-3.24646871,-4.77930751,0,9309.449599,0,11/10/2025 15:25
Attarius Network,ATRS,0.001186845,-2.71414949,-5.13511962,0,9314.214165,0,11/10/2025 15:25
Delphy,DPY,0.006399626,4.93283332,31.99597374,0,9325.74302,0,11/10/2025 15:25
AmsterdamCoin,AMS,0.002708745,-1.30750946,-1.60653981,0,9301.229328,0,11/10/2025 15:25
Cherry Network,CHER,0.000345826,2.56169786,2.97688129,0,9301.404694,0,11/10/2025 15:25
Matching Game,MATCH,2.61E-06,1.26092947,-4.13758378,0,9278.940001,0,11/10/2025 15:25
VTRADING,VT,0.001403699,2.38865987,0.47225966,0,9254.965757,0,11/10/2025 15:25
Bnext Token,B3X,0.000158885,-0.05887695,2.77271925,0,9242.842757,0,11/10/2025 15:25
Vendetta,VDT,0.003390272,1.11519926,3.22861712,0,9231.92605,0,11/10/2025 15:25
Kontos,KOS,0.001235835,-6.28053388,4.56469834,0,9283.124721,0,11/10/2025 15:25
DNAxCAT Token,DXCT,0.016778371,-0.35016878,0.88192234,0,9231.683395,0,11/10/2025 15:25
Lucky Block v2,LBLOCK,1.59E-05,1.04260328,-6.20505635,0,9226.856965,0,11/10/2025 15:25
Phuture,PHTR,0.00386928,-1.63049884,-8.8319556,0,9225.154539,0,11/10/2025 15:25
CNNS,CNNS,0.000106384,0.70389969,7.74176646,0,9234.291761,0,11/10/2025 15:25
Morpher,MPH,0.015639245,0.7070298,2.3825579,0,9215.764424,0,11/10/2025 15:25
Mobius Finance,MOT,0.000333028,-6.47561421,3.73971927,0,9195.394017,0,11/10/2025 15:25
Versus-X,VSX,0.006025929,-3.00981013,-14.30956286,0,9194.973744,0,11/10/2025 15:25
Colend,CLND,0.033676827,-1.68898575,0.55886787,0,9201.295367,0,11/10/2025 15:25
TosDis,DIS,1.001005678,1.15592915,0.52377269,0,9200.15003,0,11/10/2025 15:25
JackPool.finance,JFI,3.063342208,-0.0179112,17.04705917,0,9204.853495,0,11/10/2025 15:25
Anvil,ANVL,0.000648253,1.71506037,-20.05756037,0,9192.862011,0,11/10/2025 15:25
RGAMES,RGAME,0.000117118,3.02915142,6.28967377,0,9172.199134,0,11/10/2025 15:25
SUPE,SUPE,0.001798071,-0.78104233,-25.99566428,0,9158.320206,0,11/10/2025 15:25
Kiba Inu,KIBA,5.22E-07,-1.27772983,14.66579894,0,9127.514365,0,11/10/2025 15:25
4-CHAN,4CHAN,4.48E-14,-4.42506595,-13.53358193,0,9099.037064,0,11/10/2025 15:25
Dopamine App,DOPE,0.001546768,-7.8997978,-1.48685095,0,9083.18299,0,11/10/2025 15:25
Copiosa Coin,COP,0.000262112,0.64242837,9.13611037,0,9085.800699,0,11/10/2025 15:25
Sway Protocol,SWAY,0.00042956,-0.48244982,-6.03849651,0,9080.510273,0,11/10/2025 15:25
ChainPort,PORTX,0.001000054,-1.08855429,-12.25780172,0,9059.460543,0,11/10/2025 15:25
DarkShield Games Studio,DKS,2.21E-05,-2.30872969,-1.77552811,0,9085.164699,0,11/10/2025 15:25
handleFOREX,FOREX,0.000722846,1.38983525,-24.94353449,0,9038.272786,0,11/10/2025 15:25
Asia Coin,ASIA,0.061713413,0.04816251,27.92258157,0,9043.69878,0,11/10/2025 15:25
Kim Exchange,KIM,0.000318281,-0.76205649,1.92513293,0,9042.625344,0,11/10/2025 15:25
TokenClub,TCT,0.00032813,-0.04836569,2.05471344,0,9055.36609,0,11/10/2025 15:25
MetaWear,WEAR,9.39E-05,-0.61928249,0.07827495,0,9014.185919,0,11/10/2025 15:25
Syrax AI,SYRAX,0.083461124,-0.07462731,10.79209315,0,9022.610267,0,11/10/2025 15:25
Green Beli,GRBE,0.000392916,-0.06876679,-7.96736349,0,9001.53178,0,11/10/2025 15:25
Ink,INK,0.000702449,-0.0179112,2.34570329,0,9004.703844,0,11/10/2025 15:25
Sentre Protocol,SNTR,0.002352778,-3.48258577,5.08271223,0,9005.445757,0,11/10/2025 15:25
MXS Games,XSEED,1.22E-05,-0.24167215,-8.92586264,0,8979.240553,0,11/10/2025 15:25
BOME GROK,GROK,2.80E-08,-59.65516671,-85.88422017,0,8996.094111,0,11/10/2025 15:25
EVERY GAME,EGAME,7.96E-06,-1.47768433,-5.55496218,0,8992.098196,0,11/10/2025 15:25
Prospective,PROS,0.035402506,-0.19607829,3.32537657,0,8951.649266,0,11/10/2025 15:25
Shibwifhat,SHIB,0.000449641,6.15466717,8.30344507,0,8903.464521,0,11/10/2025 15:25
uShark,USHARK,5.98E-05,-4.0994004,-10.76210441,0,8885.68679,0,11/10/2025 15:25
Popcoin,POP,2.77E-08,-21.16851514,-81.29668756,0,8885.7341,0,11/10/2025 15:25
Galactic Arena: The NFTverse,GAN,5.17E-05,5.62681668,-0.52830481,0,8860.816566,0,11/10/2025 15:25
ThreeFold,TFT,0.003028936,0.44525166,-14.85179685,0,8856.037495,0,11/10/2025 15:25
Zaro Coin,ZARO,0.001019424,10.14367807,8.20875174,0,8855.458106,0,11/10/2025 15:25
Bitcoin File,BIFI,0.000207755,-1.01820842,9.05009075,0,8862.559588,0,11/10/2025 15:25
Treecle,TRCL,0.001017904,0.26996059,28.98052531,0,8799.225183,0,11/10/2025 15:25
OSK,OSK,1.866145593,-3.23194329,-6.00424801,0,8765.988388,0,11/10/2025 15:25
DOGE-1 Satellite,DOGE-1,3.57E-13,-32.29836467,445.5494988,0,8760.022121,0,11/10/2025 15:25
UCBI Banking,UCBI,1.330763653,-0.47010543,8.99547877,0,8694.773348,0,11/10/2025 15:25
Trex20,TX20,0.001133457,2.58819267,-0.35417967,0,8689.63736,0,11/10/2025 15:25
SX Network,SX,0.058783151,-10.80239151,-14.33004552,0,8669.397975,0,11/10/2025 15:25
Fyde,FYDE,0.003616223,-3.82042149,-20.85744572,0,8683.99267,0,11/10/2025 15:25
RecycleX,RCX,0.022595987,27.22497481,-4.12327747,0,8649.491228,0,11/10/2025 15:25
CargoX,CXO,0.159931911,5.55227121,12.30241535,0,8629.774787,0,11/10/2025 15:25
BlockFi Ai,BFI,1.82E-05,17.41172679,-42.53113497,0,8608.628547,0,11/10/2025 15:25
Anova World Token,ANW,0.058016789,-0.17113716,-8.8908187,0,8581.642292,0,11/10/2025 15:25
CFX Quantum,CFXQ,0.001517732,-0.01928724,-0.01432505,0,8536.122616,0,11/10/2025 15:25
AITV,AITV,0.083983186,0.81372294,-1.75915288,0,8526.722549,0,11/10/2025 15:25
Pepper,PEPPER,0.000512483,-2.81578051,-11.28977263,0,8587.241055,0,11/10/2025 15:25
BetterTelegram,BTELEGRAM,7.53E-05,24.68300089,-7.32430813,0,8423.912307,0,11/10/2025 15:25
Guarantee,TEE,34.11994022,0.10969313,-0.04248475,0,8421.08606,0,11/10/2025 15:25
Feisty Doge NFT,NFD,7.12E-05,15.41797376,5.11985725,0,8390.308589,0,11/10/2025 15:25
NoLimitCoin,NLC,0.003071234,3.56226729,30.21204861,0,8373.680332,0,11/10/2025 15:25
A7A5,A7A5,0.01212707,0.97280875,1.91995883,0,8339.904416,0,11/10/2025 15:25
Morpheus,MOR,2.446327329,-0.64383779,-5.84069644,0,8326.976877,0,11/10/2025 15:25
Token.com,TOKEN,0.001935944,1.53919453,19.50835724,0,8314.969058,0,11/10/2025 15:25
LinkedNation,NATION,0.001190754,-0.29018612,1.45214701,0,8273.42692,0,11/10/2025 15:25
Clayton,CLAY,1.43E-05,19.12875546,21.14466745,0,8271.719318,0,11/10/2025 15:25
Moonlander,FM,0.01019328,4.37649026,5.87231314,0,8260.816698,0,11/10/2025 15:25
INU,INU,1.12E-09,-5.07451487,-74.03427332,0,8235.684074,0,11/10/2025 15:25
ULTRON,ULX,0.001980616,-1.12223532,6.36987982,0,8210.968667,0,11/10/2025 15:25
JUNO,JUNO,0.06700861,-0.75110828,13.9708968,0,8206.011134,0,11/10/2025 15:25
XiaoBai (xiaobai.digital),XIAOBAI,2.01E-10,-13.94024743,-33.22279167,0,8174.076518,0,11/10/2025 15:25
Infinite Money Glitch,IMG,0.001378249,0.78524921,16.93071706,0,7881.820141,0,11/10/2025 15:25
PsyOptions,PSY,0.000274791,2.23599772,4.04824681,0,7939.035534,0,11/10/2025 15:25
Edge,EDGE,0.213958441,-2.89083623,-8.69001389,0,7933.2137,0,11/10/2025 15:25
Queen Kitty,QKITTY,0.000364509,-2.30705506,-37.83018136,0,7880.815172,0,11/10/2025 15:25
BCGame Coin,BC,0.00867076,-0.4438968,1.84220048,0,7780.257808,0,11/10/2025 15:25
Neoxa,NEOX,7.20E-05,-0.58395174,5.1092925,0,7626.750551,0,11/10/2025 15:25
Companion Pet Coin,CPC,0.217563249,2.46214398,-1.34776417,0,7613.899986,0,11/10/2025 15:25
Marnotaur,TAUR,0.002370391,2.26381982,21.88102294,0,7504.955752,0,11/10/2025 15:25
Orange Diamond,Orange Diamond,0.000106217,-21.00256133,45.83866408,0,7469.863008,0,11/10/2025 15:25
Fluxbot,FLUXB,0.008225234,3.15433215,-17.16546193,0,7416.123617,0,11/10/2025 15:25
Dog Wif Nunchucks,NINJA,0.000735529,11.00427992,41.41584355,0,7264.108194,0,11/10/2025 15:25
Galactica.com,GNET,0.039893763,0.90427757,-3.07352453,0,7209.930771,0,11/10/2025 15:25
Purgy Pengoon,GOONER,0.001444003,6.53411782,39.01586138,0,7193.79636,0,11/10/2025 15:25
Stader MaticX,MATICX,0.211189941,-0.08836391,8.30443016,0,7189.190502,0,11/10/2025 15:25
Boopa,BOOPA,4.17E-05,-2.95974899,-0.72305403,0,7185.817574,0,11/10/2025 15:25
TITAN,TIT,0.040607788,-0.13208588,-2.12266889,0,7172.532445,0,11/10/2025 15:25
IoTAI,IOTAI,0.006591114,-13.82399836,-25.57145225,0,7049.382424,0,11/10/2025 15:25
WOOF,WOOF,2.95E-05,-16.234631,21.14229017,0,7004.104513,0,11/10/2025 15:25
Fjord Foundry,FJO,0.030861799,-0.70837009,-16.29353241,0,6964.967105,0,11/10/2025 15:25
Wrapped BESC,WBESC,2.571577688,0.67543163,-17.89983812,0,6947.831843,0,11/10/2025 15:25
Dannycoin,DAN,0.000920882,0.18618596,-11.30733072,0,6832.828126,0,11/10/2025 15:25
Big Dog Fink,BINK,0.000173952,0.71873412,2.69070093,0,6810.453852,0,11/10/2025 15:25
ICPSwap Token,ICS,0.006967877,-13.59669261,75.56695331,0,6792.445975,0,11/10/2025 15:25
MEMES,MEMES,1.77E-05,-5.87749419,-16.53251185,0,6772.994786,0,11/10/2025 15:25
Jackal Protocol,JKL,0.020964095,-1.59166788,-17.75831398,0,6710.062153,0,11/10/2025 15:25
Merkle Trade,MKL,0.06739031,-8.98019237,-0.50980102,0,6722.957389,0,11/10/2025 15:25
Provenance Blockchain,HASH,0.032796589,15.81746396,13.84969217,0,6614.922745,0,11/10/2025 15:25
Kryptokrona,XKR,0.000704789,-2.58949115,19.29545337,0,6493.728295,0,11/10/2025 15:25
Mixin,XIN,77.47470679,3.18025994,1.52991928,0,6480.225197,0,11/10/2025 15:25
Cheyenne,CHEYENNE,0.000127835,12.07970907,7.39112987,0,6468.924342,0,11/10/2025 15:25
GHOAD,GHOAD,6.58E-05,8.98464499,27.80152863,0,6468.672227,0,11/10/2025 15:25
Banana Chain,BANANA,0.00012969,-22.16939766,18.84064888,0,6438.657072,0,11/10/2025 15:25
LiNEAR Protocol,LNR,0.000675138,-0.98365794,-17.38898775,0,6416.132365,0,11/10/2025 15:25
CHONKY,CHONKY,6.19E-07,-27.3787724,46.11450801,0,6322.865252,0,11/10/2025 15:25
Boundless Network,BUN,0.000113584,-13.62120216,-41.98845526,0,6258.539665,0,11/10/2025 15:25
Nitro League,NITRO,0.000175636,0.49925837,8.46896884,0,6225.111236,0,11/10/2025 15:25
Hydration,HDX,0.006460083,-0.59564814,0.81958009,0,6155.058097,0,11/10/2025 15:25
Synthesizer Dog,SYNDOG,5.16E-05,-32.87677144,-37.87573735,0,6149.008139,0,11/10/2025 15:25
Spintria,SP,0.004951857,0.65308997,6.02047395,0,6136.174428,0,11/10/2025 15:25
Loomlay,LAY,0.003946409,-0.69788291,-9.04249774,0,6133.635574,0,11/10/2025 15:25
Stonks,STONKS,3.83E-06,-1.01142313,-17.46414115,0,6099.829315,0,11/10/2025 15:25
Spectra,SPECTRA,0.01500951,2.92075401,7.58808276,0,5957.808122,0,11/10/2025 15:25
The Kingdom Coin,TKC,0.012831212,-7.37973009,-8.67108959,0,5933.120454,0,11/10/2025 15:25
InspireAI,INSP,0.000178158,-0.01009547,-0.0097539,0,5691.998686,0,11/10/2025 15:25
DebtCoin,DEBT,0.000213626,-4.68882911,-37.68185605,0,5691.807437,0,11/10/2025 15:25
Solana Money Loop,LOOP,8.71E-05,-30.88082829,-57.49450025,0,5664.962159,0,11/10/2025 15:25
VOLT.WIN,VOLT,0.000914393,26.20366944,-15.24444169,0,5613.07829,0,11/10/2025 15:25
AIA Chain,AIA,0.001705697,3.87541452,8.11584337,0,5566.118154,0,11/10/2025 15:25
Pepe,PEPE,0.000661047,2.22374311,3.64447239,0,5562.658794,0,11/10/2025 15:25
Optio,OPT,0.003998159,3.84603284,-27.43161423,0,5522.251666,0,11/10/2025 15:25
Nodewaves,NWS,0.000635672,2.07888158,-7.61398205,0,5479.101577,0,11/10/2025 15:25
Bankcoin,BANK,2.08E-05,-4.74838626,-11.28315442,0,5471.553156,0,11/10/2025 15:25
Omnis Genesis by Virtuals,OMNI,0.00010044,0.54419844,-27.54932224,0,5465.529233,0,11/10/2025 15:25
NIAO,NIAO,3.85E-10,1.86059745,0.47012626,0,5352.748052,0,11/10/2025 15:25
XSwap Protocol,XSP,0.000376022,12.79701678,16.82891285,0,5345.557801,0,11/10/2025 15:25
Outter Finance,OUT,0.000210935,-6.18986995,4.15753092,0,5319.749304,0,11/10/2025 15:25
Liquid CRO,LCRO,0.165028793,3.35353662,2.80023979,0,5221.125548,0,11/10/2025 15:25
Backstage,BKS,0.003932341,-3.49902671,-31.1907955,0,4828.520682,0,11/10/2025 15:25
Evernode,EVR,0.229037651,0.01079668,1.17227761,0,5176.168978,0,11/10/2025 15:25
Obortech,OBOT,0.00446009,-0.65123,6.77453824,0,5115.470753,0,11/10/2025 15:25
DeepFakeAI,FAKEAI,0.000893027,5.93137138,-0.6620395,0,5109.355387,0,11/10/2025 15:25
Project Rescue,RESCUE,0.213085264,-0.00195925,-0.02148739,0,4999.328023,0,11/10/2025 15:25
Niggachain AI Layer 2,N2,0.000121384,0.97086979,16.71805261,0,5061.969108,0,11/10/2025 15:25
Buy the DIP,DIP,0.00065171,2.88912506,3.31630749,0,5042.45705,0,11/10/2025 15:25
TOKEN6900,T6900,0.002070341,2.30074383,-5.74891372,0,5027.186298,0,11/10/2025 15:25
TONNEL Network,TONNEL,1.378599366,3.99496458,9.58767718,0,5007.104377,0,11/10/2025 15:25
HALO COIN,HALO,1.19E-05,-0.27263815,-0.69467956,0,4997.563739,0,11/10/2025 15:25
Lavita AI,LAVITA,0.004238487,-96.61525867,252.5394059,0,4949.419382,0,11/10/2025 15:25
Bitcoin Pizza Day,PIZZA,0.138638856,4.42577591,30.97878177,0,4948.686875,0,11/10/2025 15:25
EVA AI,EVA,0.014269564,-1.91907394,7.80165044,0,4946.728977,0,11/10/2025 15:25
Croak,CROAK,0.000723675,10.03794157,-4.24986469,0,4940.407082,0,11/10/2025 15:25
Book of Binance,BOOK,0.003135611,-0.55947424,-6.08218386,0,4927.062993,0,11/10/2025 15:25
Web3PVZ,ZP,1.09E-05,22.3995975,-27.02627546,0,4909.54974,0,11/10/2025 15:25
Distribute.ai,DIS,0.001516997,1.50513802,7.74680377,0,4865.887884,0,11/10/2025 15:25
AASToken,AAST,0.001914221,20.56084254,44.74611843,0,4860.824623,0,11/10/2025 15:25
Starcoin,STC,0.001260503,4.57755098,21.96227514,0,4857.302178,0,11/10/2025 15:25
Laïka,LAIKA,0.106091022,3.22054585,-10.72922369,0,4843.038302,0,11/10/2025 15:25
Evrmore,EVR,5.14E-05,-1.08340435,0.80390213,0,4819.393146,0,11/10/2025 15:25
Brilliantcrypto,BRIL,0.014137568,0.71114123,21.69423166,0,4803.919263,0,11/10/2025 15:25
ChompCoin,CHOMP,0.017646304,3.51879034,7.88809208,0,4793.395239,0,11/10/2025 15:25
Game 5 BALL,BALL,0.002420675,-0.55233972,-2.68969483,0,4754.393775,0,11/10/2025 15:25
Flurry Finance,FLURRY,0.000301933,2.06583749,-0.339214,0,4718.412888,0,11/10/2025 15:25
Ribus,RIB,0.007465289,2.65298478,-0.50924084,0,4711.018009,0,11/10/2025 15:25
Gala Music,MUSIC,0.004406964,-1.0214087,-0.59622234,0,4651.762965,0,11/10/2025 15:25
Frencoin,FREN,2.42E-07,-0.5110411,-11.69989459,0,4621.70034,0,11/10/2025 15:25
DORA AI by Virtuals,DORA,0.000450376,-1.15891892,1.5060125,0,4609.186751,0,11/10/2025 15:25
Utherverse Xaeon,UTHR,0.070246029,-4.68772357,29.64241664,0,4560.543956,0,11/10/2025 15:25
Beets,BEETS,0.013390165,-11.42296389,30.18700443,0,4556.813919,0,11/10/2025 15:25
SNORT,SNORT,0.000425411,-5.44000277,-6.94537129,0,4534.041835,0,11/10/2025 15:25
IRR,TOMAN,4.20E-06,-72.55490393,-62.16527039,0,4503.621942,0,11/10/2025 15:25
TIWICAT,TWC,6.50E-10,-0.71611454,-7.56279364,0,4496.026664,0,11/10/2025 15:25
Limbo,$LIMBO,0.001275581,-3.34678809,-9.48438795,0,4489.677853,0,11/10/2025 15:25
Defender Bot,DFNDR,0.000820928,-22.50192193,-34.8958,0,4458.849245,0,11/10/2025 15:25
FISH N CHIPS,CHIPPY,0.001018418,1.05043606,36.05645139,0,4448.000962,0,11/10/2025 15:25
BIBI,BIBI,1.26E-10,-5.96301618,-5.19508184,0,4440.03221,0,11/10/2025 15:25
Data Lake,LAKE,0.000172117,-7.81689965,-13.98003657,0,4435.091641,0,11/10/2025 15:25
Velvet Unicorn by Virtuals,VU,0.00088754,-4.04639794,-6.95097717,0,4431.248827,0,11/10/2025 15:25
LFIT,LFIT,0.637320893,-0.02709773,-0.1735655,0,4417.821821,0,11/10/2025 15:25
Medifakt,FAKT,0.000376602,-0.46235614,-1.44952539,0,4404.454761,0,11/10/2025 15:25
ideax,IDX,0.002735774,-0.25607756,-2.33484401,0,4327.790871,0,11/10/2025 15:25
EfficientFrontier,SN53,2.911552491,-1.76858315,-18.96646879,0,4362.415702,0,11/10/2025 15:25
HDOKI,OKI,0.000423005,0.22951692,0.23619215,0,4355.242741,0,11/10/2025 15:25
The Big Five Token,BFT,1.90E-05,2.31445101,-4.28635309,0,4354.283345,0,11/10/2025 15:25
Elon for AfD,ELON4AFD,0.002498467,-6.12806499,-1.64851462,0,4323.379922,0,11/10/2025 15:25
ROCKY,ROCKY,0.000521319,-9.32671393,-10.46011442,0,4308.943592,0,11/10/2025 15:25
Six Sigma Sports,$SIX,0.015436566,6.47462081,-0.69976737,0,4292.55705,0,11/10/2025 15:25
Growlimitless,GLL,0.00033069,4.30685444,12.73198071,0,4264.92379,0,11/10/2025 15:25
Flight Coin,FLIGHT,1.02E-06,-0.32520502,-6.53947594,0,4195.126609,0,11/10/2025 15:25
Yield Yak,YAK,305.3692948,-1.75944302,-7.24248554,0,4183.665857,0,11/10/2025 15:25
Cradle,CRADLE,1.081306232,0.39165134,0.61131198,0,4172.986412,0,11/10/2025 15:25
BitDAO,BIT,1.31208437,-3.07520295,6.12988707,0,4166.841422,0,11/10/2025 15:25
FUD,FUD,2.01E-08,-1.32448038,80.57645017,0,4145.188817,0,11/10/2025 15:25
Trisolaris,TRI,0.000469307,-6.06711864,22.78615394,0,4126.131498,0,11/10/2025 15:25
KIZUNA,KIZUNA,9.77E-10,-7.32612546,-9.80619215,0,4120.30282,0,11/10/2025 15:25
TON FISH MEMECOIN,FISH,4.34E-09,-1.45299984,10.9939055,0,4052.385893,0,11/10/2025 15:25
THE LAND ELF Crossing,ELF,0.003764083,-5.14850573,-3.23766289,0,4049.571022,0,11/10/2025 15:25
SwapX,SWPX,0.021282716,-3.4541892,4.01823561,0,4032.35814,0,11/10/2025 15:25
Silent Notary,UBSN,3.21E-06,41.33334456,19.32050602,0,4031.389722,0,11/10/2025 15:25
MMDAO,$MMDAO,0.004112082,-8.17995133,-14.85243627,0,4030.55918,0,11/10/2025 15:25
YieldBricks,YBR,0.001508338,16.30236046,80.61452372,0,4025.606109,0,11/10/2025 15:25
PEPE 0x69 ON BASE,PEPE,5.45E-10,-4.32146718,-19.27980441,0,3970.1188,0,11/10/2025 15:25
GM Wagmi,GM,0.000799848,-0.02807292,-0.02764131,0,3940.249607,0,11/10/2025 15:25
Pulsechain,PLS,2.99E-05,1.73833557,5.46195047,0,3926.448124,0,11/10/2025 15:25
Blue Norva,BLU,0.000140006,7.85181591,19.88758234,0,3826.629642,0,11/10/2025 15:25
SolCard,SOLC,0.01529005,4.42561426,10.92841449,0,3826.100964,0,11/10/2025 15:25
Vancelian,AKTIO,0.106690177,0.87021231,-4.48815113,0,3806.317824,0,11/10/2025 15:25
DECENTRALIZED (Runes),DECENTRALIZED,2.73E-05,4.44014338,12.87609464,0,3802.920378,0,11/10/2025 15:25
BullGod,BULLGOD,0.000139667,-12.63315766,-25.39479852,0,3797.816299,0,11/10/2025 15:25
SILVER,$SILVER,6.44E-14,8.72994439,18.8359098,0,3780.979911,0,11/10/2025 15:25
OKT Chain,OKT,4.960419018,-0.02807292,-0.02764131,0,3700.553215,0,11/10/2025 15:25
TENET,TENET,8.13E-05,140.7545889,156.1249913,0,3636.277901,0,11/10/2025 15:25
PUGWIFHAT,PUGWIF,0.000143771,-7.10796544,6.34143219,0,3629.956009,0,11/10/2025 15:25
Brian,BRIAN,0.000727578,-7.29741151,-13.74876677,0,3494.141967,0,11/10/2025 15:25
Wigl,WIGL,0.060216992,-1.48531889,-2.15298232,0,3458.919973,0,11/10/2025 15:25
Z,Z,9.27E-05,2.5035902,25.51898872,0,3458.349845,0,11/10/2025 15:25
Zarraz Dollar,ZD,0.019313188,-0.65036534,-0.98759078,0,3414.275155,0,11/10/2025 15:25
BOBER,BOBER,0.000129249,-0.6270484,10.87467909,0,3404.395115,0,11/10/2025 15:25
PESHI,PESHI,3.81E-07,-5.60077519,4.73957506,0,3401.810716,0,11/10/2025 15:25
ai16zterminalfartARCzereLLMswarm,GUDTEK,2.70E-05,5.60406537,-2.83557049,0,3399.346716,0,11/10/2025 15:25
capybara,CAPY,3.89E-07,2.19312059,3.98310676,0,3393.813104,0,11/10/2025 15:25
ORC,ORC,0.000574383,8.86203589,29.18596755,0,3393.488758,0,11/10/2025 15:25
Pakcoin,PAK,0.004016031,-0.21859824,0.15385664,0,3375.827765,0,11/10/2025 15:25
Indigo Protocol - iUSD,IUSD,1.012048024,-0.20441462,1.53994163,0,3360.595123,0,11/10/2025 15:25
WATER,$WATER,9.85E-06,-5.71716729,-11.33252774,0,3358.865909,0,11/10/2025 15:25
Pug Inu,PUG,2.21E-10,-18.11779907,-13.74328472,0,3345.628179,0,11/10/2025 15:25
PYRATE,PYRATE,2.98E-05,4.02040578,25.67487912,0,3339.843319,0,11/10/2025 15:25
NIX,NIX,0.003718989,-3.83713637,-2.59062437,0,3283.833769,0,11/10/2025 15:25
Print Protocol,PRINT,7.77E-05,3.65147047,23.1916581,0,3279.600776,0,11/10/2025 15:25
KunaiKash,KUNAI,0.021919615,-2.73620548,1.07214029,0,3262.011823,0,11/10/2025 15:25
Lux King Tech,LKT,330.8540551,-30.40649183,-41.92315882,0,3252.355655,0,11/10/2025 15:25
Crypto BAN,BAN,0.005572688,-0.74191144,2.5277078,0,3249.753829,0,11/10/2025 15:25
aaa cat,AAA,3.49E-05,1.60680801,38.49753662,0,3228.396603,0,11/10/2025 15:25
HODL,HODL,5.92E-05,-0.33435281,-1.73229748,0,3219.018069,0,11/10/2025 15:25
Yeet,YEET,0.002494507,12.64662582,5.72381612,0,3208.301933,0,11/10/2025 15:25
Falcons,FAH,1.344316971,-0.86829908,-1.02934111,0,3208.279828,0,11/10/2025 15:25
Solana ID,SOLID,0.003055366,1.86037984,-0.09809578,0,3204.327139,0,11/10/2025 15:25
MTH Network,MTHN,0.108380751,-2.97514443,2.13952575,0,3185.971274,0,11/10/2025 15:25
GM Everyday,GM,3.58E-05,-0.67004923,-8.51969498,0,3146.0901,0,11/10/2025 15:25
Polymath,POLY,0.097737435,5.67595049,-0.09663613,0,3143.98848,0,11/10/2025 15:25
Asvoria,ASV,0.010571146,-6.80901788,8.98649658,0,3123.081862,0,11/10/2025 15:25
Mint Token,MT,0.005548308,-0.99921095,1.72465896,0,3122.189005,0,11/10/2025 15:25
Bonk on Base,BONK,1.62E-09,8.62712609,8.75878666,0,3084.278783,0,11/10/2025 15:25
PEPE (Ordinals),PEPEBRC,0.022490597,-5.49300319,31.83574813,0,3082.568842,0,11/10/2025 15:25
Yes Chad,YES,7.12E-05,2.45850684,-7.64430391,0,3061.616139,0,11/10/2025 15:25
Molten,MOLTEN,0.038506451,-14.96563474,-17.6278073,0,3025.131348,0,11/10/2025 15:25
$SILVER,$SILVER,1.98E-13,20.92595645,-4.53354651,0,2999.677563,0,11/10/2025 15:25
SundaeSwap,SUNDAE,0.002992125,1.56907577,7.39448403,0,2980.799061,0,11/10/2025 15:25
Kitten Haimer,KHAI,0.01159433,2.3099207,-4.87030106,0,2968.020746,0,11/10/2025 15:25
BabyBuilder,BBOB,9.52E-05,-8.75115015,-11.87457973,0,2916.587224,0,11/10/2025 15:25
Wrapped MistCoin,WMC,3.190803128,0.81756956,-7.20841019,0,2898.097731,0,11/10/2025 15:25
Real USD,USDR,0.114125978,-9.84334751,-13.22356685,0,2872.600494,0,11/10/2025 15:25
Note,NOTE,1.001522479,0.33375206,0.17754875,0,2868.748581,0,11/10/2025 15:25
Rewind Protocol,FWD,0.399925602,0.85813282,2.08575211,0,2859.899112,0,11/10/2025 15:25
Cat Protocol,OPCAT,0.030254503,4.27924413,8.1560332,0,2851.315311,0,11/10/2025 15:25
Moola Celo EUR,mCEUR,1.158435529,0.19818545,0.04661587,0,2851.323852,0,11/10/2025 15:25
Mars Protocol,MARS,0.010711848,-0.7181463,0.09594366,0,2810.389134,0,11/10/2025 15:25
IC GHOST,GHOST,4.05E-05,-21.376187,22.02389144,0,2799.729391,0,11/10/2025 15:25
QIE Blockchain,QIE,0.032979981,6.44341667,72.35987939,0,2786.199941,0,11/10/2025 15:25
DeDust,DUST,0.924146175,0.08441851,-2.03252198,0,2782.456802,0,11/10/2025 15:25
67COIN,67,3.80E-15,317.1459906,-21.30127624,0,2779.285205,0,11/10/2025 15:25
ZED Token,ZED,0.004988886,-0.12476895,7.95585002,0,2775.721653,0,11/10/2025 15:25
FireBot,FBX,0.358289691,-1.09707578,10.37462596,0,2738.936236,0,11/10/2025 15:25
C4E,C4E,0.00326341,1.10475311,6.9708454,0,2721.340173,0,11/10/2025 15:25
Forgotten Playland,FP,0.000135154,-20.44657716,-4.13316722,0,2716.027705,0,11/10/2025 15:25
Frax Price Index Share,FPIS,0.290600843,-3.71489585,-6.87499735,0,2705.058392,0,11/10/2025 15:25
MM Finance (Cronos),MMF,0.000148096,2.29734345,1.82246528,0,2704.411107,0,11/10/2025 15:25
SHIBAAI,SHIBAAI,8.29E-10,-4.64480941,-3.37082837,0,2703.701004,0,11/10/2025 15:25
Typus,TYPUS,0.005165895,7.64455967,4.66029617,0,2680.78435,0,11/10/2025 15:25
Jet2Holidays,JET2,7.12E-05,1.09448038,8.8542694,0,2664.883187,0,11/10/2025 15:25
Peace Network,PC,0.025995383,3.97080416,-10.36960945,0,2655.229095,0,11/10/2025 15:25
HOLO (holol0gs.lovable.app),HOLO,0.000240406,7.09350389,2.5761019,0,2592.084055,0,11/10/2025 15:25
ViCA Token,VICA,8.10E-05,13.59049131,19.10758751,0,2588.321529,0,11/10/2025 15:25
SuiAI,SUAI,0.001250683,2.89433862,11.34857877,0,2588.343748,0,11/10/2025 15:25
Green,GREEN,0.000374412,2.35615168,4.08695377,0,2582.892967,0,11/10/2025 15:25
ZynCoin,ZYN,0.002643026,10.07397524,9.88690865,0,2581.718044,0,11/10/2025 15:25
Cheese,CHEESE,0.000296795,-4.73734616,-10.29765382,0,2580.374829,0,11/10/2025 15:25
Todin,TDN,0.001111272,3.3157285,35.06775576,0,2590.534558,0,11/10/2025 15:25
BlueyonBase,BLUEY,0.000161502,-11.95573391,-19.12801453,0,2570.108403,0,11/10/2025 15:25
CoinPoker,CHP,0.040857651,-3.69248243,-0.95091715,0,2565.945893,0,11/10/2025 15:25
EURØP,EUROP,1.154692867,-0.13656889,0.00567157,0,2522.691062,0,11/10/2025 15:25
Xrp Classic (new),XRPC,0.000678314,-4.82882401,4.28969667,0,2522.052503,0,11/10/2025 15:25
SAVVA,SAVVA,0.003538627,3.96254211,3.14462112,0,2510.232464,0,11/10/2025 15:25
Cloudbric,CLBK,0.000630178,-17.70600074,-24.84272429,0,2499.099471,0,11/10/2025 15:25
Fleabone,BONE,7.73E-08,3.66632522,12.17752832,0,2482.080834,0,11/10/2025 15:25
Ethernity Chain,ERN,0.059003902,6.68627854,-0.72476615,0,2478.101171,0,11/10/2025 15:25
Defi Tiger,DTG,2.38E-09,2.96069919,9.15628176,0,2473.882734,0,11/10/2025 15:25
HeeeHeee,HEEHEE,0.000844901,-2.75865091,-11.5529562,0,2432.802054,0,11/10/2025 15:25
DOGECUBE,DOGECUBE,2.20E-06,0.01077898,0.01264152,0,2422.469352,0,11/10/2025 15:25
International Meme Fund,IMF,8.10E-05,0.91738416,23.73976239,0,2403.569283,0,11/10/2025 15:25
Amber Soul Stone,AMBER,6.68E-06,-13.62049894,11.42852094,0,2403.546565,0,11/10/2025 15:25
Passage,PASG,0.000731084,5.72033984,2.3419282,0,2388.470351,0,11/10/2025 15:25
Spiderswap,SPDR,0.009462682,-0.62675655,-13.51145436,0,2375.439017,0,11/10/2025 15:25
EtherPOS,ETPOS,0.196953313,2.03781961,-2.00287579,0,2373.240709,0,11/10/2025 15:25
Navigator Exchange,NAVI,0.151023116,-8.12314476,25.92735393,0,2356.387508,0,11/10/2025 15:25
Seba,SEBA,0.000704875,-0.72551012,-2.76288295,0,2346.284424,0,11/10/2025 15:25
Timeless,TIMELESS,1.81E-05,-30.78931098,9.8489392,0,2343.303507,0,11/10/2025 15:25
INFERNO,INF,5.73E-08,44.01904788,32.3855084,0,2337.480184,0,11/10/2025 15:25
Mindscraft,MINDS,5.76E-05,-7.0293651,-42.81611746,0,2335.156626,0,11/10/2025 15:25
LOVE,LOVE,4.47E-06,-19.75636653,-19.75636653,0,2326.099696,0,11/10/2025 15:25
LUKSO [Old],LYXe,0.758665236,0.80257544,18.02948937,0,2318.955962,0,11/10/2025 15:25
SuperGrok,SUPERGROK,9.50E-05,15.82141434,51.02084922,0,2317.28972,0,11/10/2025 15:25
Kendu Inu,KENDU,5.37E-08,-92.94793185,-14.78022758,0,2316.202307,0,11/10/2025 15:25
DOLZ,DOLZ,0.005235111,-1.49321468,-8.6236009,0,2312.614442,0,11/10/2025 15:25
AI,AI,0.000189311,-2.84482368,-8.6967978,0,2274.441165,0,11/10/2025 15:25
Liquid KSM,LKSM,2.369781991,0.52477576,28.87499586,0,2273.161849,0,11/10/2025 15:25
Talentum,TAL,272.1516652,3.91052003,25.37451358,0,2270.602112,0,11/10/2025 15:25
LunioX,LUNIOX,0.053081263,12.22623786,30.68528015,0,2237.35047,0,11/10/2025 15:25
GROOVE,GROOVE,5.09E-05,23.43920299,14.3190679,0,2235.192943,0,11/10/2025 15:25
Athena DexFi,ATHX,0.009877781,-0.05475493,-16.29826692,0,2211.277622,0,11/10/2025 15:25
Balanced,BALN,0.041593283,2.17336638,1.59704376,0,2188.185075,0,11/10/2025 15:25
ExchangeArt,ART,0.00083012,-11.21832533,-26.94636764,0,2143.590055,0,11/10/2025 15:25
Famous Fox Federation,FOXY,0.001636967,-28.44405891,-0.72510581,0,2133.49512,0,11/10/2025 15:25
1000x by Virtuals,1000X,0.002404167,0.09063042,-10.88186623,0,2124.073387,0,11/10/2025 15:25
Funds are SAFU,SAFU,5.53E-05,-13.97571536,-0.52705556,0,2116.176041,0,11/10/2025 15:25
RadioShack,RADIO,0.000316237,-1.83461358,-3.01975451,0,2101.357505,0,11/10/2025 15:25
BONDX,BONDX,0.001703542,69.83845716,155.8204626,0,2097.51332,0,11/10/2025 15:25
CATCOIN,CATS,3.93E-10,-3.29494965,-3.907695,0,2087.583965,0,11/10/2025 15:25
BEPE,BEPE,0.00026293,18.99317972,-12.15078868,0,2083.919075,0,11/10/2025 15:25
GOBI,GOBI,3.27E-05,20.11449834,19.43557809,0,2083.275527,0,11/10/2025 15:25
DogWithCap,WIC,1.08E-08,-0.39138416,-8.0313584,0,2071.677211,0,11/10/2025 15:25
Zedxion,USDZ,0.270525998,-72.8983217,-72.89109688,0,2070.081787,0,11/10/2025 15:25
Harold,HAROLD,0.000122398,-0.37738637,3.21288926,0,2064.518979,0,11/10/2025 15:25
Chirper AI,CHIRP,0.000397453,-0.20102195,-1.63764358,0,2064.381375,0,11/10/2025 15:25
OpenSwap Optimism Token,OPENX,0.031255038,-0.07772674,4.44079432,0,2041.216418,0,11/10/2025 15:25
Astroport,ASTRO,0.002264787,1.30102963,5.87015892,0,2019.445601,0,11/10/2025 15:25
Colony Avalanche Index,CAI,54.81077227,1.65806792,8.7606669,0,2019.382273,0,11/10/2025 15:25
Bob LION Inu,BNBLION,1.82E-19,1.05131537,1.05131537,0,2015.336992,0,11/10/2025 15:25
Cellana Finance,CELL,0.000611377,-5.34354307,-12.61762846,0,2014.842575,0,11/10/2025 15:25
Vitreus,WVTRS,0.010971282,-1.09226414,-2.25420676,0,2010.985263,0,11/10/2025 15:25
GIANT,GTAN,7.40E-10,-4.43143612,7.39239869,0,2003.744383,0,11/10/2025 15:25
Altair,AIR,0.002475007,9.60214346,10.3429722,0,1989.862092,0,11/10/2025 15:25
POG,POGS,0.001183981,-93.16290315,142.5367574,0,1972.894056,0,11/10/2025 15:25
American Bitcoin,ABTC,8.21E-07,18.34313376,30.59269292,0,1945.475093,0,11/10/2025 15:25
Spacemesh,SMH,0.001899663,0.03121228,14.24634514,0,1942.660102,0,11/10/2025 15:25
Airbloc,ABL,0.000106671,4.84620957,-0.59519582,0,1934.763785,0,11/10/2025 15:25
HGEN DAO,HGEN,0.041122697,0.10025191,-0.80409712,0,1898.005523,0,11/10/2025 15:25
MELEGA,MARCO,0.001917214,2.641006,3.9446427,0,1890.229231,0,11/10/2025 15:25
OnlyCalls by Virtuals,CALLS,0.000153522,2.55066274,-14.68469043,0,1883.326622,0,11/10/2025 15:25
DeepSeek AI Agent,DEEPSEEKAI,6.19E-12,-1.22167871,-13.73672931,0,1860.67155,0,11/10/2025 15:25
Lambda Markets,LMDA,0.015083509,4.59099323,68.66180909,0,1842.01537,0,11/10/2025 15:25
CSR,CSR,0.003180536,-0.01009547,-0.0097539,0,1812.140187,0,11/10/2025 15:25
DEUS Finance,DEUS,6.877446442,-0.88481733,-0.75356684,0,1807.443204,0,11/10/2025 15:25
MCFinance,MCF,0.001815606,-0.21882673,-4.02523747,0,1807.258629,0,11/10/2025 15:25
Bento,BENTO,2.26E-09,8.71107237,-2.20679426,0,1801.511187,0,11/10/2025 15:25
Tomwifhat,TWIF,0.000134603,-2.23884883,-8.3157866,0,1785.233362,0,11/10/2025 15:25
Ziba,ZIB,0.000154496,-1.61063305,-10.14502387,0,1781.401844,0,11/10/2025 15:25
Win,WIN,0.000255592,1.19861759,-3.03473258,0,1769.716105,0,11/10/2025 15:25
Biceps,BICS,1.14E-07,2.13184016,11.59051053,0,1774.81858,0,11/10/2025 15:25
Hermes Protocol,HERMES,0.001744964,-2.49364729,18.19184642,0,1766.286766,0,11/10/2025 15:25
BUILD,BUILD,0.08741053,-0.50653954,-12.32384694,0,1764.502908,0,11/10/2025 15:25
Frax Finance - Frax Ether,FRXETH,3471.14782,-1.44992674,-0.46495917,0,1740.839208,0,11/10/2025 15:25
Sneed,SNEED,67.00970449,-13.16528631,70.44772214,0,1732.437969,0,11/10/2025 15:25
Pulse Predictions Market,PULSE,0.010355263,-3.08560861,27.99373112,0,1721.793491,0,11/10/2025 15:25
Sparklife,SPS,5.14E-05,-1.59974915,-24.85042951,0,1712.158424,0,11/10/2025 15:25
Ome‎gaX He‎alth,OMEGA‎X,0.000810695,-2.37267576,0.58278044,0,1711.516919,0,11/10/2025 15:25
Onyx Arches,OXA,0.003154847,-0.34265165,0.26241764,0,1698.10291,0,11/10/2025 15:25
WorldBrain Coin,WBC,0.00435516,8.93110281,8.45649811,0,1704.863511,0,11/10/2025 15:25
哈喽,哈喽,7.46E-05,3.0671829,-11.91774859,0,1698.567509,0,11/10/2025 15:25
"ARE YA WINNING, SON?",SON,0.000501789,1.18691244,7.17534314,0,1697.225192,0,11/10/2025 15:25
Abe,ABE,0.000378971,37.04867893,38.67941721,0,1607.814077,0,11/10/2025 15:25
WE LOVE ASS,ASS,0.000469152,4.38733865,9.26574877,0,1671.703467,0,11/10/2025 15:25
Proteo DeFi,PROTEO,0.013682682,-5.6774974,4.20231215,0,1661.458522,0,11/10/2025 15:25
x402,X402,1.16E-13,-12.24244513,-17.77209236,0,1643.563525,0,11/10/2025 15:25
Roxonn,ROXN,0.003048792,3.0745772,12.7375022,0,1637.312304,0,11/10/2025 15:25
Evmos,EVMOS,0.001371843,8.62764403,22.78266859,0,1637.248647,0,11/10/2025 15:25
BilliCat,BCAT,0.013119166,-1.50514946,-7.73054374,0,1629.617663,0,11/10/2025 15:25
Latina Coin,LATINA,0.00055854,-4.09659876,-0.93826127,0,1626.027195,0,11/10/2025 15:25
Pulse Drip,PDRIP,0.007828707,-7.47413652,27.06669754,0,1614.085081,0,11/10/2025 15:25
xWIN Finance,XWIN,0.048644983,55.28445631,51.76405325,0,1596.809189,0,11/10/2025 15:25
Swappi,PPI,0.001405755,0.51544579,9.65658034,0,1586.985067,0,11/10/2025 15:25
Tao Ceτi,CETI,0.031540371,-3.43583632,-7.46361983,0,1579.701759,0,11/10/2025 15:25
Shiba $Wing,WING,1.03E-05,21.03419043,-64.29225541,0,1564.851851,0,11/10/2025 15:25
Baby PopCat,BABYPOPCAT,1.49E-05,41.58795204,30.64563418,0,1564.583822,0,11/10/2025 15:25
King of Legends,KOL,2.60E-05,-3.73073689,-7.16852407,0,1562.50832,0,11/10/2025 15:25
H1DR4 by Virtuals,H1DR4,0.000285309,-4.49628932,1.69513441,0,1545.835485,0,11/10/2025 15:25
Nexus,NEXUS,0.000886959,-2.6383429,-17.7338576,0,1535.339099,0,11/10/2025 15:25
Session Token,SESH,0.043809669,-2.11449031,-5.37233588,0,1527.412919,0,11/10/2025 15:25
Arbius,AIUS,1.455473922,-4.5982131,-9.31521723,0,1516.92231,0,11/10/2025 15:25
SWITCH,SWITCH,0.000158647,-1.93581845,-0.47767553,0,1500.327566,0,11/10/2025 15:25
SILVERNOVA,SRN,0.030739206,0,-7.3361961,0,1479.172426,0,11/10/2025 15:25
HODL,HODL,1.96E-12,-10.6377745,50.37752786,0,1477.571771,0,11/10/2025 15:25
RocketFi,ROCKETFI,9.63E-07,1.22643035,3.142869,0,1454.441045,0,11/10/2025 15:25
Yellow BNB,YBNB,0.000100617,-14.1843463,-10.44846806,0,1451.625888,0,11/10/2025 15:25
King Of Memes,KING,7.76E-08,-19.28324734,1.56022464,0,1449.178393,0,11/10/2025 15:25
FRGX Finance,FRGX,0.01102777,-4.6038694,5.2600278,0,1439.479609,0,11/10/2025 15:25
UvToken,UVT,0.000245568,-0.19912193,-0.39899248,0,1425.78513,0,11/10/2025 15:25
GLDT,GLDT,1.239581331,-3.11310624,-2.92686195,0,1403.049047,0,11/10/2025 15:25
Ustream Coin,USTREAM,0.000160331,6.85776101,1.85540823,0,1399.280921,0,11/10/2025 15:25
BaoBaoSol,BAOS,8.89E-05,-4.33356948,-10.1512599,0,1365.590711,0,11/10/2025 15:25
Betero,BTE,0.001635893,0.22795751,3.01806919,0,1348.684759,0,11/10/2025 15:25
Punk Vault (NFTX),PUNK,111930.5372,4.2802475,-15.63375156,0,1324.561393,0,11/10/2025 15:25
CasinoCoin,CSC,4.27E-05,16.20160383,3.436222,0,1318.927497,0,11/10/2025 15:25
RNA,RNA,1.78E-12,2.95467199,6.83465959,0,1316.229631,0,11/10/2025 15:25
Staked Stream USD,XUSD,0.081432489,-14.69851056,-47.50690622,0,1313.346345,0,11/10/2025 15:25
Leoono,LEO,0.000300751,-0.39747414,-18.90938474,0,1299.289774,0,11/10/2025 15:25
ShibaCorgi,SHICO,5.45E-17,1.26110416,1.63866234,0,1292.662076,0,11/10/2025 15:25
Ripio Coin,RPC,0.0164779,15.52197627,22.60622073,0,1283.010834,0,11/10/2025 15:25
Fungi,FUNGI,0.004716067,-0.73845274,-2.40954475,0,1280.839429,0,11/10/2025 15:25
Liquid Mercury,MERC,0.006038962,-2.11821913,-13.57574437,0,1271.48325,0,11/10/2025 15:25
Agent YP by Virtuals,AIYP,0.000572813,-1.31081618,-13.91009476,0,1254.320394,0,11/10/2025 15:25
Harambe AI,HARAMBEAI,0.002581229,9.58815234,25.31205489,0,1225.092731,0,11/10/2025 15:25
Banx.gg,BANX,1.55E-05,7.64755458,3.30247455,0,1221.866285,0,11/10/2025 15:25
GET RICH QUICK,RICH,4.67E-05,9.09724389,14.07798644,0,1190.023574,0,11/10/2025 15:25
Buddy The Elf,ELF,2.89E-05,-6.67227774,-34.81468736,0,1189.418537,0,11/10/2025 15:25
Pepe Clanker,PEPEC,0.126140176,-5.87501479,1.09983267,0,1178.111333,0,11/10/2025 15:25
Base Carbon Tonne,BCT,0.179867168,-16.08567419,-25.37653107,0,1177.817067,0,11/10/2025 15:25
VYPER.WIN,VYPER,0.000278393,57.82501386,3.82326088,0,1164.489714,0,11/10/2025 15:25
Satoshi a BTC Stablecoin,TSAT,0.001052549,0.90599922,-1.23070858,0,1150.91132,0,11/10/2025 15:25
CryptoLoots,CLOOTS,0.000107353,-0.855656,5.6769465,0,1150.645689,0,11/10/2025 15:25
DICAPRIO CHEERS,CHEERS,0.00010895,-6.24177708,-0.40183627,0,1142.727846,0,11/10/2025 15:25
Boi the Bear,BOI,0.000211179,4.91783973,22.72221293,0,1141.367525,0,11/10/2025 15:25
DeMCP,DMCP,6.90E-05,-3.88697959,-6.30569506,0,1126.08053,0,11/10/2025 15:25
DOGE-1 Satellite,DOGE-1,8.20E-14,-5.01344917,24.93171903,0,1122.400417,0,11/10/2025 15:25
BasePrinter,BASEPRINTER,9.07E-05,14.11973761,-16.5709576,0,1118.498776,0,11/10/2025 15:25
BLANC DAO,BLC,1.472717826,-3.04506978,-17.57374471,0,1115.744758,0,11/10/2025 15:25
Private Aviation Finance Token,CINO,0.017200059,-0.50693599,-2.09269404,0,1101.9389,0,11/10/2025 15:25
A Gently Used 2001 Honda Civic,USEDCAR,0.000790788,-0.44871879,-1.40954191,0,1078.193361,0,11/10/2025 15:25
BitTorrent,BTTOLD,0.000515484,2.38190915,4.79255397,0,1063.758392,0,11/10/2025 15:25
Yieltra,YLT,0.008340351,1.64564956,-20.52533529,0,1062.088906,0,11/10/2025 15:25
GlobalBoost,BSTY,0.181691856,-1.51133676,-12.05245409,0,1046.659066,0,11/10/2025 15:25
Meme Index,MEMEX,0.000384152,1.3633647,-14.0603426,0,1041.111259,0,11/10/2025 15:25
EOS Force,EOSC,1.12E-05,-5.92236279,35.72889574,0,1037.557803,0,11/10/2025 15:25
Bucket Protocol,BUT,0.002720204,0.93296778,12.98071292,0,1032.294613,0,11/10/2025 15:25
BKOK FinTech,BKOK,0.078714954,1.31065886,-5.4345545,0,1026.526732,0,11/10/2025 15:25
W,W,0.000110645,2.21837599,-14.9486492,0,1007.244466,0,11/10/2025 15:25
Ethos Reserve Note,ERN,0.74212418,-18.65045386,14.54106442,0,1007.115656,0,11/10/2025 15:25
Yobit Token,YO,645.4579494,0.73995902,-1.98006786,0,992.4150636,0,11/10/2025 15:25
AxonDAO Governance Token,AXGT,0.035840839,1.99057096,5.73294095,0,986.0724081,0,11/10/2025 15:25
Sam Bankmeme-Fried,SBF,0.000663697,5.57617332,5.66855932,0,983.368361,0,11/10/2025 15:25
MonkeDAO,DAOSOL,196.407013,0.6353689,-0.18460075,0,981.6722521,0,11/10/2025 15:25
Zambesigold,ZGD,0.092983486,-10.60202675,32.82041941,0,967.97118,0,11/10/2025 15:25
FUFU,FUFU,1.57E-05,5.27991945,7.66861245,0,967.5760154,0,11/10/2025 15:25
Digimon Rabbit,DRB,1.92E-12,6.16221359,-0.86837389,0,965.6896903,0,11/10/2025 15:25
Based Chad,CHAD,1.61E-05,-7.14103024,-11.03527748,0,960.8588548,0,11/10/2025 15:25
Cryptopeso,CRP,0.070435373,-1.99978392,1.35444307,0,956.1554502,0,11/10/2025 15:25
Fry,FRY,0.010817631,0.08725011,1.01904708,0,951.2459464,0,11/10/2025 15:25
MSQ Cycle Burn,BURN,0.016599155,-27.29463841,6.51382286,0,934.1481293,0,11/10/2025 15:25
Official Crypto Nostra,OCN,1.89E-05,0.54416743,-98.49668199,0,932.8009553,0,11/10/2025 15:25
Token S,S,0.002017358,-1.32715414,-1.41452935,0,927.2918911,0,11/10/2025 15:25
KleeKai,KLEE,1.96E-12,-1.90677714,-11.26344096,0,910.6903445,0,11/10/2025 15:25
Power Protocol,PWR,68.86379023,-6.67934378,-18.74518167,0,895.2314396,0,11/10/2025 15:25
Treble,TREB,0.130012009,10.05170999,-4.42053979,0,882.0301355,0,11/10/2025 15:25
Water Rabbit Token,WAR,0.000214101,-0.52590005,-7.67869705,0,877.6780574,0,11/10/2025 15:25
Bombcrypto (MATIC),BOMB,0.00866515,-2.23012175,-26.69125114,0,869.0547332,0,11/10/2025 15:25
Tanox,LTX,3.09E-06,5.39681454,2.47871607,0,863.140584,0,11/10/2025 15:25
SolDoge,SDOGE,4.49E-06,-6.73587755,-12.27503386,0,856.1625371,0,11/10/2025 15:25
Cat,CAT,4.22E-10,-1.60959376,-0.57224265,0,855.8662434,0,11/10/2025 15:25
Legacy ICHI,ICHI,0.297029467,-0.32732865,0.03746736,0,855.6967897,0,11/10/2025 15:25
DegeCoin,DEGE,0.000380096,-3.30870091,5.70668406,0,845.1129837,0,11/10/2025 15:25
Cofinex,CNX,0.309926533,3.29818524,-2.5162184,0,836.5337281,0,11/10/2025 15:25
Jax.Network,WJXN,0.016891507,-2.50053719,-8.16037747,0,821.4930048,0,11/10/2025 15:25
$HYPERSKIDS,HYPERSKIDS,1.03E-05,-2.43742536,-9.06192315,0,813.7214424,0,11/10/2025 15:25
WardenSwap,WAD,0.006504028,-0.99009094,0.26758317,0,811.7056419,0,11/10/2025 15:25
The Abundance Community Coin,TACC,0.039315504,-11.65607168,3.96917555,0,807.378148,0,11/10/2025 15:25
TON Token,TON,0.00980656,-0.33776874,8.45404241,0,803.5266524,0,11/10/2025 15:25
nftxbt by Virtuals,NFTXBT,0.000159227,-2.31874681,-11.14998446,0,801.5668015,0,11/10/2025 15:25
Pofu,POFU,0.000182751,-0.65575668,-1.81283712,0,791.3229518,0,11/10/2025 15:25
ZAYA AI,ZAI,0.007174152,-95.812146,-94.38086522,0,775.3295953,0,11/10/2025 15:25
BaseSwap,BSWAP,0.030217299,-1.29731622,13.12291959,0,763.8911846,0,11/10/2025 15:25
ATU,ATU,0.0007509,-36.51169895,-39.38644021,0,752.3807629,0,11/10/2025 15:25
Warrior Coin,WAR,2.77E-06,-0.03844275,-4.05851807,0,748.1974277,0,11/10/2025 15:25
Paper Plane,PLANE,0.002636226,-0.81856519,3.71610502,0,731.6590041,0,11/10/2025 15:25
edeXa,EDX,0.00874825,-3.60829474,-22.8882675,0,731.2771544,0,11/10/2025 15:25
TikTrix,TRIX,0.033492365,-2.0744033,-16.56258248,0,722.64894,0,11/10/2025 15:25
Zus,ZCN,0.004456077,-17.10786767,-17.23084686,0,721.7726744,0,11/10/2025 15:25
Kensei,KENSEI,1.12E-05,9.91880799,-2.35753365,0,720.0812181,0,11/10/2025 15:25
SuperLauncher,LAUNCH,0.019166235,-0.90455067,-1.7596169,0,716.8991723,0,11/10/2025 15:25
"Vector Space Biosciences, Inc.",SBIO,0.008898069,-2.25060559,12.64845754,0,706.4861617,0,11/10/2025 15:25
Jones DAO,JONES,0.271537631,-5.72714753,48.88309942,0,705.9749262,0,11/10/2025 15:25
Vista Finance,VISTA,1.744018341,-3.79711783,-23.90868596,0,704.0038541,0,11/10/2025 15:25
Guardian,GUARD,0.03410372,-0.16488719,-3.20636646,0,702.8683784,0,11/10/2025 15:25
AshSwap,ASH,0.000843576,-1.87740042,12.47903522,0,688.7638107,0,11/10/2025 15:25
CCA Coin,CCA,0.000108002,0.01077898,-0.90966734,0,686.4227,0,11/10/2025 15:25
Stable Coin,SBC,0.997391611,-0.24667123,-0.34747373,0,685.915979,0,11/10/2025 15:25
Nativ,NTV,7.02E-07,-3.87034655,-5.50544679,0,675.6073064,0,11/10/2025 15:25
WEB4 AI,WEB4,1.70E-09,-5.25049211,-10.48826878,0,678.2016938,0,11/10/2025 15:25
OOPS,OOPS,5.88E-05,1.75324492,-23.08576523,0,673.3585329,0,11/10/2025 15:25
Bitcointry Token,BTTY,0.000450793,-2.37017545,11.86167539,0,667.1327753,0,11/10/2025 15:25
Moonsama,SAMA,0.002292489,-11.22024742,-4.66635573,0,663.763708,0,11/10/2025 15:25
Spring,SPRING,0.005438879,5.45037156,-0.98816247,0,655.2965972,0,11/10/2025 15:25
XOXNO,XOXNO,0.021261489,3.14040741,28.12916049,0,645.5230632,0,11/10/2025 15:25
King Aster,KASTER,9.67E-11,-1.48491135,0.81886867,0,641.9013388,0,11/10/2025 15:25
NORMIE,NORMIE,0.000736771,-1.80335983,-6.13703105,0,640.8998893,0,11/10/2025 15:25
Premia,PREMIA,0.111998493,3.93642946,-4.3648116,0,633.3422939,0,11/10/2025 15:25
Evil Larry,LARRY,0.002974214,3.03719424,3.94000564,0,633.3408073,0,11/10/2025 15:25
Pepe Trump,PTRUMP,0.000787544,0.32683157,-1.8824866,0,628.0512542,0,11/10/2025 15:25
SwiftCash,SWIFT,0.000809542,-2.03384147,7.02733082,0,618.3690521,0,11/10/2025 15:25
Chumbi,CHMB,4.29E-06,-6.42500998,-10.70930433,0,606.4684565,0,11/10/2025 15:25
Flux,FLX,0.014086865,-1.23269371,15.49485588,0,605.4849344,0,11/10/2025 15:25
KnightSwap,KNIGHT,0.00045081,-1.08505869,-1.86926095,0,599.1853295,0,11/10/2025 15:25
NEKO,NEKO,1.65E-05,-3.00526729,6.48836897,0,597.5304083,0,11/10/2025 15:25
PropTech,PTEK,0.459918317,5.6515956,-23.34174863,0,592.6658429,0,11/10/2025 15:25
PotCoin,POT,0.001407833,6.40697902,29.772029,0,590.3084504,0,11/10/2025 15:25
Bitcoin EDenRich,BITBEDR,0.001190789,2.12218701,-6.5923297,0,589.6381282,0,11/10/2025 15:25
PeiPei,PEIPEI,8.54E-07,0.5783364,1.88601856,0,583.4284561,0,11/10/2025 15:25
Athene Network,ATN,9.50E-06,-6.43251815,-0.0138333,0,581.1109861,0,11/10/2025 15:25
King Of Meme,LION,1.17E-09,1.40173576,-4.16334972,0,579.9660782,0,11/10/2025 15:25
CAMELL,CAMT,0.002106999,-2.60569362,-5.25328101,0,573.4808558,0,11/10/2025 15:25
Light DeFi,LIGHT,5.91E-05,-0.62906587,-0.73876025,0,569.3943224,0,11/10/2025 15:25
RCN Finance,RCN,0.000374393,0.50995784,4.14279438,0,561.1877738,0,11/10/2025 15:25
Stray Dog,STRAYDOG,0.001050668,1.46135032,12.13315052,0,560.8420418,0,11/10/2025 15:25
Summer,SUMMER,0.005021022,0.34485693,4.66623961,0,553.9846345,0,11/10/2025 15:25
Safemars,SAFEMARS,9.95E-09,-1.06554057,-0.59991295,0,541.1064747,0,11/10/2025 15:25
SHIBUSSY,SHIBUSSY,5.54E-07,-7.22225269,-29.05275151,0,539.8115107,0,11/10/2025 15:25
Ton Inu,TINU,8.75E-05,0.95871077,8.05985945,0,532.7913436,0,11/10/2025 15:25
Baby Solana,BABYSOL,0.000677745,0.89918334,-0.59406982,0,532.3315518,0,11/10/2025 15:25
QoWatt,QWT,0.000317657,-2.77138694,15.31423913,0,528.2377782,0,11/10/2025 15:25
QAAGAI,QAAGAI,0.000491931,-5.76283442,-15.35159661,0,523.975952,0,11/10/2025 15:25
AI Nexus,A1X,0.00047607,-1.47066863,-2.74294867,0,517.304821,0,11/10/2025 15:25
Ambios Network,AMBIOS,0.003291718,1.23849323,2.70950801,0,511.730771,0,11/10/2025 15:25
STARX TOKEN,STARX,0.001885316,0.51620467,-0.4512681,0,508.3363415,0,11/10/2025 15:25
AIVeronica,AIV,0.000228313,1.02228507,-41.22457096,0,506.2798869,0,11/10/2025 15:25
Solidray (new),SRT,5.17E-05,-2.36523484,-8.28905543,0,504.7585815,0,11/10/2025 15:25
Bitget Wallet Token,BWB,0.31410672,-2.18568484,-5.65190421,0,502.8836566,0,11/10/2025 15:25
GenieSwap,GENIE,0.000781851,-0.87483072,-0.87440276,0,501.6269462,0,11/10/2025 15:25
PepeSol,PEPE,0.000268582,-0.03734842,8.18959801,0,490.5545915,0,11/10/2025 15:25
Aetherius Infinite Chain,AIC,1.62E-07,0.00339896,-1.42883829,0,485.6919971,0,11/10/2025 15:25
Bonfire,BONFIRE,1.32E-08,-0.3774327,-3.25436971,0,479.0005531,0,11/10/2025 15:25
Nominex,NMX,0.002701496,-0.30440933,-0.00313859,0,474.5467607,0,11/10/2025 15:25
FLOKITA,FLOKITA,6.05E-07,7.51440409,0.86277042,0,471.3906196,0,11/10/2025 15:25
Space Token,SPACE,0.00287624,-0.57692549,2.99756327,0,468.6901478,0,11/10/2025 15:25
Puff,PUFF,0.000880303,-0.3971625,-2.65203417,0,467.7235213,0,11/10/2025 15:25
CADAI,CADAI,0.008058725,2.84225956,15.63864264,0,464.2847129,0,11/10/2025 15:25
Shade Protocol,SHD,0.277218162,0.66560922,2.99447744,0,458.8795051,0,11/10/2025 15:25
El Hippo,HIPP,2.13E-11,-65.86943016,-42.99991653,0,452.6451479,0,11/10/2025 15:25
DePlan,DPLN,0.006136896,0.00843606,-0.49685625,0,451.2760004,0,11/10/2025 15:25
Pepe Coin,PEPE,5.31E-10,-0.52972225,-3.79513887,0,451.1673278,0,11/10/2025 15:25
TRUMP,MAGA,8.78E-10,1.08573669,-6.6011643,0,444.4000232,0,11/10/2025 15:25
BitSong,BTSG,0.00267174,0.69584043,-35.76704111,0,441.4365822,0,11/10/2025 15:25
XTblock,XTT-B20,0.000251299,-4.02836871,70.10777591,0,432.9918385,0,11/10/2025 15:25
Autumn,AUTUMN,0.004972233,1.02034118,2.01930195,0,430.4174354,0,11/10/2025 15:25
Lobster,LOBSTER,2.17E-10,12.13537692,23.81734711,0,419.8247639,0,11/10/2025 15:25
赵长娥,赵长娥,5.06E-05,-2.05650085,-2.16760116,0,416.0711046,0,11/10/2025 15:25
Solpad Finance,SOLPAD,1.12E-06,0.62998868,0.69331607,0,413.9419867,0,11/10/2025 15:25
Inter Stable Token,IST,0.99372584,0.14868773,-1.92787227,0,412.290253,0,11/10/2025 15:25
Piteas,PTS,0.03616144,2.40264158,0.69763279,0,409.2161532,0,11/10/2025 15:25
Jupiter,JUP,0.000703375,-1.01279176,-4.46067614,0,403.8165404,0,11/10/2025 15:25
MemeGames AI,MGAMES,8.36E-05,-3.66353564,-29.88604057,0,395.2775678,0,11/10/2025 15:25
Elk Finance,ELK,0.023970341,0.67648213,1.46452277,0,390.9712904,0,11/10/2025 15:25
ALIAS,ALIAS,0.074928853,3.75883947,0.68904697,0,386.7526599,0,11/10/2025 15:25
Solana Deployer,MEMES,0.000280252,-0.30707554,-0.23267642,0,380.3679904,0,11/10/2025 15:25
Pepe Coin,PEPE,3.41E-10,-0.52242209,-13.81725722,0,380.149205,0,11/10/2025 15:25
Winter,WINTER,0.005356215,0.50166411,0.17037165,0,379.0421174,0,11/10/2025 15:25
Miniature Woolly Mammoth,WOOLLY,0.000141666,1.91957387,-12.90284366,0,378.8292599,0,11/10/2025 15:25
McToken,TOKE,0.000786943,8.49803651,3.56819236,0,377.0953123,0,11/10/2025 15:25
Squid Game (squidgametoken.vip),SQUID,0.00013001,1.3533564,-0.37286376,0,373.503851,0,11/10/2025 15:25
Suicune,HSUI,0.00166642,-2.95039526,-0.12185571,0,368.8808405,0,11/10/2025 15:25
KeyOfLife Multichain Store Of Value,KOL,0.332148657,-0.83294779,8.58041422,0,366.1190154,0,11/10/2025 15:25
Vainguard,VAIN,7.91E-05,3.8942891,-24.55932584,0,362.8298869,0,11/10/2025 15:25
Pepe on Sui,PEPE,3.12E-10,-5.54487787,18.30673984,0,362.3678768,0,11/10/2025 15:25
Mustard,MUSTAAAAAARD,9.20E-05,-0.93936146,1.21704005,0,358.243719,0,11/10/2025 15:25
New Cat,NCT,6.60E-11,16.07604174,51.94883991,0,356.9566084,0,11/10/2025 15:25
Voodoo Token,LDZ,0.001606389,-0.69557801,-0.18311653,0,356.8422213,0,11/10/2025 15:25
Communis,COM,7.01E-12,2.73442387,24.49113802,0,356.2262831,0,11/10/2025 15:25
Sturdy,STRDY,0.02687986,-1.76801655,-14.1946318,0,352.409684,0,11/10/2025 15:25
NAYM,NAYM,0.001041807,-6.63554235,-10.17680673,0,351.3048262,0,11/10/2025 15:25
SKITTEN,SKITTEN,0.000381216,-1.93052587,-5.30672196,0,347.774431,0,11/10/2025 15:25
Dino,DINO,0.000282812,-0.00769309,-0.3848273,0,343.8067176,0,11/10/2025 15:25
FNCY,FNCY,0.002181808,-0.38109677,-7.50311425,0,343.040663,0,11/10/2025 15:25
Greever,GVL,0.001106422,-0.03931209,0.00636385,0,342.1402874,0,11/10/2025 15:25
BananaRepublic,BRP,0.002999167,20.58934429,-5.82618881,0,340.073439,0,11/10/2025 15:25
Daytona Finance,TONI,0.000273819,5.38002671,5.62080584,0,336.4058667,0,11/10/2025 15:25
AI Voice Agents,AIVA,0.000134643,2.34207483,2.12003614,0,334.9796834,0,11/10/2025 15:25
BNS COIN,BNS,1.003271817,-0.12484923,-0.0652328,0,334.0012977,0,11/10/2025 15:25
Thales,THALES,0.327939997,0.03570272,8.83080746,0,330.6183205,0,11/10/2025 15:25
TendaCoin,TND,6.70E-13,0.59893675,3.24879712,0,329.9485906,0,11/10/2025 15:25
ARB Protocol,ARB,1.77E-05,-15.60356771,-14.99440577,0,328.6753111,0,11/10/2025 15:25
Fronk,FRONK,2.89E-09,1.84308442,-12.26058979,0,325.1330394,0,11/10/2025 15:25
Safuu 2.0,SAFUU,0.009816621,5.27377488,18.77984435,0,318.5976257,0,11/10/2025 15:25
Angle Protocol,EURA,1.15462309,-0.21637759,0.50275505,0,315.544511,0,11/10/2025 15:25
MindCoin,MIND,2.72E-06,1.4952911,-12.11180275,0,311.8454398,0,11/10/2025 15:25
BabyCrepe,BABYCREPE,1.50E-07,-0.95149302,-2.09547812,0,309.2148091,0,11/10/2025 15:25
Brett (SOL),BRETT,0.000274112,-1.0907423,-11.75980686,0,308.1572784,0,11/10/2025 15:25
Baby Gork,BABYGORK,4.58E-07,-97.80747117,-98.02437856,0,306.4291088,0,11/10/2025 15:25
Verum Coin,VERUM,7256.711191,-0.02143573,-3.86094993,0,304.7885108,0,11/10/2025 15:25
ZoomSwap,ZM,0.001112134,2.04505582,5.34646238,0,304.3434682,0,11/10/2025 15:25
Baby Brett,BBRETT,0.000343388,5.00901349,-10.92581356,0,301.6623305,0,11/10/2025 15:25
Hex Orange Address,HOA,0.002735588,-4.12801465,-4.58469625,0,297.6477712,0,11/10/2025 15:25
Fourth Star,FSTR,0.003899154,25.73852873,-31.5848812,0,295.5356615,0,11/10/2025 15:25
GOLD BNB,GBNB,1.00E-13,-4.06639972,-2.23420665,0,294.7566025,0,11/10/2025 15:25
Merchant Token,MTO,0.03759153,-3.71277276,-5.70834985,0,291.7119497,0,11/10/2025 15:25
Smolcoin,SMOL,1.12E-06,-0.80496463,-1.56337738,0,291.6322821,0,11/10/2025 15:25
Governance OHM,GOHM,5752.339858,-0.41322613,2.12874822,0,291.1702384,0,11/10/2025 15:25
Pactus,PAC,0.048320562,16.66682612,-5.26076507,0,291.0525924,0,11/10/2025 15:25
Basilisk,BSX,2.76E-05,0.87974731,-5.25859127,0,289.730922,0,11/10/2025 15:25
KnoxDAO,KNOX,0.003126561,1.02033818,6.06779175,0,289.1021002,0,11/10/2025 15:25
Alickshundra Occasional-Cortex,AOC,3.55E-05,-0.56773343,99.34788952,0,284.2511518,0,11/10/2025 15:25
DYOR,DYOR,0.001032894,-0.76866671,-3.82596102,0,281.249777,0,11/10/2025 15:25
ReddCoin,RDD,3.54E-05,-16.79239785,27.20242847,0,280.3195191,0,11/10/2025 15:25
Shack Token,SHACK,0.030192458,6.1112561,6.24750867,0,278.5005047,0,11/10/2025 15:25
JPY Coin v1,JPYC,0.008451207,0.08089392,-20.24694587,0,277.6184115,0,11/10/2025 15:25
MASYA,MASYA,1.03E-10,17.72618674,48.13260259,0,274.5731329,0,11/10/2025 15:25
CryptoMines,ETERNAL,0.062328393,-1.79123954,-16.44607115,0,273.9577182,0,11/10/2025 15:25
Healthmedi,HMD,0.000995784,-0.05398999,-0.10896473,0,272.3930771,0,11/10/2025 15:25
PulseBitcoin,PLSB,0.027115334,0.61949111,-14.74487036,0,271.648709,0,11/10/2025 15:25
Suijak,SUIJAK,8.69E-06,0.9286897,-5.72714001,0,270.0425469,0,11/10/2025 15:25
Blurt,BLURT,0.001796132,1.00198015,5.46718176,0,269.8978114,0,11/10/2025 15:25
SDOGE,SDOGE,8.38E-07,-1.40314512,-10.06984646,0,265.2124723,0,11/10/2025 15:25
FreeRossDAO,FREE,8.95E-05,-2.26020814,172.3800325,0,265.1663377,0,11/10/2025 15:25
Zippie,ZIPT,0.0002294,0.50995784,4.14279438,0,259.7616224,0,11/10/2025 15:25
Metavault Trade,MVX,0.043881081,-3.18204923,1.22206096,0,256.5112238,0,11/10/2025 15:25
Project Hive,HGT,1.52E-05,0.4448633,0.42458683,0,254.7299611,0,11/10/2025 15:25
Guru Network,GURU,0.00046438,-1.84603328,-0.1893797,0,254.4983765,0,11/10/2025 15:25
Quicksilver,QCK,0.000596844,-19.23892541,-12.53223584,0,253.4655618,0,11/10/2025 15:25
Costco Hot Dog,COST,0.000363521,1.4302177,-9.42110315,0,250.9011572,0,11/10/2025 15:25
Moove Protocol,MOOVE,0.000948693,-7.74560974,-6.53307774,0,248.8441572,0,11/10/2025 15:25
Achain,ACT,0.00191642,143.085718,143.085718,0,246.6517426,0,11/10/2025 15:25
Patex,PATEX,0.0112006,0.0476299,-10.65199749,0,246.6127239,0,11/10/2025 15:25
Planet,AQUA,1.610064911,-1.46457818,-0.27310233,0,246.5772897,0,11/10/2025 15:25
blue on base,$BLUE,2.94E-08,12.85270485,-23.21968649,0,245.9890402,0,11/10/2025 15:25
Baby DragonX,BDX,2.37E-06,52.98131993,22.44844064,0,244.0279894,0,11/10/2025 15:25
Regen Network,REGEN,0.010537266,0.50239373,12.61680702,0,241.877783,0,11/10/2025 15:25
EGG SOL,EGG,3.56E-06,0.74707371,-0.57615361,0,241.4128691,0,11/10/2025 15:25
ALITA,ALITA,1.42E-06,7.97963291,-1.37137909,0,241.1218839,0,11/10/2025 15:25
Penguin Finance,PEFI,0.004133338,1.59657517,8.31722865,0,240.7126317,0,11/10/2025 15:25
Sirius,SIRIUS,0.000176478,0.24216048,-3.37049387,0,237.4614458,0,11/10/2025 15:25
Bonkey,BONKEY,3.39E-05,-2.30059131,-6.11211499,0,233.6331811,0,11/10/2025 15:25
BLUE BUTT CHEESE,BBC,3.72E-05,-1.07355071,-0.83660499,0,232.1629714,0,11/10/2025 15:25
Overnight,OVN,0.71866318,1.96031605,-0.52936511,0,232.0173961,0,11/10/2025 15:25
Pepe of Solana,PEPE,6.28E-06,10.98320463,6.6639613,0,225.3562873,0,11/10/2025 15:25
BOLT,BOLT,0.000168373,1.85823879,-1.12043557,0,220.8306125,0,11/10/2025 15:25
World Liberty Financial (worldlibertyfinance.ai),WLFI,1.58E-10,0.2466337,-9.81076268,0,219.101,0,11/10/2025 15:25
Buff Doge Coin,DOGECOIN,2.71E-09,-0.7071746,-2.62960435,0,216.9271152,0,11/10/2025 15:25
StarLaunch,STARS,0.006850202,0.14785473,0.09466008,0,216.3960617,0,11/10/2025 15:25
Canary,CNR,0.000439632,0.85796178,0.52605037,0,212.6033862,0,11/10/2025 15:25
Vasco da Gama Fan Token,VASCO,0.025944917,-1.75797568,7.76691695,0,212.3202828,0,11/10/2025 15:25
Kiwi Swap,KIWI,5.41E-05,0.59355348,-3.0317507,0,211.8331119,0,11/10/2025 15:25
Happy Birthday Coin,HBDC,0.000705847,-4.90312255,-8.20041977,0,211.4762013,0,11/10/2025 15:25
KAKA,KAKA,6.21E-05,47.27061105,40.86080618,0,208.5850018,0,11/10/2025 15:25
WX Token,WX,0.005922034,0.45200627,-3.15765165,0,207.8417754,0,11/10/2025 15:25
Qawalla,QWLA,0.178455931,0.55815692,-2.85433266,0,200.0073025,0,11/10/2025 15:25
Sonic Inu,SONIC,8.14E-13,-31.94720529,290.0102356,0,197.7882267,0,11/10/2025 15:25
Wakanda Inu,WKD,4.30E-10,1.9247481,-18.71698058,0,196.5692714,0,11/10/2025 15:25
Pouwifhat,POU,2.82E-05,3.83836464,7.69914301,0,195.8925264,0,11/10/2025 15:25
BitBook,BBT,0.000803505,-2.09494097,47.27228478,0,189.8885826,0,11/10/2025 15:25
SteakHut Finance,STEAK,0.025366586,-0.55061376,4.91857471,0,189.5118394,0,11/10/2025 15:25
Krypton DAO,KRD,0.899840186,-0.02807292,-0.02764131,0,188.0680627,0,11/10/2025 15:25
DOGE TO MARS,DOGEMARS,4.45E-13,0.91879154,17.57016368,0,188.0368402,0,11/10/2025 15:25
AI PIN,AI,0.000439207,-70.49306446,-76.96951328,0,184.6996736,0,11/10/2025 15:25
Santa Coin,SANTA,1.08E-09,-0.72231286,-0.82660789,0,183.1058996,0,11/10/2025 15:25
FARM,FARM,0.160089217,-1.75904141,17.38057747,0,181.0656053,0,11/10/2025 15:25
DeepSeek AI,DEEPSEEK,4.34E-13,5.82772861,6.46533031,0,180.5694839,0,11/10/2025 15:25
BTC Dragon,BTCDRAGON,1.95E-07,-0.43003486,-3.97073671,0,180.1805929,0,11/10/2025 15:25
Pickle Rick,PRICK,4.61E-05,6.70166092,0.78130362,0,174.2046669,0,11/10/2025 15:25
Boring Protocol,BOP,3.93E-05,3.39275556,6.02273156,0,174.1656804,0,11/10/2025 15:25
Satori Network,SATORI,0.319943177,-3.05752526,52.33883229,0,173.9328994,0,11/10/2025 15:25
WallStreetBets DApp,WSB,0.000254412,-0.75394813,-2.75165114,0,173.7235397,0,11/10/2025 15:25
Moon,MOON,5.11E-05,-2.4416592,1.3545336,0,173.6099601,0,11/10/2025 15:25
ChikinCoin,CKC,0.000159599,-0.35209018,-0.31247719,0,173.3993395,0,11/10/2025 15:25
WEWECOIN,WEWE,1.03E-06,-1.76784922,41.11208481,0,173.2411416,0,11/10/2025 15:25
READ2N,RCM,0.283674042,-2.52488753,-0.62812093,0,170.4684655,0,11/10/2025 15:25
Lumi Finance,LUA,2.577770222,-1.38403156,-2.35685781,0,169.7636625,0,11/10/2025 15:25
Carl Johnson,CJ,1.56E-06,3.90739868,-2.67404745,0,168.9939279,0,11/10/2025 15:25
PosEx,PEX,0.010566747,4.93297189,-8.09643531,0,165.797122,0,11/10/2025 15:25
Pandemic Multiverse,PMD,0.000140972,2.60018268,-0.54923937,0,159.6942192,0,11/10/2025 15:25
ETF,ETF,3.00E-09,-25.01320071,-0.00312065,0,158.7131833,0,11/10/2025 15:25
Solala,SOLALA,3.62E-05,1.24005548,13.80331083,0,158.510785,0,11/10/2025 15:25
JPYC Prepaid,JPYC,0.007111354,2.65881236,3.20551025,0,157.3088232,0,11/10/2025 15:25
Digitra.com Token,DGTA,0.003969716,-3.47966649,0.60300434,0,156.9419156,0,11/10/2025 15:25
Bidao,BID,0.00017629,0.2819936,-6.42161334,0,154.7993692,0,11/10/2025 15:25
BNBtiger 2.0,BNBTIGER,4.74E-13,-2.10150405,-3.05957686,0,153.5145266,0,11/10/2025 15:25
Jarvis Synthetic Euro,JEUR,0.425248265,-0.62512744,0.21168274,0,149.8856147,0,11/10/2025 15:25
DegeCoin,DEGE,9.97E-14,-1.8095318,-5.26293157,0,149.0684132,0,11/10/2025 15:25
Wanaka Farm,WANA,0.001932052,-0.86825928,-0.23963435,0,148.1522725,0,11/10/2025 15:25
GogolCoin,GOL,0.000869764,-0.01379028,-0.0097539,0,146.995255,0,11/10/2025 15:25
Cerebrum DAO,NEURON,0.00012242,-0.35192854,1.64779261,0,0,0,11/10/2025 15:25
Quartz,QTZ,9.58E-05,0.15508387,18.41974847,0,142.6637042,0,11/10/2025 15:25
EXIT Designer Token,EXIT,2.399379621,336.2997344,103.1928394,0,140.6082958,0,11/10/2025 15:25
GOLDEN AGE,GOLD,8.59E-12,-4.68078398,-6.93552168,0,139.9593798,0,11/10/2025 15:25
Nova AI,NOVA,3.80E-05,-0.39756961,-24.32630246,0,139.4636003,0,11/10/2025 15:25
President Trump,47,9.78E-05,3.01838423,0.61442693,0,139.2948413,0,11/10/2025 15:25
CHEWY,CHWY,4.22E-13,-3.34203878,-16.05449373,0,138.5697192,0,11/10/2025 15:25
Chainpal AI,CPAL,0.013926627,-1.29255668,-18.67123729,0,138.111318,0,11/10/2025 15:25
Sommelier,SOMM,0.001481914,6.6451021,26.67942341,0,137.8395056,0,11/10/2025 15:25
M3M3,M3M3,0.000492769,-0.0402193,2.73088378,0,136.3598307,0,11/10/2025 15:25
PHAME,PHAME,0.083330021,7.30821792,6.45754035,0,133.7124626,0,11/10/2025 15:25
TOP G,TOPG,0.000279596,3.44547666,-5.06798681,0,133.2177873,0,11/10/2025 15:25
Parabolic Agentic Intelligence,PAI,0.044373837,0.00310879,-0.05596163,0,133.0134787,0,11/10/2025 15:25
Cyberpunk City,CYBER,0.000389704,1.17378702,21.92616132,0,132.784639,0,11/10/2025 15:25
JustAnEGG,EGG,0.001336797,3.90807485,-1.17306663,0,131.9792201,0,11/10/2025 15:25
BinaryX [Old],BNX,128.1929412,-0.01860521,-0.46849549,0,131.6662789,0,11/10/2025 15:25
Nucleon,NUT,0.341460363,-0.30970712,2.98471132,0,130.8294983,0,11/10/2025 15:25
Pepe AI Agent,PEPEAI,2.24E-13,11.13120297,7.6323914,0,127.9413741,0,11/10/2025 15:25
NEO,NEO,4.97E-14,-2.76989883,-76.84883475,0,127.3414215,0,11/10/2025 15:25
Tortuga Finance Aptos,tAPT,3.894472891,0.8114838,18.20864215,0,126.7406489,0,11/10/2025 15:25
AngelBlock,THOL,8.00E-05,-0.02807292,-1.34908728,0,126.2243049,0,11/10/2025 15:25
Chains of War,MIRA,0.034737936,-0.02212062,18.20327268,0,126.1384184,0,11/10/2025 15:25
CelebrityCoinV2,CCV2,0.037033423,0.22208446,0.08043692,0,125.9560952,0,11/10/2025 15:25
Maya,MAYA,3.30E-05,3.2244124,-10.32592602,0,125.7372547,0,11/10/2025 15:25
Grimace,GRIMACE,0.179951662,0.56489125,-34.79048824,0,124.1188743,0,11/10/2025 15:25
sKLAY,SKLAY,0.136577473,-10.4210744,1.19258529,0,123.6284369,0,11/10/2025 15:25
Moss Carbon Credit,MCO2,0.170583346,-6.73332348,-5.62640889,0,123.4563692,0,11/10/2025 15:25
Bongo Cat,BONGO,9.62E-05,-0.24244253,-1.20546161,0,122.9100162,0,11/10/2025 15:25
Convex CRV,CVXCRV,0.215545298,0.50921426,14.86397083,0,121.3244547,0,11/10/2025 15:25
Olive Cash,OLIVE,0.000635446,-3.42696829,-1.54703116,0,120.5481623,0,11/10/2025 15:25
Hive Dollar,HBD,0.981530245,4.72933559,-1.44906129,0,120.5265477,0,11/10/2025 15:25
GENZ Token,GENZ,0.000168028,-0.38231066,2.16908162,0,120.4633389,0,11/10/2025 15:25
Spurdo,SPURDO,4.76E-11,0.36851146,-0.78709624,0,119.6977232,0,11/10/2025 15:25
Baby Aster,BABYASTER,5.44E-11,-1.83833449,-20.83894214,0,117.0060941,0,11/10/2025 15:25
BetSwirl,BETS,0.00015773,-4.88512713,-2.46585835,0,116.8906155,0,11/10/2025 15:25
BoLe,BL,0.004364667,-0.49414721,2.79600751,0,115.3634301,0,11/10/2025 15:25
Evercraft Ecotechnologies,$ECET,0.00198256,0.97180753,1.51042638,0,114.2845925,0,11/10/2025 15:25
Ofero,OFE,0.000546162,-0.53515371,15.5192048,0,112.7090045,0,11/10/2025 15:25
Sui Monster,SUIMON,3.34E-06,6.5735746,31.38769913,0,110.8271231,0,11/10/2025 15:25
DogeKing,DOGEKING,5.26E-09,-0.08680236,0.31316378,0,110.4776937,0,11/10/2025 15:25
Bamboo on Base,BAMBOO,0.000235896,1.74159527,-13.36639816,0,109.8456726,0,11/10/2025 15:25
STELSI,STLS,0.033992364,-0.07248957,-6.44768645,0,109.5125268,0,11/10/2025 15:25
e-Money EUR,EEUR,0.153075888,1.30741468,12.98025231,0,108.1435204,0,11/10/2025 15:25
Bobo,BOBO,4.90E-10,1.12353472,-24.37825832,0,106.8610295,0,11/10/2025 15:25
Nyxia AI,NYXC,0.008178443,-0.18707233,-0.28437015,0,106.4675172,0,11/10/2025 15:25
Zen AI,ZENAI,4.68E-05,-0.15576012,0.93790969,0,105.1702369,0,11/10/2025 15:25
Million,MM,0.990730383,-0.27356825,-1.17783243,0,100.1588106,0,11/10/2025 15:25
DROP,DROP,5.466971954,-9.5474702,4.4055264,0,100.0618435,0,11/10/2025 15:25
Adamant,ADDY,0.018407104,-0.70422184,-2.38776887,0,99.55146496,0,11/10/2025 15:25
DARKTIMES,TIMES,0.000334049,0.15193435,2.97092697,0,99.32968534,0,11/10/2025 15:25
EthicHub,ETHIX,0.265095823,-1.16553676,0.82183958,0,99.28848287,0,11/10/2025 15:25
PLAY,PLAY,0.001403094,0.53918268,3.73085526,0,99.21712561,0,11/10/2025 15:25
HealthSci.AI,HSAI,0.001543013,-1.10472117,5.16649296,0,97.35875189,0,11/10/2025 15:25
Klayr,KLY,0.0027654,-0.05398999,8.88819362,0,97.32717732,0,11/10/2025 15:25
Torah Network,VP,0.002613536,-58.35155904,-55.0238124,0,96.56495417,0,11/10/2025 15:25
Switch,SWITCH,0.000189608,-0.22830099,-27.92752474,0,93.62925688,0,11/10/2025 15:25
FODL Finance,FODL,0.00040029,-1.15275361,-0.19211559,0,93.40856787,0,11/10/2025 15:25
THUG,THUG,7.17E-08,-0.55966031,13.11961472,0,90.47706372,0,11/10/2025 15:25
Hanu Yokia,HANU,1.10E-07,0.47429888,-0.05287049,0,88.81809615,0,11/10/2025 15:25
CryptoFarmers,FARM,0.00608777,-5.9297817,-6.96526489,0,86.35836504,0,11/10/2025 15:25
Resolv Liquidity Pool,RLP,1.249040165,-0.50099948,-0.34900568,0,85.55762008,0,11/10/2025 15:25
Love,LOVE,8.91E-05,-0.09964798,-0.35152353,0,84.99685747,0,11/10/2025 15:25
Black Agnus,FTW,3.35E-09,-0.6719607,15.64450581,0,84.87552079,0,11/10/2025 15:25
Donald Pump,DONALD,8.36E-05,0.7209689,0.66393859,0,83.7120019,0,11/10/2025 15:25
UXD Stablecoin,UXD,1.00616585,-0.20929715,0.06329821,0,81.70674336,0,11/10/2025 15:25
JaiHo,JaiHo,0.000169096,-25.03955069,-57.13502752,0,81.67474842,0,11/10/2025 15:25
Stables Labs (Staked USDX),sUSDX,0.047007245,-49.314229,-95.75803653,0,80.10761935,0,11/10/2025 15:25
SHARE,SHARE,1.69E-05,-0.31427565,-2.07312945,0,79.87516241,0,11/10/2025 15:25
Peepo,PEEPO,2.15E-05,-4.96027022,-8.85628523,0,78.03564641,0,11/10/2025 15:25
Sheesha Finance [ERC20],SHEESHA,2.137244626,0.50995784,4.14279438,0,76.93721371,0,11/10/2025 15:25
HXRO,HXRO,0.002262242,1.18238928,17.85073038,0,74.15586781,0,11/10/2025 15:25
Bird Dog,BIRDDOG,0.000193782,-0.69127301,-8.1062406,0,73.52478865,0,11/10/2025 15:25
Skimask Pnut,SKINUT,2.74E-05,0.14582996,-2.69131349,0,72.995546,0,11/10/2025 15:25
Pixie,PIX,4.81E-06,-5.3197451,-2.83303493,0,72.14058715,0,11/10/2025 15:25
Auctus,AUC,0.000694753,0.50995784,4.14279438,0,70.93123507,0,11/10/2025 15:25
Pundi X PURSE,PURSE,2.05E-05,-1.1093133,-5.06539996,0,70.71333228,0,11/10/2025 15:25
Hover Cat,HCAT,1.71E-05,3.50444428,-5.24202817,0,70.67034719,0,11/10/2025 15:25
OBOT,OBOT,0.000580161,25.27822493,47.81425403,0,70.37141085,0,11/10/2025 15:25
Hatch,HATCH,0.006135449,-0.92877117,-5.33411557,0,69.24599528,0,11/10/2025 15:25
CATERPILLAR,CPL,1.02E-09,-0.47405488,-3.43901717,0,67.17290346,0,11/10/2025 15:25
Bonk 2.0,BONK2.0,5.14E-10,-1.01652882,-2.03698521,0,64.83391669,0,11/10/2025 15:25
ZINC,ZINC,0.003658442,0.50995784,4.14279438,0,64.24651705,0,11/10/2025 15:25
Oxbull,OXI,0.209798156,0.53473775,-6.35617171,0,64.18749308,0,11/10/2025 15:25
The GM Machine,GM,1.42E-10,0.18942454,10.1844358,0,63.96774699,0,11/10/2025 15:25
Globiance Exchange Token,GBEX,2.30E-09,-0.02807293,29.48029254,0,63.18396074,0,11/10/2025 15:25
PhoenixCo Token,XPHX,0.001523691,-2.88258222,-3.08216435,0,63.07781088,0,11/10/2025 15:25
FRED,FRED,0.00024527,4.87900278,10.76633202,0,62.90512696,0,11/10/2025 15:25
Replay,RPLAY,0.003484428,-29.95067601,2800.902861,0,62.70864927,0,11/10/2025 15:25
VAPE,VAPE,0.242206814,4.56398976,-5.80117541,0,62.27737921,0,11/10/2025 15:25
Solberg,SLB,0.008535515,-0.51124767,-0.43743623,0,62.19159545,0,11/10/2025 15:25
Lox Network,LOX,4.82E-05,77.11020892,96.71763202,0,62.03077039,0,11/10/2025 15:25
Automatic Treasury Machine,ATM,1.65E-05,1.22873512,-5.83244601,0,61.45963408,0,11/10/2025 15:25
CATS,CATS,1.13E-06,-0.05273425,66.6963336,0,61.15209912,0,11/10/2025 15:25
Gecko Coin,GECKO,3.29E-07,2.35681478,-1.30595017,0,60.70813749,0,11/10/2025 15:25
Sense4FIT,SFIT,8.09E-05,-2.79850446,17.05381621,0,60.31837548,0,11/10/2025 15:25
Devikins,DVK,0.000173378,2.09071627,-7.41241799,0,60.10773085,0,11/10/2025 15:25
ETH 2.0,ETH2.0,3.93E-14,5.89935503,-2.69070685,0,59.17463601,0,11/10/2025 15:25
DOLR AI,DOLR,0.001542264,-13.25273857,32.9313404,0,58.9073663,0,11/10/2025 15:25
Appics,APX,0.000528274,1.00198015,-0.73677011,0,58.84195853,0,11/10/2025 15:25
Realm Anima,ANIMA,0.000353119,-1.3747507,6.87762444,0,58.5628151,0,11/10/2025 15:25
Bullit,BULT,0.002725847,-92.73495624,167.6132435,0,58.38422304,0,11/10/2025 15:25
Byat,BYAT,5.58E-06,0.03738921,-13.33401077,0,57.880857,0,11/10/2025 15:25
Bonkers Meme Token,BNKRS,7.65E-05,-30.0872072,-15.0037257,0,57.62921354,0,11/10/2025 15:25
Shigure UI,9MM,5.25E-05,-0.31164122,-1.93761971,0,56.27353415,0,11/10/2025 15:25
KyotoSwap,KSWAP,0.062678787,-1.11905822,-5.57153958,0,56.14747729,0,11/10/2025 15:25
Baked,BAKED,0.000196866,4.95772303,-1.49197665,0,53.85776873,0,11/10/2025 15:25
Freicoin,FRC,0.01056155,0.91682407,41.47718146,0,52.75707649,0,11/10/2025 15:25
Mean DAO,MEAN,0.000121425,1.91955894,1.49613763,0,52.17417636,0,11/10/2025 15:25
MyBit,MYB,0.000117916,0.50995785,4.14279439,0,50.69794319,0,11/10/2025 15:25
Global Token,GBL,3.392100944,1.14107764,-34.22773971,0,50.38552047,0,11/10/2025 15:25
Shroomates,SHROOM,0.000288848,0.48059174,0.09095971,0,50.33101373,0,11/10/2025 15:25
Edelcoin,EDLC,0.578997169,-0.02143573,-0.00438318,0,50.00220913,0,11/10/2025 15:25
Yes Chad,YES,3.40E-05,61.90113627,-57.51002191,0,49.61006823,0,11/10/2025 15:25
Compendium,CMFI,0.000118545,-0.29276195,-1.03051773,0,49.308851,0,11/10/2025 15:25
Babydoge 2.0,BABYDOGE2.0,2.84E-13,-15.57554416,0.58901699,0,48.6874185,0,11/10/2025 15:25
Decentralized USD (DefiChain),DUSD,0.00570882,-36.41217303,-18.32120001,0,48.49734668,0,11/10/2025 15:25
PooCoin,POOCOIN,0.457666071,-1.45219112,-2.49422644,0,47.87353333,0,11/10/2025 15:25
Neiro Pump,NEIRO,0.000190379,0.57856179,15.97088463,0,45.84526343,0,11/10/2025 15:25
iCommunity Labs,ICOM,0.003119323,-22.42996238,4.68890662,0,45.64331014,0,11/10/2025 15:25
PELFORT,$PELF,3.27E-05,0.18643498,1.03589278,0,45.57151324,0,11/10/2025 15:25
Banus.Finance,BANUS,6.42E-05,-10.34680527,-4.18554623,0,44.43503131,0,11/10/2025 15:25
AI Agent Layer,AIFUN,0.000401411,2.62600367,8.86722311,0,44.2289883,0,11/10/2025 15:25
Catcoin BSC,CAT,3.33E-13,-1.57640446,-1.40647781,0,44.16518741,0,11/10/2025 15:25
Anime Token,ANI,0.001004163,-1.41977909,0.62322833,0,44.07870782,0,11/10/2025 15:25
IceCream,ICE,0.178936941,-0.44191362,1.32555693,0,43.44610812,0,11/10/2025 15:25
JEXchange,JEX,0.001104186,-0.6624743,1.45087154,0,42.4923351,0,11/10/2025 15:25
SmartNFT,SMARTNFT,7.00E-06,-49.89021859,-6.15853817,0,41.98756482,0,11/10/2025 15:25
Spectra,APW,0.729705546,143.2172633,171.3163089,0,41.86785985,0,11/10/2025 15:25
TBCC,TBCC,0.000187591,-0.39868922,9.89608237,0,41.7834897,0,11/10/2025 15:25
HashBX,HBX,0.000231718,0.86972616,5.47392654,0,41.61980402,0,11/10/2025 15:25
Sekuritance,SKRT,0.00037411,-0.8651016,-1.1695497,0,41.59792281,0,11/10/2025 15:25
Gradium,GRD,1.432614097,18.7147563,48.41479478,0,40.98843611,0,11/10/2025 15:25
Biao Coin,BIAO,7.81E-06,-0.16380318,3.00230027,0,39.62212057,0,11/10/2025 15:25
KEVIN,KEVIN,1.25E-07,1.03573653,-0.96823686,0,38.99685319,0,11/10/2025 15:25
DBX,DBX,3.22E-06,-1.9998392,-33.75698038,0,38.90099982,0,11/10/2025 15:25
Kitty Solana,KITTY,4.90E-10,0.12768966,16.48139915,0,38.49068472,0,11/10/2025 15:25
X8X Token,X8X,0.000695647,0.50995784,4.14279438,0,38.36813888,0,11/10/2025 15:25
Moxie,MOXIE,1.27E-05,5.37091607,11.84119586,0,37.66515228,0,11/10/2025 15:25
Dopex,DPX,4.322795361,-0.14928407,-2.26939702,0,37.25955076,0,11/10/2025 15:25
Boysclub on Base,BOYS,0.000926284,-1.08846994,-10.51697353,0,37.14513699,0,11/10/2025 15:25
SUKUYANA,SNA,2.51E-11,-4.05123877,-4.4087056,0,36.88754301,0,11/10/2025 15:25
MANYU (manyu.world),MANYU,9.68E-15,38.34597072,34.33808585,0,36.81652473,0,11/10/2025 15:25
Ozone Metaverse,OZONE,8.22E-05,-1.87330624,-10.06027703,0,36.78109817,0,11/10/2025 15:25
Godcoin,GOD,0.002181066,0.49566789,-6.87338387,0,36.68300777,0,11/10/2025 15:25
GoldPro Token,GPRO,5.299058875,-0.02807292,0.2295515,0,35.76492648,0,11/10/2025 15:25
Apple Network,ANK,6.89E-06,0.5099578,4.14279433,0,35.46679729,0,11/10/2025 15:25
YOEX PRO,YOEX,2.46E-06,18.82462276,-52.82577049,0,34.67563685,0,11/10/2025 15:25
RuneMine,MINE,0.001324465,2.22218515,-0.81202147,0,34.42393356,0,11/10/2025 15:25
Good Person Coin,GPCX,0.000699966,7.86342779,27.25398911,0,34.38500819,0,11/10/2025 15:25
HNC COIN,HNC,0.008008102,-0.28299557,-32.01055913,0,34.31411846,0,11/10/2025 15:25
Margaritis,MARGA,0.304864782,-0.20499587,0.14001512,0,34.18760411,0,11/10/2025 15:25
Ninja Protocol,NINJA,0.00102029,0.20159456,-2.47097681,0,33.68296266,0,11/10/2025 15:25
Equilibrium Games,EQ,0.012649302,12.89279101,10.41724707,0,33.62218669,0,11/10/2025 15:25
WOOP,WOOP,0.000208937,-0.40587474,-5.48140707,0,33.19621332,0,11/10/2025 15:25
Teritori,TORI,9.86E-05,-0.2305035,-14.976044,0,33.05890456,0,11/10/2025 15:25
TRYC,TRYC,0.023653088,-0.0747144,-0.52796011,0,32.86596583,0,11/10/2025 15:25
Fanatico,FCO,0.066888121,-0.24510142,62.72872984,0,32.76272531,0,11/10/2025 15:25
NEXUS,NEX,0.00026655,-0.59078876,-8.82029079,0,32.5468717,0,11/10/2025 15:25
GoCharge Tech,CHARGED,0.000490005,-1.07362133,4.37829039,0,32.19842288,0,11/10/2025 15:25
Baby Samo Coin,BABY,2.29E-06,-1.08816245,-0.61041509,0,31.07871656,0,11/10/2025 15:25
BigFoot Town,BIGFOOT,9.28E-05,1.2262098,10.1141782,0,30.84049611,0,11/10/2025 15:25
Fisco Coin,FSCC,0.100592196,-0.69067517,-5.60594076,0,30.6954873,0,11/10/2025 15:25
FintruX Network,FTX,0.000745971,0.50995784,4.14279438,0,30.58901973,0,11/10/2025 15:25
HALO NFT OFFICIAL,HALO,0.000312653,0.6145099,1.55232442,0,30.3189195,0,11/10/2025 15:25
SUIA,SUIA,0.001058273,-1.77757189,2.04321613,0,30.16702755,0,11/10/2025 15:25
Aigang,AIX,0.001194995,0.50995784,4.14279438,0,30.08604015,0,11/10/2025 15:25
Emp Money,EMP,6.23E-11,-32.11178146,-99.99999069,0,30.00490809,0,11/10/2025 15:25
Utherverse,UTHX,0.001633919,0.72254311,-1.95912685,0,29.86921053,0,11/10/2025 15:25
Marginswap,MFI,0.013567192,0.50995784,4.14279438,0,29.79721142,0,11/10/2025 15:25
Sigma,SIGMA,1.48E-05,7.82545517,25.59430207,0,28.79784103,0,11/10/2025 15:25
Novacoin,NVC,0.026403874,5.12169174,46.03150191,0,28.09525351,0,11/10/2025 15:25
Koi Finance,KOI,0.000879298,-1.42074745,1.8375963,0,27.93277351,0,11/10/2025 15:25
Howinu,HOW,1.48E-10,0.6804152,2.93784904,0,27.80939293,0,11/10/2025 15:25
LinkPool,LPL,0.274002568,0.63231972,4.22237812,0,27.52369027,0,11/10/2025 15:25
Tether CNHt,CNHt,0.194756982,0.00029305,27.07740427,0,27.42280042,0,11/10/2025 15:25
ecoterra,ECOTERRA,0.000119979,-0.02807292,-14.30940684,0,27.19581427,0,11/10/2025 15:25
renZEC,RENZEC,34.79444273,15.00537955,51.96637692,0,26.87957377,0,11/10/2025 15:25
Dypius [Old],DYP,0.003402567,-1.09082562,-19.26826317,0,26.7761127,0,11/10/2025 15:25
BrianArmstrongCoinbaseUSDC2012,BASE,1.14E-06,0.11381528,-1.71005045,0,26.77278375,0,11/10/2025 15:25
PolyAlpha Finance,ALPHA,0.305544788,-12.06749156,-9.97203477,0,26.58224392,0,11/10/2025 15:25
Arkimals,EGG,2.9508,0.86544154,4.56291946,0,26.37403791,0,11/10/2025 15:25
YodeSwap,YODE,0.002467289,-1.80439968,0.67339563,0,26.26158579,0,11/10/2025 15:25
SmartLOX,SMARTLOX,3.10E-05,-2.74878965,158.2248544,0,25.6989313,0,11/10/2025 15:25
Meow,MEOW,6.52E-06,-4.08789279,1.46173304,0,25.08440343,0,11/10/2025 15:25
Bitchemical,BCHEM,1.20E-06,-25.01148634,-50.00604099,0,24.99228778,0,11/10/2025 15:25
OSEAN,OSEAN,0.000231465,-5.25221424,-64.9830308,0,24.98522582,0,11/10/2025 15:25
HZM Coin,HZM,0.000244005,-0.09761637,5.39242223,0,24.68811952,0,11/10/2025 15:25
Overnight USDC+,USDC+,1.000682166,0.18471329,0.11840451,0,24.27914631,0,11/10/2025 15:25
BigStrategy Inc,BSTR,3.49E-05,-4.27493508,-11.73754003,0,24.27433625,0,11/10/2025 15:25
CATO,CATO,0.000339462,-1.90474557,-0.49763694,0,24.07774772,0,11/10/2025 15:25
WOW MOON LAMBO PUMPPPPPPY,PUMPY,8.25E-06,0.12157295,-2.51340241,0,23.93955554,0,11/10/2025 15:25
BABYDOGE,BABYDOGE,3.25E-13,-3.02699893,-99.96050626,0,23.89663335,0,11/10/2025 15:25
Based Sharon,SHARE,1.40E-05,-0.55638818,-1.2688509,0,23.70630908,0,11/10/2025 15:25
AIDOGE,AI,2.39E-07,-0.08772681,-7.99045788,0,23.60653809,0,11/10/2025 15:25
CHILI,CHILI,2.44E-11,-0.0875463,-6.80528819,0,23.47571692,0,11/10/2025 15:25
Sunny Side up,SSU,0.001364823,0.16962153,-0.20478427,0,23.10115175,0,11/10/2025 15:25
Book of Baby Memes,BABYBOME,9.66E-14,-2.04239407,-9.97600395,0,22.39295285,0,11/10/2025 15:25
Alien,ALIEN,0.004023346,0.32430008,-2.12636632,0,22.20520794,0,11/10/2025 15:25
Block (bl0ck.gg),BLOCK,0.080085777,-0.02807292,-15.96629409,0,21.79089952,0,11/10/2025 15:25
COTI AI Agents,COAI,6.78E-05,4.61009211,-4.32191319,0,21.76111601,0,11/10/2025 15:25
SUNBEANS,BEANS,1.00E-08,-0.03639296,-0.01208197,0,21.45611063,0,11/10/2025 15:25
BH Network,BHAT,0.000587551,-1.41399991,17.14398738,0,21.3844658,0,11/10/2025 15:25
Academic Labs,AAX,0.000148956,10.35313267,81.01779853,0,20.93673549,0,11/10/2025 15:25
MILO Project,MILO,0.003225699,-0.06773124,-1.85844743,0,20.5893482,0,11/10/2025 15:25
Arbidex,ABX,0.000497227,0.50995784,4.14279438,0,20.49994065,0,11/10/2025 15:25
SmartCredit Token,SMARTCREDIT,0.190444449,0.50995784,4.14279438,0,20.18363105,0,11/10/2025 15:25
AMMYI Coin,AMI,0.001814963,-19.54245107,34.19117774,0,19.48110779,0,11/10/2025 15:25
4,FOUR,0.000112971,8.8778564,5.85556349,0,19.28060581,0,11/10/2025 15:25
Hubble Protocol,HBB,0.006988846,-0.11265088,-2.56348051,0,19.25306717,0,11/10/2025 15:25
Kaiken Shiba,KSHIB,1.38E-13,-1.94350151,-5.87878428,0,19.1582628,0,11/10/2025 15:25
CZUSD,CZUSD,0.986794443,-0.17575441,0.02506169,0,19.10230269,0,11/10/2025 15:25
Heavenland,HTO,0.00039964,-0.84665964,-0.25617441,0,18.691659,0,11/10/2025 15:25
Bretta (Brett’s Wife),BRETTA,6.67E-05,-0.3027975,-3.44609015,0,18.47714796,0,11/10/2025 15:25
GoodDollar,G$,0.000104338,0.81223628,2.60829178,0,18.27364471,0,11/10/2025 15:25
X Project,XERS,0.000367727,0.97808437,-2.63741877,0,17.97924817,0,11/10/2025 15:25
Panda Coin,PANDA,4.36E-06,0.47023808,2.76209613,0,17.91496608,0,11/10/2025 15:25
XRP 2.0,XRP2.0,5.67E-14,-2.44479969,-20.33503622,0,17.81141673,0,11/10/2025 15:25
Greenland Rare Bear,NORDO,1.26E-06,-1.09426327,7.69395406,0,17.5572732,0,11/10/2025 15:25
Degen (SOL),DEGEN,1.67E-06,-0.52087628,-4.55264127,0,17.13720531,0,11/10/2025 15:25
YUMMY,YUMMY,6.78E-06,-1.48188056,0.54994609,0,17.10765701,0,11/10/2025 15:25
Yidocy Plus,YIDO,0.000999763,100.0777639,100.0777639,0,16.97377755,0,11/10/2025 15:25
Unobtanium,UNO,8.343624142,-0.34463623,-5.48418937,0,16.78519146,0,11/10/2025 15:25
X Doge,X,8.23E-09,-1.27480333,-6.41854414,0,16.70749191,0,11/10/2025 15:25
Open Rights Exchange,ORE,0.000306853,-1.00107264,-1.64669273,0,16.51743888,0,11/10/2025 15:25
Medicle,MDI,7.40E-06,13.66939577,6.33911672,0,16.43806781,0,11/10/2025 15:25
Archethic,UCO,0.000299935,-0.05398999,-0.00867252,0,16.00728166,0,11/10/2025 15:25
Where Did The ETH Go? (Pulsechain),WHETH,0.016382551,4.76993705,26.46023754,0,15.8207965,0,11/10/2025 15:25
Fluffington,FLUFFI,0.000107845,0.28009137,5.93939934,0,15.81160539,0,11/10/2025 15:25
HyperX,HYP,0.02021641,-0.07085667,1.07205464,0,15.32193386,0,11/10/2025 15:25
Aionix the Hub of AI,AIONIX,1.03E-05,1.65961101,-11.02353929,0,15.19527553,0,11/10/2025 15:25
Shinjiru Inu V2,SHINJI,4.81E-11,-1.20298792,-2.35646909,0,14.95905421,0,11/10/2025 15:25
WaultSwap,WEX,9.67E-06,-1.67961009,-3.97459725,0,14.56347591,0,11/10/2025 15:25
JaeCoin,JAE,8.60E-06,-4.46995019,3.48167566,0,14.27371188,0,11/10/2025 15:25
AKITA-BSC,AKITA,0.000318462,-0.32480562,-0.7487704,0,13.91759235,0,11/10/2025 15:25
OpenZK Network,OZK,5.70E-05,-11.31273111,30.41537102,0,13.81734476,0,11/10/2025 15:25
Occam.Fi,OCC,0.001547781,-1.73331061,-11.61658392,0,13.28237292,0,11/10/2025 15:25
BoringDAO,BORING,9.90E-05,0.50995784,4.14279438,0,12.92856972,0,11/10/2025 15:25
TIME,$TIME,3.24E-07,4.01609686,-5.76512785,0,12.92728424,0,11/10/2025 15:25
BOB,BOB,0.999645422,-0.00868376,-0.0045625,0,12.4388723,0,11/10/2025 15:25
Ramen,RAMEN,0.004595102,3.93515327,-1.53466922,0,12.24806904,0,11/10/2025 15:25
ITAM Games,ITAM,0.011682355,-0.45935729,1.06328369,0,11.91881522,0,11/10/2025 15:25
Flowmatic,$FM,0.017673338,2.65097745,6.12610472,0,11.80447485,0,11/10/2025 15:25
Dogecoin 2.0,DOGE2,0.000196078,-0.61259245,-1.86576731,0,11.2361561,0,11/10/2025 15:25
Kermit,KERMIT,2.22E-05,0.61877865,-8.36825183,0,11.22725844,0,11/10/2025 15:25
Humanize,$HMT,8.90E-05,-0.02807292,-0.02764131,0,11.19358713,0,11/10/2025 15:25
Indi,INDI,0.00079328,-6.14872606,6.76277491,0,11.13688119,0,11/10/2025 15:25
Collab.Land,COLLAB,0.0001969,4.64530519,77.59981632,0,11.04525295,0,11/10/2025 15:25
Trump Mania,TMANIA,6.43E-05,7.83538534,-5.06617835,0,10.89498904,0,11/10/2025 15:25
Windoge98,EXE,0.181118688,-16.22947611,245.0186445,0,10.53921875,0,11/10/2025 15:25
Decentralized Pictures,TALNT,0.04914335,0.51928679,-0.73729529,0,10.50355818,0,11/10/2025 15:25
Omni,OMNI,1.31,0,4.8,0,10.46609662,0,11/10/2025 15:25
LeisurePay,LPY,0.000651859,-0.05398999,6.00706588,0,10.45880097,0,11/10/2025 15:25
Crob Coin,CROB,0.01886496,4.05011165,0.43635258,0,10.38597,0,11/10/2025 15:25
OpenSocial,OSP,7.49E-06,5.25964758,-4.15828027,0,10.08067617,0,11/10/2025 15:25
eBlockStock,EBSO,0.008575477,-0.61240777,2.07891911,0,9.99831218,0,11/10/2025 15:25
HedgeTrade,HEDG,0.009040306,0.50995784,4.14279438,0,9.93834329,0,11/10/2025 15:25
dogi,DOGI,1.510838956,0.71799473,26.22207819,0,9.84672374,0,11/10/2025 15:25
Mt Pelerin Shares,MPS,4.393914849,-0.73500466,-2.73542229,0,9.81930105,0,11/10/2025 15:25
SOLS,SOLS,0.005462002,4.02037971,42.75009438,0,9.81837425,0,11/10/2025 15:25
BaseX,BSX,0.003637909,-0.87281875,-1.67094224,0,9.51920508,0,11/10/2025 15:25
Baby Floki (BSC),BABYFLOKI,2.42E-10,-1.29476742,-1.42843604,0,9.45167757,0,11/10/2025 15:25
EQ9,EQ9,8.98E-05,-0.04369028,95.99839099,0,9.28732285,0,11/10/2025 15:25
RealtyX,RX,0.001149796,-10.15841974,-24.85737745,0,9.20012816,0,11/10/2025 15:25
Duet Protocol,DUET,0.000192112,1.03954563,9.8906669,0,9.15570207,0,11/10/2025 15:25
SPINDLE,SPD,1.33E-05,0.50995784,4.14279436,0,9.11294145,0,11/10/2025 15:25
MAGA PEPE,MAGAPEPE,5.91E-13,-0.06523464,-6.15879568,0,9.00840211,0,11/10/2025 15:25
ELIXIR AI,ELXAI,1.20E-05,-1.77761329,-23.03817923,0,8.11868145,0,11/10/2025 15:25
Media Network,MEDIA,0.478020603,1.12659799,-0.83938301,0,8.07044412,0,11/10/2025 15:25
AndUsChain,DEB,0.000999783,0.95556567,23.44608331,0,7.67968794,0,11/10/2025 15:25
Husky Avax,HUSKY,4.27E-09,1.30085558,13.47585185,0,7.44578454,0,11/10/2025 15:25
VoldemortTrumpRobotnik-10Neko,ETHEREUM,0.000195585,-5.63410148,-6.72711159,0,7.32267111,0,11/10/2025 15:25
CodeXchain,CDX,6.35E-06,-21.46033126,-26.65953164,0,7.26580988,0,11/10/2025 15:25
Blob(belikeblob.com),BLOB,3.29E-05,0.96856867,0.69168081,0,7.18339707,0,11/10/2025 15:25
Axolotl Token,AXOME,1.52E-05,-98.90141213,-98.91943539,0,7.07019469,0,11/10/2025 15:25
USD Bancor,USDB,0.116439362,0.50995784,4.14279438,0,6.96966494,0,11/10/2025 15:25
OmniCat,OMNI,1.19E-05,1.96017516,-2.70181776,0,6.90227763,0,11/10/2025 15:25
Magallaneer,MAGAL,0.000262538,-2.32137414,-8.87937975,0,6.84285864,0,11/10/2025 15:25
PeerMe,SUPER,0.004905452,-1.6614125,46.42176484,0,6.60793349,0,11/10/2025 15:25
XSwap Treasure,XTT,0.000814921,6.88764133,28.52565813,0,6.57297426,0,11/10/2025 15:25
DXdao,DXD,24.92626448,0.50995784,4.14279438,0,6.45875179,0,11/10/2025 15:25
Doogle,DOOGLE,2.21E-05,0.54485403,-6.934211,0,6.41180452,0,11/10/2025 15:25
Curio Gas Token,CGT,0.000589872,-0.05398999,-32.96035999,0,6.36216345,0,11/10/2025 15:25
Merit Circle,MC,0.04636021,-0.00283936,-14.86922586,0,6.00240558,0,11/10/2025 15:25
Good Bridging,GB,0.010810646,5.66396196,34.55595146,0,5.88510458,0,11/10/2025 15:25
TRUMP,TRUMP,8.34E-07,3.78069707,0.7920208,0,5.80332572,0,11/10/2025 15:25
The Reaper,RPR,0.008998402,69.8545369,-25.06434771,0,5.73292645,0,11/10/2025 15:25
DogLibre,DOGL,3.93E-09,4.94360567,-11.29495897,0,5.66506965,0,11/10/2025 15:25
BTCASH,BTMETA,0.000529869,8.14686069,-10.17310901,0,5.62375968,0,11/10/2025 15:25
ArbiDex Token,ARX,0.000657738,1.16781256,-4.02867923,0,5.55952266,0,11/10/2025 15:25
Voltz,VOLTZ,0.002344762,3.24224244,4.81269456,0,5.50609281,0,11/10/2025 15:25
THECAT,THECAT,0.000554506,0.10767311,0.23088085,0,5.49207117,0,11/10/2025 15:25
Otherworld,OWN,0.19548158,0.00913421,0.28397015,0,5.42813764,0,11/10/2025 15:25
NOTCOIN INU,$NOTINU,2.12E-07,0.64593302,-7.37113919,0,5.21467989,0,11/10/2025 15:25
Bancor Governance Token,VBNT,0.401238617,0.50995784,4.14279438,0,5.10706318,0,11/10/2025 15:25
AB DEFI,ABI,1.079709974,-61.01177446,18.66697964,0,4.88890154,0,11/10/2025 15:25
Game Fantasy Token,GFT,0.007260793,15.0675204,29.708049,0,4.72534496,0,11/10/2025 15:25
KITTI TOKEN,KITTI,1.41E-10,-0.12324293,-1.47580791,0,4.69280688,0,11/10/2025 15:25
Hummingbot Governance Token,HBOT,0.000915933,2.70037987,3.97901766,0,4.58712103,0,11/10/2025 15:25
NALS (Ordinals),NALS,0.001710035,3.03942207,-24.32671814,0,4.55374569,0,11/10/2025 15:25
Genius,GENI,6.87E-07,5.8990962,5.17730868,0,4.3685178,0,11/10/2025 15:25
BIB,BIB,0.027693505,-0.03207159,-0.70302017,0,4.25199781,0,11/10/2025 15:25
Graviton,GRAV,0.000165458,0.3149973,-11.74650527,0,4.12486771,0,11/10/2025 15:25
CFB,CFB,1.96E-06,-3.62489435,-8.19439737,0,4.08936283,0,11/10/2025 15:25
RUG RADIO,RUG,0.001187791,-0.29875626,0.31954176,0,3.95286047,0,11/10/2025 15:25
Chat AI,AI,0.000115633,3.61974872,1.79280711,0,3.73587734,0,11/10/2025 15:25
PeiPei (BSC),PEIPEI,8.64E-11,-4.02267111,1.16217443,0,3.68950108,0,11/10/2025 15:25
Raiden Network Token,RDN,0.002390483,0.50995784,4.14279438,0,3.63968859,0,11/10/2025 15:25
CDOGE,CDOGE,0.00029948,13.45610127,12.99649018,0,3.46608198,0,11/10/2025 15:25
Ixcoin,IXC,0.071818537,0.91682407,-4.89441341,0,3.44398195,0,11/10/2025 15:25
Jasse Polluk,POLLUK,2.36E-05,2.15210487,-11.16978199,0,3.28624278,0,11/10/2025 15:25
Pepa Inu,PEPA,6.45E-13,-2.14077609,-0.4519024,0,3.24645873,0,11/10/2025 15:25
ZILLION AAKAR XO,ZILLIONXO,0.003145184,59.37798105,-26.3717755,0,3.20501967,0,11/10/2025 15:25
SILVER BNB (New),SBNB,1.13E-14,-0.65749486,-20.49571673,0,3.17146753,0,11/10/2025 15:25
Solabrador,SOBER,9.58E-06,0.59981863,0.65460333,0,3.11964183,0,11/10/2025 15:25
CHAD CAT,CHADCAT,4.70E-05,-0.16184138,-10.64254756,0,3.10346109,0,11/10/2025 15:25
Olea Token,OLEA,4.80E-05,-0.05398999,-20.00693802,0,3.0549399,0,11/10/2025 15:25
Tether MXNt,MXNt,0.074073813,0.0021709,-66.01743262,0,2.94437591,0,11/10/2025 15:25
Vortex,VORTEX,1.42E-06,2.73497054,7.78908353,0,2.76169727,0,11/10/2025 15:25
Ari10,Ari10,0.000777384,-1.15768956,-0.90382513,0,2.71296524,0,11/10/2025 15:25
PLEB,PLEB,2.14E-05,0.42988539,-9.24920139,0,2.62080967,0,11/10/2025 15:25
QiDao,QI,0.000194003,-0.14239362,-0.52615738,0,2.55212027,0,11/10/2025 15:25
Digitalcoin,DGC,0.003168465,0.91682407,-25.52393403,0,2.53233967,0,11/10/2025 15:25
CPUcoin,CPU,0.000299935,-30.27022557,-16.67389377,0,2.49957552,0,11/10/2025 15:25
Plata Network,PLATA,4.38E-05,-0.71918525,14.01389249,0,2.49063164,0,11/10/2025 15:25
Merge,MERGE,0.000109468,-3.45630517,11.50830693,0,2.44851186,0,11/10/2025 15:25
Overnight.fi USD+ (Blast),USD+,0.99337007,-0.69646686,0.62193344,0,2.39609318,0,11/10/2025 15:25
Luxurious Pro Network Token,LPNT,0.003156457,7.63551696,-22.20801291,0,2.33874485,0,11/10/2025 15:25
HolyGrails.io,HOLY,0.000331986,0.89241837,7.40236245,0,2.31539546,0,11/10/2025 15:25
Baby Solana,BABYSOL,8.99E-05,0.62212861,0.67547514,0,2.21345469,0,11/10/2025 15:25
MagnetGold,MTG,0.019363032,3.88403704,-3.95273691,0,2.1226003,0,11/10/2025 15:25
gold coin,GC,0.016567058,-0.02143573,0.0084219,0,2.11966973,0,11/10/2025 15:25
Lydia Finance,LYD,9.65E-05,2.69823817,5.51021712,0,2.07314951,0,11/10/2025 15:25
SIRIN LABS Token,SRN,0.000207093,0.50995784,4.14279438,0,2.06028543,0,11/10/2025 15:25
Pundi X (Old),NPXS,9.39E-05,0.50995785,4.14279438,0,1.9517065,0,11/10/2025 15:25
Agility LSD,AGI,0.000599839,-25.02007832,-25.02007832,0,1.64083056,0,11/10/2025 15:25
Anita Max Wynn,WYNN,0.000203231,1.27047855,-7.71803452,0,1.62316971,0,11/10/2025 15:25
Bitcoin Wizards,WZRD,0.012996509,-80.00268322,-68.29996139,0,1.60926951,0,11/10/2025 15:25
Sulaana,SUL,0.047572315,32.10074829,6.85496094,0,1.58838252,0,11/10/2025 15:25
SOLITO,SOLITO,2.26E-05,5.75162975,-2.84561759,0,1.58053946,0,11/10/2025 15:25
COFFEE,$COFEEE,0.003542058,1.89858428,0.82876604,0,1.56654668,0,11/10/2025 15:25
Amon,AMN,3.68E-06,0.50995778,4.1427943,0,1.47968186,0,11/10/2025 15:25
Yelay,YLAY,0.005467563,0.22835048,-2.25366426,0,1.41611952,0,11/10/2025 15:25
Cope,COPE,5.57E-10,0.21133446,0.68565928,0,1.340461,0,11/10/2025 15:25
Blue Guy,BLUE,1.52E-05,1.24404014,-8.69716508,0,1.19193885,0,11/10/2025 15:25
Pepe's Frogbar,FRGB,7.76E-08,3.45679742,0.07488467,0,1.10423039,0,11/10/2025 15:25
e-Gulden,EFL,0.12568244,0.91682407,-0.6985787,0,1.05619667,0,11/10/2025 15:25
SHARBI,SHARBI,1.50E-06,16.49807522,-20.42076896,0,0.99655034,0,11/10/2025 15:25
Mystic Land Coin,MYTH,0.062688866,0.03133579,-3.26748627,0,0.93344448,0,11/10/2025 15:25
SupremeX,SXC,0.005280775,0.91682407,-1.8284111,0,0.87049176,0,11/10/2025 15:25
Joule,JOULE,0.001329764,-0.76754442,-5.06357811,0,0.84255692,0,11/10/2025 15:25
Auroracoin,AUR,0.047526973,0.91682407,-2.85730525,0,0.7291028,0,11/10/2025 15:25
HamsterChamp,HMC,7.67E-06,0.63591229,-0.99341463,0,0.70971529,0,11/10/2025 15:25
VPS AI,VPS,0.00338408,3.64546331,18.92271124,0,0.58831927,0,11/10/2025 15:25
Satoshi Nakamoto,SATOSHI,0.856328997,-1.78318693,-14.71086581,0,0.58244385,0,11/10/2025 15:25
sETH,SETH,3465.294476,2.07801978,-2.71130808,0,0.5773532,0,11/10/2025 15:25
ArbGPT,GPT,1.20E-05,0.03381761,-0.11112471,0,0.57118824,0,11/10/2025 15:25
Agent S,AGENT S,0.000171693,-1.6204794,27.38330119,0,0.48879011,0,11/10/2025 15:25
Froyo Games,FROYO,9.95E-06,0.75476341,2.93341107,0,0.42742829,0,11/10/2025 15:25
Pollchain,POLL,0.001070658,-1.33269667,-3.10074556,0,0.41944933,0,11/10/2025 15:25
Microtuber,MCT,0.000274322,99.71463912,96.13589282,0,0.41110065,0,11/10/2025 15:25
Monkey Taken By Police,JORGIE,4.30E-05,2.48761052,-1.86200358,0,0.35176511,0,11/10/2025 15:25
BNSD Finance,BNSD,0.000281827,-10.76136987,149.9299798,0,0.31310926,0,11/10/2025 15:25
Crypto Accept,ACPT,9.54E-06,0.50995784,4.14279439,0,0.29511985,0,11/10/2025 15:25
CENTER COIN,CENT,0.003060983,48.56597289,-26.18696046,0,0.21862004,0,11/10/2025 15:25
$RWA,$RWA,8.27E-14,4.59958117,-11.42668348,0,0.20569484,0,11/10/2025 15:25
Aerovek Aviation,AERO,0.000128572,-1.3221802,41.73702883,0,0.20518794,0,11/10/2025 15:25
Blocksport,BSPT,6.50E-05,-0.00165318,-8.43701777,0,0.1146229,0,11/10/2025 15:25
Vital Network,VITAL,4.16E-08,42.81366893,-19.84465988,0,0.08979932,0,11/10/2025 15:25
DogeCash,DOGEC,0.000889717,-0.44065721,30.22993072,0,0.06226838,0,11/10/2025 15:25
Knights of Cathena,CGO,1.71E-06,-1.42392864,28.4355202,0,0.03940969,0,11/10/2025 15:25
Blocknet,BLOCK,0.023791241,-3.45630285,142.3458807,0,0.02398325,0,11/10/2025 15:25
FAML,FAML,1.41E-05,3.33720019,-0.85593953,0,0.02026928,0,11/10/2025 15:25
Patientory,PTOY,0.001058919,-8.99194145,-8.99194145,0,0.01906315,0,11/10/2025 15:25
Terracoin,TRC,0.013730014,19.26533754,17.35622517,0,0.01582712,0,11/10/2025 15:25
Bean Cash,BITB,1.50E-05,-3.45630517,24.15381179,0,0.0075081,0,11/10/2025 15:25
Panda DAO,PANDA,0.003017722,-0.00499891,59.81505058,0,0.00603528,0,11/10/2025 15:25
STEMX,STEMX,0.000201411,0.10947977,1.24358188,0,0.00551454,0,11/10/2025 15:25
Effort Economy,EFFORT,0.000216327,1.2455793,17.8746928,0,0.00321117,0,11/10/2025 15:25
Rapids,RPD,9.55E-05,-34.61651962,10.95353924,0,0.00130188,0,11/10/2025 15:25
Avian,AVN,5.09E-06,-3.45630517,10.95353924,0,5.09E-05,0,11/10/2025 15:25
UniFi Protocol,UP,0.004393595,-0.00499891,-0.28707851,0,4.39E-05,0,11/10/2025 15:25
Bitgrit,BGR,0.001138281,3.12067065,-0.13683932,0,1.77E-05,0,11/10/2025 15:25
Zetacoin,ZET,0.000987536,0,0,0,0,0,11/10/2025 15:25
TagCoin,TAG,0.00443576,0,0,0,0,0,11/10/2025 15:25
HoboNickels,HBN,0.001064708,1.734091,0.10560602,0,0,0,11/10/2025 15:25
42-coin,42,43400.69861,0.66295234,1.8894843,0,0,0,11/10/2025 15:25
Maxcoin,MAX,0.003229603,0,0,0,0,0,11/10/2025 15:25
BlackCoin,BLK,0.047422638,0,-4.25833346,0,0,0,11/10/2025 15:25
PetroDollar,XPD,0.010027683,0,0,0,0,0,11/10/2025 15:25
PLNcoin,PLNC,0.000982724,0,0,0,0,0,11/10/2025 15:25
Bitstar,BITS,0.002300663,0,0,0,0,0,11/10/2025 15:25
Quebecoin,QBC,0.001130941,0,0,0,0,0,11/10/2025 15:25
BlueCoin,BLU,0.000982724,0,0,0,0,0,11/10/2025 15:25
Dreamcoin,DRM,0.00696776,0,0,0,0,0,11/10/2025 15:25
Motocoin,MOTO,0.004076885,0,-13.38992577,0,0,0,11/10/2025 15:25
Coin2.1,C2,0.000982724,0,0,0,0,0,11/10/2025 15:25
Startcoin,START,0.000982724,0,0,0,0,0,11/10/2025 15:25
DigitalNote,XDN,8.30E-06,1.6498869,6.77744503,0,0,0,11/10/2025 15:25
Clams,CLAM,0.100188934,0,-7.26206582,0,0,0,11/10/2025 15:25
Viacoin,VIA,0.273294944,0,0,0,0,0,11/10/2025 15:25
Cryptonite,XCN,0.001039438,0,0,0,0,0,11/10/2025 15:25
Carboncoin,CARBON,0.001194768,0,0,0,0,0,11/10/2025 15:25
Emercoin,EMC,0.094672773,0,0,0,0,0,11/10/2025 15:25
RabbitCoin,RBBT,0.001192992,0,0,0,0,0,11/10/2025 15:25
Opal,OPAL,0.008129053,0,0,0,0,0,11/10/2025 15:25
Prime-XI,PXI,0.000982724,0,0,0,0,0,11/10/2025 15:25
SpreadCoin,SPR,0.000982724,0,0,0,0,0,11/10/2025 15:25
Rimbit,RBT,0.001096336,0,0,0,0,0,11/10/2025 15:25
Crown,CRW,0.002359032,0,0,0,0,0,11/10/2025 15:25
Quotient,XQN,0.000982724,0,0,0,0,0,11/10/2025 15:25
Okcash,OK,0.004094171,0,1.95579955,0,0,0,11/10/2025 15:25
PayCoin,XPY,0.000982724,0,0,0,0,0,11/10/2025 15:25
Kobocoin,KOBO,0.01041841,0,0,0,0,0,11/10/2025 15:25
Wild Beast Block,WBB,0.003105855,0,0,0,0,0,11/10/2025 15:25
SongCoin,SONG,0.000982724,0,0,0,0,0,11/10/2025 15:25
Californium,CF,0.002303994,0,0,0,0,0,11/10/2025 15:25
Bubble,BUB,0.001065935,0,0,0,0,0,11/10/2025 15:25
Universal Currency,UNIT,0.00309757,0,-9.0568906,0,0,0,11/10/2025 15:25
ParkByte,PKB,0.001154788,0,0,0,0,0,11/10/2025 15:25
ARbit,ARB,0.001174675,0,0,0,0,0,11/10/2025 15:25
Bata,BTA,0.111415048,0,0,0,0,0,11/10/2025 15:25
AudioCoin,ADC,0.000982724,0,0,0,0,0,11/10/2025 15:25
Synergy,SNRG,0.015814465,0,0,0,0,0,11/10/2025 15:25
Ratecoin,XRA,0.000969349,0,0,0,0,0,11/10/2025 15:25
CrevaCoin,CREVA,0.000982724,0,0,0,0,0,11/10/2025 15:25
Manna,MANNA,0.001019273,0,0,0,0,0,11/10/2025 15:25
Axiom,AXIOM,0.001175058,0,0,0,0,0,11/10/2025 15:25
TransferCoin,TX,0.172232159,0,0,0,0,0,11/10/2025 15:25
GuccioneCoin,GCC,0.001153133,0,0,0,0,0,11/10/2025 15:25
Eurocoin,EUC,0.001116719,0,0,0,0,0,11/10/2025 15:25
VectorAI,VEC2,0.000982724,0,0,0,0,0,11/10/2025 15:25
SIBCoin,SIB,0.049540574,0,0,0,0,0,11/10/2025 15:25
Swing,SWING,0.012322378,0,0,0,0,0,11/10/2025 15:25
Save and Gain,SANDG,0.000421709,0,0,0,0,0,11/10/2025 15:25
DraftCoin,DFT,0.000495578,0,0,0,0,0,11/10/2025 15:25
ClubCoin,CLUB,0.004976847,0,0,0,0,0,11/10/2025 15:25
Adzcoin,ADZ,0.001246942,0,0,0,0,0,11/10/2025 15:25
AvatarCoin,AV,0.073477153,0,0,0,0,0,11/10/2025 15:25
Litecred,LTCR,0.000982724,0,0,0,0,0,11/10/2025 15:25
SaluS,SLS,9.108911011,0,0,0,0,0,11/10/2025 15:25
Francs,FRN,0.002305372,0,0,0,0,0,11/10/2025 15:25
Evil Coin,EVIL,0.003478267,0,0,0,0,0,11/10/2025 15:25
Rubies,RBIES,0.005610231,0,0,0,0,0,11/10/2025 15:25
Independent Money System,IMS,0.001153284,0,0,0,0,0,11/10/2025 15:25
Cabbage,CAB,0.001085082,0,0,0,0,0,11/10/2025 15:25
MojoCoin,MOJO,0.001094392,0,0,0,0,0,11/10/2025 15:25
EDRCoin,EDRC,0.010175697,0,0,0,0,0,11/10/2025 15:25
PostCoin,POST,0.001153133,0,0,0,0,0,11/10/2025 15:25
BERNcash,BERN,0.000982724,0,0,0,0,0,11/10/2025 15:25
HiCoin,XHI,0.000982724,0,0,0,0,0,11/10/2025 15:25
Bitcoin 21,XBTC21,0.005020652,0,-6.04952593,0,0,0,11/10/2025 15:25
2GIVE,2GIVE,0.000982724,0,0,0,0,0,11/10/2025 15:25
PlatinumBAR,XPTX,0.003313456,0,0,0,0,0,11/10/2025 15:25
LanaCoin,LANA,0.001056361,0.96418518,-0.6790576,0,0,0,11/10/2025 15:25
PonziCoin,PONZI,0.001096728,0,0,0,0,0,11/10/2025 15:25
ION,ION,53.22328219,-0.55582502,-5.91657947,0,0,0,11/10/2025 15:25
High Voltage,HVCO,0.001103118,0,0,0,0,0,11/10/2025 15:25
GoldBlocks,GB,0.001086068,0,0,0,0,0,11/10/2025 15:25
Comet,CMT,0.004608287,0,0,0,0,0,11/10/2025 15:25
Cryptojacks,CJ,0.000982724,0,0,0,0,0,11/10/2025 15:25
Aces,ACES,0.000982724,0,0,0,0,0,11/10/2025 15:25
TajCoin,TAJ,0.001151798,0,0,0,0,0,11/10/2025 15:25
Veltor,VLT,0.003459852,0,0,0,0,0,11/10/2025 15:25
Zayedcoin,ZYD,0.001064197,0,0,0,0,0,11/10/2025 15:25
Dollarcoin,DLC,0.001152611,0,0,0,0,0,11/10/2025 15:25
MustangCoin,MST,0.014990862,0,0,0,0,0,11/10/2025 15:25
AllSafe,ASAFE,0.001654199,0,0,0,0,0,11/10/2025 15:25
Kurrent,KURT,0.001176818,0,0,0,0,0,11/10/2025 15:25
Eternity,ENT,0.002206236,0,0,0,0,0,11/10/2025 15:25
PoSW Coin,POSW,0.002186656,0,0,0,0,0,11/10/2025 15:25
Wings,WINGS,0.002872392,0,0,0,0,0,11/10/2025 15:25
PureVidz,VIDZ,0.000982724,0,0,0,0,0,11/10/2025 15:25
ICOBID,ICOB,0.000982724,0,0,0,0,0,11/10/2025 15:25
iBank,IBANK,0.000982724,0,0,0,0,0,11/10/2025 15:25
FirstCoin,FRST,0.000117077,0,0,0,0,0,11/10/2025 15:25
Iconic,ICON,0.002173511,0,0,0,0,0,11/10/2025 15:25
Centurion,CNT,0.000982724,0,0,0,0,0,11/10/2025 15:25
Argus,ARGUS,0.000982724,0,0,0,0,0,11/10/2025 15:25
Swarm City,SWT,0.008950133,0,0,0,0,0,11/10/2025 15:25
Netko,NETKO,0.005684957,0,0,0,0,0,11/10/2025 15:25
Skycoin,SKY,0.022546121,-0.05273425,0.01859266,0,0,0,11/10/2025 15:25
BlazerCoin,BLAZR,0.000982724,0,0,0,0,0,11/10/2025 15:25
Zennies,ZENI,0.000229998,0,0,0,0,0,11/10/2025 15:25
Coinonat,CXT,0.000982724,0,0,0,0,0,11/10/2025 15:25
Concoin,CONX,0.001965449,0,0,0,0,0,11/10/2025 15:25
WeTrust,TRST,0.000484576,0,0,0,0,0,11/10/2025 15:25
SpeedCash,SCS,0.007881252,0,0,0,0,0,11/10/2025 15:25
Bitvolt,VOLT,0.000982724,0,0,0,0,0,11/10/2025 15:25
Lunyr,LUN,0.006620515,0,0,0,0,0,11/10/2025 15:25
Monolith,TKN,0.07707359,0,0,0,0,0,11/10/2025 15:25
Theresa May Coin,MAY,0.000982724,0,0,0,0,0,11/10/2025 15:25
Unify,UNIFY,0.001123251,0,0,0,0,0,11/10/2025 15:25
Onix,ONX,0.000982724,0,0,0,0,0,11/10/2025 15:25
GXChain,GXC,0.400324771,0.35322808,6.52306111,0,0,0,11/10/2025 15:25
SocialCoin,SOCC,0.000578513,0,0,0,0,0,11/10/2025 15:25
Wagerr,WGR,0.002150526,0.81622371,-2.96329408,0,0,0,11/10/2025 15:25
Polybius,PLBT,0.290149726,0,0,0,0,0,11/10/2025 15:25
Santiment Network Token,SAN,0.110211496,0,-12.10384346,0,0,0,11/10/2025 15:25
GeyserCoin,GSR,0.002306568,0,0,0,0,0,11/10/2025 15:25
Shadow Token,SHDW,0.00348388,0,0,0,0,0,11/10/2025 15:25
DeepOnion,ONION,0.012695415,1.24057831,-4.06953209,0,0,0,11/10/2025 15:25
InvestFeed,IFT,0.000993283,0,0,0,0,0,11/10/2025 15:25
Nebulas,NAS,4.00E-05,-0.01072365,-42.86220658,0,0,0,11/10/2025 15:25
Agrello,DLT,0.00077119,0,0,0,0,0,11/10/2025 15:25
BUZZCoin,BUZZ,3.24E-05,0,0,0,0,0,11/10/2025 15:25
Indorse Token,IND,0.001093247,0,0,0,0,0,11/10/2025 15:25
ATBCoin,ATB,0.0009846,0,0,0,0,0,11/10/2025 15:25
Substratum,SUB,0.000112724,0,0.06311625,0,0,0,11/10/2025 15:25
Rivetz,RVT,0.000880049,0,0,0,0,0,11/10/2025 15:25
Cindicator,CND,0.000123562,-2.19232678,-3.05715114,0,0,0,11/10/2025 15:25
Blue Protocol,BLUE,0.000793429,0,-42.70538416,0,0,0,11/10/2025 15:25
iEthereum,IETH,0.010535788,0,0,0,0,0,11/10/2025 15:25
ATLANT,ATL,0.002187537,0,0,0,0,0,11/10/2025 15:25
Upfiring,UFR,0.00230396,0,0,0,0,0,11/10/2025 15:25
Privatix,PRIX,0.009234559,0,0,0,0,0,11/10/2025 15:25
EncrypGen,DNA,0.006067911,0.03054227,0.08567341,0,0,0,11/10/2025 15:25
Super Bitcoin,SBTC,0.234215979,1.78125052,-1.95555174,0,0,0,11/10/2025 15:25
Worldcore,WRC,3.80E-05,0,0,0,0,0,11/10/2025 15:25
United Bitcoin,UBTC,1.580179538,0,0,0,0,0,11/10/2025 15:25
Starbase,STAR,4.00E-06,0,0,0,0,0,11/10/2025 15:25
Bibox Token,BIX,0.003400037,0,0,0,0,0,11/10/2025 15:25
Neumark,NEU,0.00440683,0,0,0,0,0,11/10/2025 15:25
Bitcoin God,GOD,0.534122087,0,0,0,0,0,11/10/2025 15:25
ArbitrageCT,ARCT,0.001093642,0,0,0,0,0,11/10/2025 15:25
AidCoin,AID,0.003817137,0,0,0,0,0,11/10/2025 15:25
LinkEye,LET,0.000112739,0,0.07665346,0,0,0,11/10/2025 15:25
CPChain,CPC,0.000342796,0,0,0,0,0,11/10/2025 15:25
DMarket,DMT,0.000982724,0,0,0,0,0,11/10/2025 15:25
UNIVERSAL CASH,UCASH,0.00120001,0,0,0,0,0,11/10/2025 15:25
GoldMint,MNTP,0.014584649,0,0,0,0,0,11/10/2025 15:25
Neurotoken,NTK,9.93E-05,0,0,0,0,0,11/10/2025 15:25
Tidex Token,TDX,0.003109933,0,0,0,0,0,11/10/2025 15:25
Remme,REM,7.60E-06,0,0,0,0,0,11/10/2025 15:25
POA Network,POA,0.022959459,0,0,0,0,0,11/10/2025 15:25
StarterCoin,STAC,4.22E-05,0,0,0,0,0,11/10/2025 15:25
Tokenomy,TEN,0.007306945,3.61703202,0.30637583,0,0,0,11/10/2025 15:25
BlitzPick,XBP,8.09E-05,0,0,0,0,0,11/10/2025 15:25
eosDAC,EOSDAC,0.000112784,0,-0.98336823,0,0,0,11/10/2025 15:25
Transcodium,TNS,5.31E-05,0,0,0,0,0,11/10/2025 15:25
MyToken,MT,0.000270018,0,0,0,0,0,11/10/2025 15:25
Datarius Credit,DTRC,4.98E-05,0,0,0,0,0,11/10/2025 15:25
Mainframe,MFT,0.000724959,0,-34.89650905,0,0,0,11/10/2025 15:25
Karatgold Coin,KBC,0.001096932,0,0,0,0,0,11/10/2025 15:25
LikeCoin,LIKE,0.001942964,1.62621015,21.48855183,0,0,0,11/10/2025 15:25
PRiVCY,PRIV,0.000982623,0,0,0,0,0,11/10/2025 15:25
ZMINE,ZMN,0.014825255,0.67498629,-0.48599621,0,0,0,11/10/2025 15:25
Scorum Coins,SCR,0.00058227,2.16791695,0.72783198,0,0,0,11/10/2025 15:25
PKG Token,PKG,2.06E-06,0,0,0,0,0,11/10/2025 15:25
Sirius Chain,XPX,0.000508711,-3.99507672,-21.82055816,0,0,0,11/10/2025 15:25
ThoreCoin,THR,122.3281925,0,0,0,0,0,11/10/2025 15:25
PumaPay,PMA,4.23E-06,0,0,0,0,0,11/10/2025 15:25
ShowHand,HAND,3.43E-05,0,0,0,0,0,11/10/2025 15:25
Fire Lotto,FLOT,0.001380607,0,-8.53225127,0,0,0,11/10/2025 15:25
MobilinkToken,MOLK,2.72E-05,0,0,0,0,0,11/10/2025 15:25
Buggyra Coin Zero,BCZERO,0.549877319,-8.51479149,36555.36464,0,0,0,11/10/2025 15:25
MODEL-X-coin,MODX,0.001153143,0,0,0,0,0,11/10/2025 15:25
Ethereum Meta,ETHM,1.03E-11,4.00E-08,4.00E-08,0,0,0,11/10/2025 15:25
Micromines,MICRO,3.45E-08,-1.05973668,-1.03782602,0,0,0,11/10/2025 15:25
BitNautic Token,BTNTV2,0.001398374,-1.54814565,-0.56668036,0,0,0,11/10/2025 15:25
Kambria,KAT,1.00E-05,0,-52.38700673,0,0,0,11/10/2025 15:25
Cajutel,CAJ,0.024052477,0,0,0,0,0,11/10/2025 15:25
The Currency Analytics,TCAT,4.12E-06,0,0,0,0,0,11/10/2025 15:25
Oduwacoin,OWC,0.385009321,0,0,0,0,0,11/10/2025 15:25
DOS Network,DOS,0.001010729,-0.0134161,-0.01208197,0,0,0,11/10/2025 15:25
TERA,TERA,2.10E-05,0,-0.0642845,0,0,0,11/10/2025 15:25
Raven Protocol,RAVEN,4.67E-05,-0.07015265,6.40314068,0,0,0,11/10/2025 15:25
Honest,HNST,0.002335827,2.60887621,-0.13861446,0,0,0,11/10/2025 15:25
CryptoFranc,XCHF,0.022589021,0,0,0,0,0,11/10/2025 15:25
TranslateMe Network Token,TMN,0.000830994,0,0,0,0,0,11/10/2025 15:25
BitCanna,BCNA,0.000172304,0.02781151,17.30818157,0,0,0,11/10/2025 15:25
NewYork Exchange,NYE,0.010017421,0,-22.09388768,0,0,0,11/10/2025 15:25
MYCE,YCE,0.002342988,0,0,0,0,0,11/10/2025 15:25
BITICA COIN,BDCC,0.039971776,0,0,0,0,0,11/10/2025 15:25
NuCypher,NU,0.041522169,-0.78713961,7.82983064,0,0,0,11/10/2025 15:25
Bincentive,BCNT,0.001065764,-0.35575765,0.88779347,0,0,0,11/10/2025 15:25
SymVerse,SYM,0.002429993,0,0,0,0,0,11/10/2025 15:25
GoldeNugget,GNTO,0.066882783,0,-0.16194889,0,0,0,11/10/2025 15:25
Modex,MODEX,0.021700365,12.27835567,-56.49084089,0,0,0,11/10/2025 15:25
JD Coin,JDC,0.001907418,0,0,0,0,0,11/10/2025 15:25
MoneyByte,MON,0.029428834,223.8712696,-41.12862442,0,0,0,11/10/2025 15:25
BiLira,TRYB,0.023912172,0.06155335,0.75489862,0,0,0,11/10/2025 15:25
Bitcoin Pro,BTCP,8.347487085,-23.76873617,-2.32712559,0,0,0,11/10/2025 15:25
Shardus,ULT,0.061085336,0.28590032,0.22644547,0,0,0,11/10/2025 15:25
Homeros,HMR,0.000165896,0,0,0,0,0,11/10/2025 15:25
Scopuly,SCOP,0.015025158,2.80669372,-3.75881126,0,0,0,11/10/2025 15:25
CoinLoan,CLT,0.329012218,0.0093344,-0.00660299,0,0,0,11/10/2025 15:25
BIZZCOIN,BIZZ,0.000117031,0,0,0,0,0,11/10/2025 15:25
LBK,LBK,0.006101254,0,0,0,0,0,11/10/2025 15:25
Ixinium,XXA,0.000899768,0,-25.0095356,0,0,0,11/10/2025 15:25
EzyStayz,EZY,1.00E-05,0,-84.37698658,0,0,0,11/10/2025 15:25
TNC Coin,TNC,7.20E-05,0,0,0,0,0,11/10/2025 15:25
UCROWDME,UCM,4.00E-06,0,-92.98334836,0,0,0,11/10/2025 15:25
CashBackPro,CBP,0.010416035,2.62884653,-16.5176591,0,0,0,11/10/2025 15:25
Anyswap,ANY,1.760890676,0,0,0,0,0,11/10/2025 15:25
CoinZoom,ZOOM,0.021199999,3.4146316,0.2011702,0,0,0,11/10/2025 15:25
DeFiPie,PIE,0.001131201,0,0,0,0,0,11/10/2025 15:25
Dark Energy Crystals,DEC,0.000610895,-1.95702168,-0.17222808,0,0,0,11/10/2025 15:25
LinkCoin Token,LKN,0.000134018,0,0,0,0,0,11/10/2025 15:25
Aureus Nummus Gold,ANG,0.000187862,-0.02677625,888.8777154,0,0,0,11/10/2025 15:25
FolgoryUSD,USDF,2.14239406,0,0,0,0,0,11/10/2025 15:25
OC Protocol,OCP,0.00113136,0,0,0,0,0,11/10/2025 15:25
Libfx,LIBFX,1.70E-05,0,-62.22702534,0,0,0,11/10/2025 15:25
Nifty Wizards Dust,DUST,2.03E-05,-2.68477953,12.41937165,0,0,0,11/10/2025 15:25
TRONbetLive,LIVE,0.012800512,0,0,0,0,0,11/10/2025 15:25
Giftedhands [Old],GHD,4.62E-07,1.5430941,2.65272865,0,0,0,11/10/2025 15:25
cVault.finance,CORE,8381.121461,1.28152442,-3.69451175,0,0,0,11/10/2025 15:25
Behodler,EYE,0.030677999,1.26315311,1.30625923,0,0,0,11/10/2025 15:25
DefiDollar DAO,DFD,0.007294849,0,0,0,0,0,11/10/2025 15:25
UniWorld,UNW,0.000299788,0,0,0,0,0,11/10/2025 15:25
WadzPay Token,WTK,0.000143502,1.66411263,10.33033305,0,0,0,11/10/2025 15:25
Axion,AXN,9.81E-07,0,-24.41015645,0,0,0,11/10/2025 15:25
DexKit,KIT,0.351410661,0.10647748,-1.09205138,0,0,0,11/10/2025 15:25
BeFaster Holder Token,BFHT,0.003332711,1.12042786,-7.73577919,0,0,0,11/10/2025 15:25
Unicap.finance,UCAP,0.005936808,0,0,0,0,0,11/10/2025 15:25
ACryptoS,ACS,0.248401731,0,-3.69203785,0,0,0,11/10/2025 15:25
Venus XRP,vXRP,0.051720022,7.82733588,9.78843018,0,0,0,11/10/2025 15:25
Honey,HNY,1.501849409,-0.44987708,-0.29690522,0,0,0,11/10/2025 15:25
Hub - Human Trust Protocol,HUB,0.000160016,0,0,0,0,0,11/10/2025 15:25
Zugacoin,SZCB,0.031009674,2.76339094,3.97244287,0,0,0,11/10/2025 15:25
DeFiato,DFIAT,0.000798602,-0.96470756,5.18451855,0,0,0,11/10/2025 15:25
WAXE,WAXE,12.15599029,-1.98219139,11.99393834,0,0,0,11/10/2025 15:25
GGDApp,GGTK,0.002141809,0,-4.30821728,0,0,0,11/10/2025 15:25
Wise Token,WISE,0.201631449,-1.32612343,-1.8260646,0,0,0,11/10/2025 15:25
Venus Filecoin,vFIL,0.052609392,-9.10267129,78.35522201,0,0,0,11/10/2025 15:25
Mandala Exchange Token,MDX,0.001398688,-0.1030236,61.90683289,0,0,0,11/10/2025 15:25
VEROX,VRX,7.588598892,4.64634438,75.97885595,0,0,0,11/10/2025 15:25
Cometh,MUST,0.626396799,0,-7.84466285,0,0,0,11/10/2025 15:25
xFund,XFUND,124.0000561,1.23066486,-0.64667946,0,0,0,11/10/2025 15:25
Venus BETH,VBETH,72.08683976,-1.12274371,-1.78030887,0,0,0,11/10/2025 15:25
BambooDeFi,BAMBOO,0.00031065,-0.50726954,-0.18464581,0,0,0,11/10/2025 15:25
YFIONE,YFO,0.663938112,-1.12189293,5.57192044,0,0,0,11/10/2025 15:25
Filda,FILDA,0.000287346,0,0,0,0,0,11/10/2025 15:25
LUXO,LUXO,1.00E-05,0,0.03073659,0,0,0,11/10/2025 15:25
Gains Farm,GFARM2,2860.934646,-0.04377173,-3.42928368,0,0,0,11/10/2025 15:25
HashBridge Oracle,HBO,0.01099351,0,0,0,0,0,11/10/2025 15:25
Channels,CAN,0.000397119,-1.19166111,-12.22060525,0,0,0,11/10/2025 15:25
BT.Finance,BT,0.257494875,0,0,0,0,0,11/10/2025 15:25
Grapeswap,GRAPE,2.81E-06,-1.232318,-11.60115426,0,0,0,11/10/2025 15:25
DMEX (Decentralized Mining Exchange),DMC,0.001196074,-0.41678925,-1.7080329,0,0,0,11/10/2025 15:25
Advertise Coin,ADCO,0.779592553,-0.96884327,-1.38925399,0,0,0,11/10/2025 15:25
wanUSDT,WANUSDT,1.002921593,0.46760297,0.60912315,0,0,0,11/10/2025 15:25
Parallel,PAR,1.241820893,-0.08613641,4.01987804,0,0,0,11/10/2025 15:25
ZCore Finance,ZEFI,0.001978673,-2.30069649,-3.66305326,0,0,0,11/10/2025 15:25
Mute,MUTE,0.020918675,1.18530389,-0.66478357,0,0,0,11/10/2025 15:25
Poodl Token,POODL,2.05E-09,0.3853399,-1.54886025,0,0,0,11/10/2025 15:25
DeGate,DG,0.049446094,-0.76779568,-1.95791314,0,0,0,11/10/2025 15:25
Cub Finance,CUB,0.001334866,-1.02552201,-0.14318953,0,0,0,11/10/2025 15:25
vBSWAP,VBSWAP,22.19177437,-1.33803964,-0.47468716,0,0,0,11/10/2025 15:25
ImpulseVen,VEN,0.016788146,0,0,0,0,0,11/10/2025 15:25
Daily,DAILY,0.00027193,0,-54.67243041,0,0,0,11/10/2025 15:25
A2DAO,ATD,0.019387367,-0.95301256,-0.5152938,0,0,0,11/10/2025 15:25
Blizzard.money,xBLZD,0.002533945,-0.61988053,-0.12468115,0,0,0,11/10/2025 15:25
DAOhaus,HAUS,0.302598826,-3.87066974,-7.52926245,0,0,0,11/10/2025 15:25
Realfinance Network,REFI,2.00E-06,0,0,0,0,0,11/10/2025 15:25
Goatcoin,GOAT,13.81987193,-0.97499938,8.88278861,0,0,0,11/10/2025 15:25
Popsicle Finance,ICE,0.269717905,0.47327286,1.39800225,0,0,0,11/10/2025 15:25
Minter HUB,HUB,0.787294179,-3.79762007,-9.75568917,0,0,0,11/10/2025 15:25
Franklin,FLY,8.00E-06,0,-42.86440808,0,0,0,11/10/2025 15:25
Alchemist,MIST,0.605265434,8.98349914,-0.49765684,0,0,0,11/10/2025 15:25
moonwolf.io,WOLF,5.77E-08,0.01887407,3.93952866,0,0,0,11/10/2025 15:25
Metaverse Index,MVI,12.05120791,0.39790349,7.64304774,0,0,0,11/10/2025 15:25
MoonStar,MOONSTAR,1.85E-09,-13.06127662,-12.54339727,0,0,0,11/10/2025 15:25
Satozhi,SATOZ,0.011892122,-1.72457297,-0.76205941,0,0,0,11/10/2025 15:25
Secured MoonRat Token,SMRAT,2.13E-09,-1.62283031,-1.58989262,0,0,0,11/10/2025 15:25
MoMo KEY,KEY,16.70510139,5.93704031,-0.21708603,0,0,0,11/10/2025 15:25
Vira-lata Finance,REAU,2.44E-09,-2.43725608,-4.26785363,0,0,0,11/10/2025 15:25
Venus Dogecoin,vDOGE,0.003651485,-0.22242764,7.61877718,0,0,0,11/10/2025 15:25
CherrySwap,CHE,0.04500964,0,0,0,0,0,11/10/2025 15:25
Agave,AGVE,44.71312498,-0.17758356,0.05127494,0,0,0,11/10/2025 15:25
HOKK Finance,HOKK,8.83E-05,-1.03651316,-8.05142231,0,0,0,11/10/2025 15:25
Pippi Finance,PIPI,0.002528215,0,0,0,0,0,11/10/2025 15:25
GreenTrust,GNT,9.31E-10,0.77987687,1.80068836,0,0,0,11/10/2025 15:25
Raptor Finance,RPTR,0.000114757,-0.66886119,-1.06902859,0,0,0,11/10/2025 15:25
UMI,UMI,0.000333019,0,0,0,0,0,11/10/2025 15:25
SaveYourAssets,SYA,5.53E-09,-1.56403921,-0.42986341,0,0,0,11/10/2025 15:25
Ethermon,EMON,0.000121639,-0.86153387,-1.40553662,0,0,0,11/10/2025 15:25
Upfire,UPR,0.000470668,0,0,0,0,0,11/10/2025 15:25
Kabosu,KABOSU,4.86E-09,-1.46838661,-2.09135804,0,0,0,11/10/2025 15:25
Shih Tzu,SHIH,1.21E-10,5.15122033,-5.55980845,0,0,0,11/10/2025 15:25
Hummingbird Finance (Old),HMNG,7.73E-13,-6.75705813,-12.19338219,0,0,0,11/10/2025 15:25
Dot Finance,PINK,8.60E-06,0,-0.02084201,0,0,0,11/10/2025 15:25
EthereumMax,EMAX,3.00E-10,1.73175373,-4.55935436,0,0,0,11/10/2025 15:25
Sishi Finance,SISHI,0.000526302,-0.72743394,-1.41301803,0,0,0,11/10/2025 15:25
TheFutbolCoin,TFC,0.004457939,0,0,0,0,0,11/10/2025 15:25
Exohood,EXO,0.000150462,4.83691647,7.11739613,0,0,0,11/10/2025 15:25
Ki,XKI,0.000333517,2.5125854,5.34657079,0,0,0,11/10/2025 15:25
ElonDoge,EDOGE,3.50E-09,-1.63283658,-1.87406319,0,0,0,11/10/2025 15:25
Elephant Money,ELEPHANT,5.60E-08,-0.37547782,-1.02265468,0,0,0,11/10/2025 15:25
Corgidoge,CORGI,1.54E-09,2.25179452,17.33517275,0,0,0,11/10/2025 15:25
Charli3,C3,0.032044248,3.03606563,3.73630123,0,0,0,11/10/2025 15:25
Bezoge Earth,BEZOGE,6.63E-12,-1.00E-08,-12.59710576,0,0,0,11/10/2025 15:25
Zoo Token,ZOOT,3.89E-12,0,-2.96890024,0,0,0,11/10/2025 15:25
CoinWind,COW,0.002651947,-0.52217891,-0.20176821,0,0,0,11/10/2025 15:25
USD mars,USDm,0.9965485,-1.05756043,0.66036545,0,0,0,11/10/2025 15:25
Mars Ecosystem Token,XMS,0.000405075,-1.74140146,-0.61200607,0,0,0,11/10/2025 15:25
TEN,TENFI,0.000698998,-0.94602655,-2.26321311,0,0,0,11/10/2025 15:25
Pandora Finance,PNDR,0.002113209,-0.00580621,0.4436706,0,0,0,11/10/2025 15:25
SafeMoonCash,SAFEMOONCASH,1.08E-11,0,-0.3078374,0,0,0,11/10/2025 15:25
MNet,NUUM,0.001481531,2.53776362,0.29372255,0,0,0,11/10/2025 15:25
Friends With Benefits Pro,FWB,0.437132508,6.47294679,-5.8720907,0,0,0,11/10/2025 15:25
Feeder.finance,FEED,0.000262246,-1.02696352,-0.41989668,0,0,0,11/10/2025 15:25
Polycat Finance,FISH,0.012790104,0.02413457,10.60983723,0,0,0,11/10/2025 15:25
DeFinity,DEFX,0.01658053,-0.83947207,-3.2278916,0,0,0,11/10/2025 15:25
SpaceGrime,GRIMEX,8.72E-13,-2.80E-07,-2.80E-07,0,0,0,11/10/2025 15:25
Saturna,SAT,1.80E-09,0,-5.35293539,0,0,0,11/10/2025 15:25
Rabbit Finance,RABBIT,0.000382368,-1.17440371,0.28742531,0,0,0,11/10/2025 15:25
Manifold Finance,FOLD,0.842780477,-0.19684007,-22.91011767,0,0,0,11/10/2025 15:25
Keanu Inu,KEANU,5.16E-12,4.41845869,-7.12638423,0,0,0,11/10/2025 15:25
TRONPAD,TRONPAD,0.001392057,-1.55780751,-4.14993966,0,0,0,11/10/2025 15:25
Daisy Launch Pad,DAISY,0.380065172,0,0,0,0,0,11/10/2025 15:25
RFOX Finance,VFOX,0.009021737,0,-4.88911805,0,0,0,11/10/2025 15:25
Project Quantum,QBIT,1.79E-07,-2.29121436,-26.79489046,0,0,0,11/10/2025 15:25
Safe Energy,EnergyX,1.00E-10,0,-6.60645994,0,0,0,11/10/2025 15:25
Sheesha Finance [BEP20],SHEESHA,5.983431698,2.64173572,3.00831328,0,0,0,11/10/2025 15:25
LEOPARD,LEOPARD,4.76E-13,-1.09012928,-1.48349668,0,0,0,11/10/2025 15:25
Kuma Inu,KUMA,2.43E-09,5.50915004,-3.90607919,0,0,0,11/10/2025 15:25
Alium Finance,ALM,0.002044443,0.47967671,-0.57528285,0,0,0,11/10/2025 15:25
SafeLaunch,SFEX,0.019803485,4.29806758,-0.52191466,0,0,0,11/10/2025 15:25
Xiglute Coin,XGC,1.00E-07,0,0,0,0,0,11/10/2025 15:25
StakeWise,SWISE,0.01126144,-1.94213879,27.92499074,0,0,0,11/10/2025 15:25
SolAPE Token,SOLAPE,5.50E-05,-0.11366538,-1.42266085,0,0,0,11/10/2025 15:25
IRON Titanium Token,TITAN,5.56E-09,4.81293602,10.28594214,0,0,0,11/10/2025 15:25
BULL FINANCE,BULL,2.81E-10,-0.84501211,-0.37893833,0,0,0,11/10/2025 15:25
HUNNY FINANCE,HUNNY,0.004058937,0.03003578,-1.76189633,0,0,0,11/10/2025 15:25
wShiba,WSHIB,1.40E-11,-4.17462823,-1.91224173,0,0,0,11/10/2025 15:25
CrossWallet,CWT,0.001272668,-0.26972602,-1.82740103,0,0,0,11/10/2025 15:25
SafeBull,SAFEBULL,2.74E-11,-3.2047316,-6.6553106,0,0,0,11/10/2025 15:25
Eifi FInance,EIFI,0.001036236,-1.03020215,8.03038769,0,0,0,11/10/2025 15:25
KogeCoin.io,KOGECOIN,0.000407339,2.02060133,5.7442838,0,0,0,11/10/2025 15:25
Hare Token,HARE,4.33E-17,-0.71460944,-0.46371597,0,0,0,11/10/2025 15:25
Koji,KOJI,5.25E-07,-0.02612637,-0.03236022,0,0,0,11/10/2025 15:25
MoonEdge,MOONED,0.001494116,-0.02194386,-4.9449782,0,0,0,11/10/2025 15:25
Flourishing AI,AI,0.005026662,-18.29852451,-34.8520515,0,0,0,11/10/2025 15:25
NEXTYPE,NT,5.03E-05,-24.21215712,-5.96759264,0,0,0,11/10/2025 15:25
Evodefi,GENX,0.000343978,0,1.87935357,0,0,0,11/10/2025 15:25
MiniDOGE,MINIDOGE,8.13E-10,-1.42100856,-4.17240848,0,0,0,11/10/2025 15:25
Hungarian Vizsla Inu,HVI,3.44E-14,-0.64515963,-6.75794018,0,0,0,11/10/2025 15:25
Yieldly,YLDY,2.02E-06,0,-51.9108768,0,0,0,11/10/2025 15:25
Mimo Governance Token,MIMO,0.002954325,0,0,0,0,0,11/10/2025 15:25
Etherlite,ETL,1.10E-05,0,0,0,0,0,11/10/2025 15:25
ChainCade,CHAINCADE,8.48E-10,0.57588957,1.81092589,0,0,0,11/10/2025 15:25
Ainu Token,AINU,6.59E-13,-1.67940193,-5.25180931,0,0,0,11/10/2025 15:25
NewB.Farm,NEWB,1.559341627,-0.51765989,-33.71678404,0,0,0,11/10/2025 15:25
Daddy Doge,DADDYDOGE,7.59E-09,-0.84513624,-0.9097652,0,0,0,11/10/2025 15:25
BunnyPark,BP,0.001276222,2.52721924,-1.55752612,0,0,0,11/10/2025 15:25
MContent,MCONTENT,5.44E-10,-6.02761932,38.56598869,0,0,0,11/10/2025 15:25
PolygonFarm Finance,SPADE,0.007036925,-0.305853,3.79693458,0,0,0,11/10/2025 15:25
ZOO Crypto World,ZOO,0.000228265,2.32876553,1.23026716,0,0,0,11/10/2025 15:25
BabyBitcoin,BABYBITC,4.05E-12,-9.00E-08,-7.3074608,0,0,0,11/10/2025 15:25
NFTBooks,NFTBS,3.40E-10,-1.41355421,10.19162415,0,0,0,11/10/2025 15:25
Bumper,BUMP,0.000961702,0,-32.90725308,0,0,0,11/10/2025 15:25
JOJO,JOJO,6.77E-07,4.2718927,-9.52004694,0,0,0,11/10/2025 15:25
Arena Token,ARENA,0.004799359,-2.72719603,-10.30208571,0,0,0,11/10/2025 15:25
BitBase Token,BTBS,0.08996626,-3.44504787,1.88403059,0,0,0,11/10/2025 15:25
Enjinstarter,EJS,4.09E-05,0.87892999,-1.75934536,0,0,0,11/10/2025 15:25
Drip Network,DRIP,0.002050829,-0.90319379,-22.13777338,0,0,0,11/10/2025 15:25
Birb,BIRB,0.002636673,0.03577858,-2.93564736,0,0,0,11/10/2025 15:25
MyBricks,$BRICKS,0.000215549,4.63509802,1.8012258,0,0,0,11/10/2025 15:25
Hypersign Identity,HID,0.005809084,3.73712715,-13.15936202,0,0,0,11/10/2025 15:25
Vention,VENTION,5.90E-05,0,0.12708811,0,0,0,11/10/2025 15:25
Moonpot,POTS,0.005379567,-1.02987105,-0.53537113,0,0,0,11/10/2025 15:25
Kephi Gallery,KPHI,7.10E-05,0,-64.50451352,0,0,0,11/10/2025 15:25
Minifootball,MINIFOOTBALL,1.28E-12,0.28925954,13.90646687,0,0,0,11/10/2025 15:25
Colana,COL,0.000416171,4.19810637,1.59863342,0,0,0,11/10/2025 15:25
BinStarter,BSR,0.016399191,-1.47688325,-2.0102786,0,0,0,11/10/2025 15:25
Ryoshis Vision,RYOSHI,3.83E-09,0,0,0,0,0,11/10/2025 15:25
YEL.Finance,YEL,0.000385308,0,-19.32723826,0,0,0,11/10/2025 15:25
Crypto Carbon Energy,CYCE,8.86E-06,-0.02557269,-36.05401201,0,0,0,11/10/2025 15:25
Immutable,DARA,0.003541193,-0.70434767,-2.54985469,0,0,0,11/10/2025 15:25
RoboFi,VICS,0.029441484,-1.52052969,-1.39780102,0,0,0,11/10/2025 15:25
Moon Rabbit,AAA,4.00E-08,0,-90.00127141,0,0,0,11/10/2025 15:25
BOHR,BR,0.007278015,-1.51189613,-0.90501181,0,0,0,11/10/2025 15:25
Qubit,QBT,0.000249607,0,-1.9371863,0,0,0,11/10/2025 15:25
Coinary Token,CYT,0.000701496,-1.07442582,-0.49074827,0,0,0,11/10/2025 15:25
4-Way Mirror Money,4WMM,24.50723102,5.63770237,19.99967759,0,0,0,11/10/2025 15:25
SnowCrash Token,NORA,0.000446162,0.99497594,2.32553104,0,0,0,11/10/2025 15:25
WifeDoge,WIFEDOGE,6.65E-13,-1.46932438,-2.1040265,0,0,0,11/10/2025 15:25
AMATERAS,AMT,0.011085694,-1.83555517,-0.24293338,0,0,0,11/10/2025 15:25
CryptoZoo  (new),ZOO,4.85E-07,-0.0445966,-3.41236053,0,0,0,11/10/2025 15:25
ASH,ASH,0.758255822,2.43987878,-16.01665943,0,0,0,11/10/2025 15:25
Cryptomeda,TECH,3.85E-06,0.09511722,-3.34797821,0,0,0,11/10/2025 15:25
Story,STORY,2.29E-05,7.52453676,10.3292061,0,0,0,11/10/2025 15:25
Raid Token,RAID,0.000739104,-0.57317224,-1.94580646,0,0,0,11/10/2025 15:25
Pocoland,POCO,0.000164886,-1.32961585,-0.84873199,0,0,0,11/10/2025 15:25
Lumenswap,LSP,0.000239938,0,4.33455916,0,0,0,11/10/2025 15:25
Magic Beasties,BSTS,2.23E-07,1.39570627,-3.34298561,0,0,0,11/10/2025 15:25
Copycat Finance,COPYCAT,0.001904818,-1.68366513,-0.93010579,0,0,0,11/10/2025 15:25
Shambala,BALA,8.80E-11,-0.81553184,-0.01147225,0,0,0,11/10/2025 15:25
EverETH Reflect,EVERETH,2.39E-09,-0.91432183,6.77400017,0,0,0,11/10/2025 15:25
Daily COP,DLYCOP,2.03E-07,2.52677373,71.97688532,0,0,0,11/10/2025 15:25
Pirate Coin Games,PirateCoin☠,3.61E-12,-1.12544362,-0.77280367,0,0,0,11/10/2025 15:25
Afreum,AFR,0.000981431,3.16869395,17.03267067,0,0,0,11/10/2025 15:25
Potato,POTATO,1.30E-08,0,-2.53055895,0,0,0,11/10/2025 15:25
Monsters Clan,MONS,0.003823182,-0.73160528,-1.01989979,0,0,0,11/10/2025 15:25
MilkshakeSwap,Milk,1.53E-07,-0.91906728,-10.01903253,0,0,0,11/10/2025 15:25
ArbiNYAN,NYAN,0.001915802,1.50066928,-3.46361578,0,0,0,11/10/2025 15:25
Realm,REALM,0.000102721,0.06301175,0.72395328,0,0,0,11/10/2025 15:25
Arbidoge,ADOGE,7.67E-08,0.29703548,19.88278117,0,0,0,11/10/2025 15:25
Matrix Labs,MATRIX,0.000799616,0,-10.37937149,0,0,0,11/10/2025 15:25
SokuSwap,SOKU,1.27E-05,21.69819898,12.87651159,0,0,0,11/10/2025 15:25
Minerva Wallet,MIVA,0.00185459,-0.072383,0.64370482,0,0,0,11/10/2025 15:25
GIBX Swap,X,0.000333512,-0.66247127,-3.80198368,0,0,0,11/10/2025 15:25
Nether NFT,NTR,0.001122711,0,-0.01271413,0,0,0,11/10/2025 15:25
Traders coin,TRDC,0.000743987,12.52314109,-14.87447087,0,0,0,11/10/2025 15:25
HalfPizza,PIZA,9.50E-07,2.799915,3.0440668,0,0,0,11/10/2025 15:25
Parrot Protocol,PRT,3.54E-05,-4.08416775,-88.06850917,0,0,0,11/10/2025 15:25
Vee Finance,VEE,1.53E-05,0.96052035,6.40165378,0,0,0,11/10/2025 15:25
Hero Arena,HERA,1.47E-05,6.32581739,3.46824055,0,0,0,11/10/2025 15:25
HappyFans,HAPPY,1.05E-07,0.51874725,-1.53966616,0,0,0,11/10/2025 15:25
CyberDragon Gold,GOLD,0.001238783,-0.2747386,-7.79264049,0,0,0,11/10/2025 15:25
YoCoin,YOCO,0.00082818,-0.53421505,0.9661494,0,0,0,11/10/2025 15:25
Crystl Finance,CRYSTL,0.000223874,-1.368346,6.44054368,0,0,0,11/10/2025 15:25
Poof.cash,POOF,5.05E-06,0,0,0,0,0,11/10/2025 15:25
Celestial,CELT,0.000989223,0,0,0,0,0,11/10/2025 15:25
IjasCoin,IJC,0.000239831,0,0,0,0,0,11/10/2025 15:25
Kurobi,KURO,1.11E-05,-0.96470516,1.47794297,0,0,0,11/10/2025 15:25
Allbridge,ABR,0.063603998,3.38043835,5.61766537,0,0,0,11/10/2025 15:25
Continuum World,UM,8.92E-05,0,-8.39764677,0,0,0,11/10/2025 15:25
DogeGF,DOGEGF,5.24E-11,0.44698609,-4.43490531,0,0,0,11/10/2025 15:25
Revest Finance,RVST,0.003620724,6.92518256,-2.82998946,0,0,0,11/10/2025 15:25
Grape Network,GRAPE,0.000165769,-1.07043057,-2.30451963,0,0,0,11/10/2025 15:25
Social Swap Token,SST,0.000178854,0,-0.62374755,0,0,0,11/10/2025 15:25
StrongNode Edge,SNE,8.44E-07,0.45087658,6.60493254,0,0,0,11/10/2025 15:25
Legion Network,LGX,5.25E-05,0,4.02783783,0,0,0,11/10/2025 15:25
Dotblox,DTBX,0.004570638,0,0,0,0,0,11/10/2025 15:25
GreenZoneX,GZX,1.60E-06,0,-90.96160128,0,0,0,11/10/2025 15:25
Wojak Finance,WOJ,0.001332519,-2.44248482,-2.61399152,0,0,0,11/10/2025 15:25
Lovely Finance [Old],LOVELY,4.86E-10,-4.08589089,4.26280246,0,0,0,11/10/2025 15:25
StarSharks (SSS),SSS,0.048583538,0.57492095,-1.46041209,0,0,0,11/10/2025 15:25
StarSharks SEA,SEA,0.00247619,-2.53942262,-10.87311275,0,0,0,11/10/2025 15:25
Timeleap Finance,TIME,0.029264504,-0.37712241,2.35333366,0,0,0,11/10/2025 15:25
TETU,TETU,0.000737083,5.79612771,5.0810864,0,0,0,11/10/2025 15:25
Ridotto,RDT,0.005247534,83.43530492,-5.00229825,0,0,0,11/10/2025 15:25
DeFido,DEFIDO,9.74E-05,2.04268865,-1.66790106,0,0,0,11/10/2025 15:25
PolyBeta Finance,BETA,0.122842169,-0.12394692,0.85102384,0,0,0,11/10/2025 15:25
Liquidus (old),LIQ,0.007114795,-1.15053261,-0.37322885,0,0,0,11/10/2025 15:25
Mononoke Inu,Mononoke-Inu,5.14E-13,0.37343375,-10.71207517,0,0,0,11/10/2025 15:25
PinkSale,PINKSALE,366.7720532,0,-2.81114698,0,0,0,11/10/2025 15:25
CZodiac Farming Token,CZF,3.23E-11,0.75739886,-0.57981341,0,0,0,11/10/2025 15:25
LunaChow,LUCHOW,2.16E-07,3.27585014,7.6096904,0,0,0,11/10/2025 15:25
Liza Coin,Liza,0.16005881,0,0,0,0,0,11/10/2025 15:25
The Three Kingdoms,TTK,3.18E-05,0,0.50739929,0,0,0,11/10/2025 15:25
GAIA Everworld,GAIA,0.000216736,-7.06290916,-20.78169847,0,0,0,11/10/2025 15:25
Safle,SAFLE,0.000180724,-0.36416055,0.22029892,0,0,0,11/10/2025 15:25
Poken,PKN,6.17E-05,7.24646996,-52.4446136,0,0,0,11/10/2025 15:25
PolyPup Finance,COLLAR,0.000357278,0,1.74918029,0,0,0,11/10/2025 15:25
Gyro,GYRO,1.04940646,0,0.42654968,0,0,0,11/10/2025 15:25
Piggy Finance,PIGGY,0.000289908,0,0,0,0,0,11/10/2025 15:25
Revolotto,RVL,0.039274789,-1.73950387,-9.30543346,0,0,0,11/10/2025 15:25
Angle,ANGLE,0.015609343,0.48757006,0.65149295,0,0,0,11/10/2025 15:25
JetSwap pWings,pWINGS,4.90E-06,0,5.56006628,0,0,0,11/10/2025 15:25
Mech Master,MECH,0.000478273,0,0,0,0,0,11/10/2025 15:25
Graphene,GFN,0.000115795,0.10535013,21.32911516,0,0,0,11/10/2025 15:25
BODA Token,BODAV2,1.47E-10,-0.12152975,-0.2237062,0,0,0,11/10/2025 15:25
The CocktailBar,COC,7.036750802,0,-4.7959324,0,0,0,11/10/2025 15:25
GooseFX,GOFX,4.05E-05,-0.41481411,1.61485899,0,0,0,11/10/2025 15:25
Universal Basic Income,UBI,7.82E-05,-1.62114308,-6.73676743,0,0,0,11/10/2025 15:25
Nifty League,NFTL,0.000159007,0,-5.31775538,0,0,0,11/10/2025 15:25
XDoge Network,XDOGE,2.84E-06,-0.67774247,-0.44846336,0,0,0,11/10/2025 15:25
Little Bunny Rocket,LBR,5.47E-11,-0.751894,155.2818584,0,0,0,11/10/2025 15:25
Vetter Token,VETTER,4.73E-05,0,-1.34650702,0,0,0,11/10/2025 15:25
Wanda Exchange,WE,0.002771387,-0.55939734,0.01702546,0,0,0,11/10/2025 15:25
GoldMiner,GM,3.47E-07,-1.3012388,-0.63994078,0,0,0,11/10/2025 15:25
Pawthereum,PAWTH,0.000620191,5.11778507,-3.92641061,0,0,0,11/10/2025 15:25
Flare Token,1FLR,2.39E-06,-0.14678887,2.42519169,0,0,0,11/10/2025 15:25
Moola Market,MOO,0.001550818,0.58060733,6.21452615,0,0,0,11/10/2025 15:25
Pegaxy,PGX,3.93E-05,65.42922228,-27.14294682,0,0,0,11/10/2025 15:25
Cosmic Universe Magick,MAGICK,1.35E-05,1.45383345,2.45480876,0,0,0,11/10/2025 15:25
Baby Moon Floki,FLOKI,2.50E-12,0.31219595,-2.00191409,0,0,0,11/10/2025 15:25
MetaWars,WARS,5.21E-05,-0.51950662,-1.2431442,0,0,0,11/10/2025 15:25
Yoshi.exchange,YOSHI,0.005032288,-0.67367387,-0.24254799,0,0,0,11/10/2025 15:25
LiquidDriver,LQDR,0.001805412,35.20601495,-66.25315573,0,0,0,11/10/2025 15:25
ScarQuest,SCAR,5.10E-05,-7.84594227,-16.37245641,0,0,0,11/10/2025 15:25
Fidira,FID,0.000555294,0.30360711,-1.38806049,0,0,0,11/10/2025 15:25
CorgiCoin,CORGI,1.75E-05,0.42142941,2.86953974,0,0,0,11/10/2025 15:25
SoulSwap Finance,SOUL,2.25E-05,-3.84786432,24.65140375,0,0,0,11/10/2025 15:25
ADACash,ADACASH,5.42E-10,0,-12.049105,0,0,0,11/10/2025 15:25
Dinger Token,DINGER,8.66E-07,0.26554127,-2.58895222,0,0,0,11/10/2025 15:25
Howl City,HWL,2.92E-05,-0.01347619,2.80792422,0,0,0,11/10/2025 15:25
Titan Hunters,TITA,2.11E-06,25.613856,39.47970785,0,0,0,11/10/2025 15:25
NFT Champions,CHAMP,7.27E-05,-1.32994729,-0.27056038,0,0,0,11/10/2025 15:25
Doge Floki Coin,DOFI,1.53E-13,0.30522144,0.34231922,0,0,0,11/10/2025 15:25
Agricoin,AGX,0.000349753,0,0,0,0,0,11/10/2025 15:25
Omni Consumer Protocols,OCP,0.003819435,-0.37299322,0.39670904,0,0,0,11/10/2025 15:25
Smarty Pay,SPY,0.000305237,-0.63746445,-0.13305218,0,0,0,11/10/2025 15:25
Stabledoc,SDT,0.002004697,18.740522,-0.46484926,0,0,0,11/10/2025 15:25
Bamboo Coin,BMBO,1.02E-08,-0.66329587,-2.37866811,0,0,0,11/10/2025 15:25
ShibaZilla2.0 (old),SBZ2.0,1.19E-18,-0.23441987,-9.37325163,0,0,0,11/10/2025 15:25
SmarterCoin (SMRTr),SMRTR,3.77E-08,0.29071741,7.66302897,0,0,0,11/10/2025 15:25
Shiba Girlfriend,SHIBGF,3.78E-10,4.42101859,-8.06452536,0,0,0,11/10/2025 15:25
OOGI,OOGI,2.77E-06,0,0,0,0,0,11/10/2025 15:25
ChilliSwap,CHLI,0.043200875,5.4280286,3.4053414,0,0,0,11/10/2025 15:25
Energy8,E8,4.71E-09,0,0.78003185,0,0,0,11/10/2025 15:25
Crypto Global United,CGU,0.000529864,0,8.14951328,0,0,0,11/10/2025 15:25
Picasso,PICA,7.50E-06,8.31711552,4.97130124,0,0,0,11/10/2025 15:25
Liquid Collectibles,LICO,3.53E-05,-0.84486931,-1.20253656,0,0,0,11/10/2025 15:25
Shib Army,SHIBARMY,3.27E-10,-1.12525918,-1.33889944,0,0,0,11/10/2025 15:25
ZeLoop Eco Reward,ERW,7.31E-07,-0.02598746,-0.03215176,0,0,0,11/10/2025 15:25
Afrostar,AFRO,5.41E-09,0,-0.28506892,0,0,0,11/10/2025 15:25
Cockapoo,CPOO,1.15E-07,-0.02964394,-0.03210935,0,0,0,11/10/2025 15:25
GINZA NETWORK,GINZA,0.000541938,1.1879016,0.90824833,0,0,0,11/10/2025 15:25
Snakes Game,SNAKES,1.38E-06,0.55577793,-0.23381234,0,0,0,11/10/2025 15:25
MetaVPad,METAV,0.000958457,0.68420179,-0.09579974,0,0,0,11/10/2025 15:25
DYOR Token,DYOR,2.82E-06,-1.01277334,-1.7226545,0,0,0,11/10/2025 15:25
Snowbank,SB,225.5781394,0.33844535,1.71864542,0,0,0,11/10/2025 15:25
AlgoGems,GEMS,0.000399897,0,-86.66836188,0,0,0,11/10/2025 15:25
Superalgos,SA,0.000317958,0.83449812,-34.31472064,0,0,0,11/10/2025 15:25
StrongHands Finance,ISHND,0.001799563,0,-4.15274482,0,0,0,11/10/2025 15:25
Adonis,ADON,1.309789508,0,0.98341919,0,0,0,11/10/2025 15:25
BitShiba,SHIBA,5.21E-10,-0.70362888,0.16965069,0,0,0,11/10/2025 15:25
DKEY BANK,DKEY,0.010054551,-0.77034351,-0.4191824,0,0,0,11/10/2025 15:25
Tutellus,TUT,0.013754061,0,0,0,0,0,11/10/2025 15:25
Pancake Games,GCAKE,4.00E-08,-1.43040428,-9.87939567,0,0,0,11/10/2025 15:25
Dragon Crypto Aurum,DCAU,0.261854841,0.47934838,1.10836822,0,0,0,11/10/2025 15:25
Etherconnect,ECC,5.26E-05,1.61472883,-0.48709159,0,0,0,11/10/2025 15:25
Swole Doge,SWOLE,2.82E-07,0,-2.63361611,0,0,0,11/10/2025 15:25
Transhuman Coin,THC,8.26E-05,-2.17258329,-3.56554361,0,0,0,11/10/2025 15:25
Sphynx Labs,SPHYNX,0.00049094,-1.02537396,-5.34043049,0,0,0,11/10/2025 15:25
Realy,REAL,0.002446,-0.37955627,-4.89536777,0,0,0,11/10/2025 15:25
Bit Hotel,BTH,0.000169716,-1.36878913,-0.47886292,0,0,0,11/10/2025 15:25
VLaunch,VPAD,0.00396627,0.41573758,-1.47671617,0,0,0,11/10/2025 15:25
Cindrum,CIND,1.10E-05,0,0,0,0,0,11/10/2025 15:25
Crypto Cavemen Club,CAVE,0.011558141,0.01883501,-0.23242781,0,0,0,11/10/2025 15:25
PANDAINU,PWT,4.11E-07,0.5027063,2.00177888,0,0,0,11/10/2025 15:25
Rice Wallet,RICE,0.002920251,1.05331261,12.79488874,0,0,0,11/10/2025 15:25
CronaSwap,CRONA,0.000338608,2.36225953,1.62301579,0,0,0,11/10/2025 15:25
SonarWatch,SONAR,0.003781637,0.82642388,0.7088484,0,0,0,11/10/2025 15:25
WeeCoins,WCS,0.028823619,2314.251588,2353.393491,0,0,0,11/10/2025 15:25
Reflecto,RTO,1.12E-09,-0.84280114,-8.35488261,0,0,0,11/10/2025 15:25
TrustNFT,TRUSTNFT,0.000213505,1.21508346,0.37818491,0,0,0,11/10/2025 15:25
Comdex,CMDX,0.000281505,2.0844377,19.7986013,0,0,0,11/10/2025 15:25
Viblos,VIBLO,0.00025511,0,0,0,0,0,11/10/2025 15:25
Artificial Intelligence,AI,9.37E-08,0,-1.4146548,0,0,0,11/10/2025 15:25
Centcex,CENX,0.000151298,0.49717741,-0.00118101,0,0,0,11/10/2025 15:25
YESorNO,YON,0.00016325,0.70948267,-2.66395437,0,0,0,11/10/2025 15:25
Tag Protocol,TAG,0.00043703,-0.5941083,-0.19679298,0,0,0,11/10/2025 15:25
Witnet,WIT,0.001999861,0,0,0,0,0,11/10/2025 15:25
Crypto Royale,ROY,0.00055079,6.50324099,14.4194494,0,0,0,11/10/2025 15:25
MetalSwap,XMT,0.014815292,-0.11394227,-13.1143484,0,0,0,11/10/2025 15:25
ReSource Protocol,SOURCE,0.001010012,0,-2.14764,0,0,0,11/10/2025 15:25
SafeSwap,SSGTX,5.70E-05,0,0,0,0,0,11/10/2025 15:25
KEYS,KEYS,0.000468639,0,0,0,0,0,11/10/2025 15:25
Milk,MILK,3.24E-06,-0.4730873,-0.72979196,0,0,0,11/10/2025 15:25
Wolf Game Wool,WOOL,2.03E-05,0,-30.11049296,0,0,0,11/10/2025 15:25
CRODEX,CRX,0.412942315,3.65607194,-0.90042232,0,0,0,11/10/2025 15:25
MEGAWEAPON,WEAPON,0.071958359,-1.87236363,-7.49318063,0,0,0,11/10/2025 15:25
Pexcoin,PEX,3.93E-05,-0.50610932,0.27318893,0,0,0,11/10/2025 15:25
Baby Bali,BB,1.14E-10,0,-9.67366024,0,0,0,11/10/2025 15:25
Candylad,CANDYLAD,1.58E-18,1.17513081,1.17513081,0,0,0,11/10/2025 15:25
Surviving Soldiers,SSG,0.096859632,1.59762578,0.90843685,0,0,0,11/10/2025 15:25
RXCGames,RXCG,0.000121547,-0.91710618,-3.35265355,0,0,0,11/10/2025 15:25
SwinCoin,SWIN,1.62E-06,-1.18691057,-0.29273763,0,0,0,11/10/2025 15:25
Degree Crypto Token,DCT,2.695184726,-0.02212062,-11.88701276,0,0,0,11/10/2025 15:25
TemplarDAO,TEM,3.049230173,0.14954466,-1.21094123,0,0,0,11/10/2025 15:25
BunnyPark Game,BG,9.73E-06,-0.45236691,-8.29234223,0,0,0,11/10/2025 15:25
Euro Shiba Inu,EShib,4.67E-13,-8.90E-07,3.93625429,0,0,0,11/10/2025 15:25
Juicebox,JBX,0.000446503,6.99305175,-3.92784376,0,0,0,11/10/2025 15:25
LUXY,LUXY,0.003401652,0,0.58351567,0,0,0,11/10/2025 15:25
Umami Finance,UMAMI,0.540346578,0,-14.80441635,0,0,0,11/10/2025 15:25
Multiverse Capital,MVC,1.12E-06,-1.22057925,-2.86641406,0,0,0,11/10/2025 15:25
DeFiHorse,DFH,0.000361574,-0.81115782,0.01973159,0,0,0,11/10/2025 15:25
Decentral Games Governance (xDG),xDG,0.000450097,0,-24.4097998,0,0,0,11/10/2025 15:25
CheeseSwap,CHEESE,3.33E-07,0,0.88872362,0,0,0,11/10/2025 15:25
KaraStar UMY,UMY,0.001212462,-1.46562804,-0.48215112,0,0,0,11/10/2025 15:25
BIZVERSE,BIVE,0.001199153,0,0,0,0,0,11/10/2025 15:25
Kounotori,KTO,6.47E-10,7.83452653,-13.38537724,0,0,0,11/10/2025 15:25
The Parallel,PRL,0.000481015,0.5083807,0.8005458,0,0,0,11/10/2025 15:25
Musk Metaverse,METAMUSK,3.10E-10,-0.66137333,-42.32321134,0,0,0,11/10/2025 15:25
Genius Yield,GENS,0.007336864,-6.62371556,-18.0604583,0,0,0,11/10/2025 15:25
ThorFi,THOR,0.002097244,11.81638967,9.84569666,0,0,0,11/10/2025 15:25
Empower,MPWR,4.21E-05,0,0,0,0,0,11/10/2025 15:25
FILIPCOIN,FCP,0.000113606,-1.20386703,-0.5270523,0,0,0,11/10/2025 15:25
Stamen Tellus Token,STT,5.74E-05,-0.13433569,-5.52654007,0,0,0,11/10/2025 15:25
Bedrock,ROCK,0.000291439,-1.04792227,-0.25281895,0,0,0,11/10/2025 15:25
Axl Inu,AXL,6.64E-08,0,0,0,0,0,11/10/2025 15:25
QUASA,QUA,5.50E-05,0,-95.40576381,0,0,0,11/10/2025 15:25
Bomb Money,BOMB,0.002708007,2.37443754,-1.01543405,0,0,0,11/10/2025 15:25
CryptoCart V2,CCV2,0.774103084,0,-7.22631741,0,0,0,11/10/2025 15:25
Metakings,MTK,1.57E-05,-26.29306797,-43.21496736,0,0,0,11/10/2025 15:25
Last Survivor,LSC,3.92E-06,-1.51751432,1.18265144,0,0,0,11/10/2025 15:25
Poollotto.finance,PLT,0.537171981,-0.84385069,-5.85324084,0,0,0,11/10/2025 15:25
Bomb Money,BSHARE,0.091532896,0,-5.56319913,0,0,0,11/10/2025 15:25
MEOW,MEOW,0.002359518,-0.64629372,-26.43806744,0,0,0,11/10/2025 15:25
Revenue Coin,RVC,0.000405575,-0.52284438,-3.79476745,0,0,0,11/10/2025 15:25
Crypto Fight Club,FIGHT,0.00013074,-0.55226255,-0.09406276,0,0,0,11/10/2025 15:25
Adadao,ADAO,0.000740286,0,-2.48099325,0,0,0,11/10/2025 15:25
MetaGods,MGOD,0.000105857,0,1.05453247,0,0,0,11/10/2025 15:25
White Whale,WHALE,5.10E-05,-2.28824571,-66.48804153,0,0,0,11/10/2025 15:25
Predictcoin,PRED,0.026164526,1.34963324,1.34758716,0,0,0,11/10/2025 15:25
Frontrow,FRR,5.00E-07,0,-37.50794633,0,0,0,11/10/2025 15:25
Shib Generating,SHG,1.10E-05,2.4438376,-0.43814978,0,0,0,11/10/2025 15:25
Multi-Chain Capital (new),MCC,1.70E-07,1.33397917,1.97318645,0,0,0,11/10/2025 15:25
xUSD Token,XUSD,1.301022999,-0.27957739,-1.91808822,0,0,0,11/10/2025 15:25
Solice,SLC,0.00022094,-4.4836361,-11.05471028,0,0,0,11/10/2025 15:25
Olympus v1,OHM,123.3192583,-0.17582311,-0.3050473,0,0,0,11/10/2025 15:25
Duckie Land,MMETA,0.003788588,-0.91509867,0.28638942,0,0,0,11/10/2025 15:25
Triathon,GEON,5.96E-05,0,0,0,0,0,11/10/2025 15:25
CryptoNeur Network foundation,CNF,0.000111639,0,0,0,0,0,11/10/2025 15:25
Chikn Egg,EGG,0.001030543,0.29452762,5.87799195,0,0,0,11/10/2025 15:25
Phoenix Blockchain,PHX,0.009434794,0.00697653,0.00731816,0,0,0,11/10/2025 15:25
BALI TOKEN,BLI,1.06E-10,-1.33286237,-24.64792823,0,0,0,11/10/2025 15:25
VaporNodes,VPND,0.000671462,1.67155844,8.13185245,0,0,0,11/10/2025 15:25
NanoMeter Bitcoin,NMBTC,3.16E-08,0.21169331,0.70582392,0,0,0,11/10/2025 15:25
Marvin Inu,MARVIN,3.92E-08,0,-12.59646934,0,0,0,11/10/2025 15:25
Elumia Crowns,ELU,0.000108489,10.26276218,27.02539942,0,0,0,11/10/2025 15:25
Evulus Token,EVU,0.001419635,0,-0.01271413,0,0,0,11/10/2025 15:25
Multiverse,MVS,2.46E-05,0.41897679,0.58729066,0,0,0,11/10/2025 15:25
Pavia,PAVIA,0.001569918,14.19531328,15.24296975,0,0,0,11/10/2025 15:25
SEOR Network,SEOR,9.56E-06,16.9886693,-19.01712239,0,0,0,11/10/2025 15:25
FOX TOKEN,FOX,1.04E-11,29.89477669,-30.1959215,0,0,0,11/10/2025 15:25
Infinity Skies,ISKY,0.00045987,0,-5.43760997,0,0,0,11/10/2025 15:25
Niob Finance,NIOB,0.00018857,1.07173564,3.7369086,0,0,0,11/10/2025 15:25
Sunflower Farm,SFF,0.000320076,0,7.77528945,0,0,0,11/10/2025 15:25
MM Optimizer (Cronos),MMO,0.018155836,0,0,0,0,0,11/10/2025 15:25
JEFE TOKEN,JEFE,0.001218764,4.63983193,2.99098729,0,0,0,11/10/2025 15:25
Orbitau Taureum,TAUM,2.63E-05,-1.59728639,-1.4686477,0,0,0,11/10/2025 15:25
Optimus,OPTCM,0.000554569,-0.63091556,0.12541934,0,0,0,11/10/2025 15:25
Metacraft,MCT,0.320187945,1.03624635,-28.61893741,0,0,0,11/10/2025 15:25
Sheesha Finance Polygon,MSHEESHA,0.000103964,0,-0.01437865,0,0,0,11/10/2025 15:25
Moola Celo,mCELO,0.367768882,0,0,0,0,0,11/10/2025 15:25
VCGamers,VCG,0.010181809,-4.97734604,-9.10959773,0,0,0,11/10/2025 15:25
Wonderful Memories,WMEMO,58.63167036,0.43172094,-13.63145945,0,0,0,11/10/2025 15:25
chikn feed,FEED,6.91E-05,3.04958765,1.54697495,0,0,0,11/10/2025 15:25
SHIBIC,SHIBIC,2.64E-08,0,0,0,0,0,11/10/2025 15:25
Pay It Now,PIN,0.002090302,0.8799382,-14.14722128,0,0,0,11/10/2025 15:25
RatCoin,RAT,3.00E-06,-0.01631097,-14.62521377,0,0,0,11/10/2025 15:25
VyFinance,VYFI,0.028990043,0.35065219,2.91494631,0,0,0,11/10/2025 15:25
Revolution,REV,0.477338013,-2.0454141,-2.59072958,0,0,0,11/10/2025 15:25
Maia,MAIA,1.42253567,4.62841617,2.94553204,0,0,0,11/10/2025 15:25
Lum Network,LUM,2.62E-05,3.23633916,-0.09728608,0,0,0,11/10/2025 15:25
Flag Network,FLAG,8.03E-06,-0.78127105,-2.34913946,0,0,0,11/10/2025 15:25
Dogelana (dogelana.com),DGLN,6.80E-06,3.70182156,33.96149915,0,0,0,11/10/2025 15:25
ChinaZilla,CHINAZILLA,1.97E-18,-0.36967121,-0.87032613,0,0,0,11/10/2025 15:25
LaserEyes,LSR,0.00100675,-0.81613933,-0.38549281,0,0,0,11/10/2025 15:25
MultiPlanetary Inus,INUS,4.98E-10,0,-12.16032113,0,0,0,11/10/2025 15:25
Bullieverse,$BULL,2.09E-05,-30.68044454,-87.14668575,0,0,0,11/10/2025 15:25
StellaSwap,STELLA,0.014698385,0.25660581,15.4070504,0,0,0,11/10/2025 15:25
Lenfi,LENFI,0.035052457,6.33582141,4.34384831,0,0,0,11/10/2025 15:25
Dhabi Coin,DBC,2.03E-06,0,0,0,0,0,11/10/2025 15:25
Librium Tech,LIB,0.000606576,0,-2.07234552,0,0,0,11/10/2025 15:25
BLOKPAD,BPAD,0.00030252,-2.11001134,-2.37879336,0,0,0,11/10/2025 15:25
Digital Financial Exchange,DIFX,0.084801718,0.2566446,0.2566446,0,0,0,11/10/2025 15:25
Lucky Block v1,LBLOCK,1.16E-07,0.07066945,5.94378964,0,0,0,11/10/2025 15:25
Trace Network Labs,TRACE,0.001351831,0,0,0,0,0,11/10/2025 15:25
NextEarth,NXTT,4.95E-06,0,3.50332986,0,0,0,11/10/2025 15:25
Socaverse,SOCA,1.01E-07,-0.08383795,-3.89619813,0,0,0,11/10/2025 15:25
Intelly,INTL,0.100699725,-0.0039521,-0.01015877,0,0,0,11/10/2025 15:25
OneRing,RING,0.000999863,-0.69996974,-0.59948576,0,0,0,11/10/2025 15:25
AddMeFast,AMF,0.001078252,-1.23852581,-8.99041088,0,0,0,11/10/2025 15:25
CoinRadr,RADR,0.000116917,0,0,0,0,0,11/10/2025 15:25
Lenda,LENDA,0.000153746,-0.96982519,-0.26771199,0,0,0,11/10/2025 15:25
Crypto Inu,ABCD,3.45E-10,-2.89749933,3.36313764,0,0,0,11/10/2025 15:25
Colonize Mars,MARTIA,3.33E-06,-2.68477953,26.35937374,0,0,0,11/10/2025 15:25
MKong Ventures,$MKONG,0.008539217,-1.66102643,5.61061684,0,0,0,11/10/2025 15:25
Beskar,BSK-BAA025,2.03E-07,0,6.7571386,0,0,0,11/10/2025 15:25
Doge-1 Mission to the moon,DOGE-1,9.03E-09,-5.00270678,-5.57184479,0,0,0,11/10/2025 15:25
QMALL TOKEN,QMALL,0.001882721,-8.11940786,-26.0174819,0,0,0,11/10/2025 15:25
Ruby Play Network,RUBY,0.000257152,-1.79369935,-1.78941851,0,0,0,11/10/2025 15:25
Shelling,SHL,1.56E-07,-1.27414172,-0.23046048,0,0,0,11/10/2025 15:25
DigiMetaverse,DGMV,0.002574445,10.45042533,7.88838669,0,0,0,11/10/2025 15:25
Australian Crypto Coin Green,ACCG,0.00283138,-0.12700286,-0.08184508,0,0,0,11/10/2025 15:25
Titi Financial,TITI,3.16E-10,0,-0.18277365,0,0,0,11/10/2025 15:25
Web3 Doge,WEB3,1.53E-09,-5.47580077,-1.2367712,0,0,0,11/10/2025 15:25
Envision,VIS,0.004562551,-0.74466645,-8.47233573,0,0,0,11/10/2025 15:25
FantomPAD,FPAD,0.001048586,-0.30936423,0.17562565,0,0,0,11/10/2025 15:25
Voltage Finance,VOLT,4.07E-05,0,-0.06726867,0,0,0,11/10/2025 15:25
Baby Cat Coin,BABYCATS,1.08E-11,0.84899112,-9.29478349,0,0,0,11/10/2025 15:25
Hare Plus,HARE PLUS,6.71E-12,0.62861914,-17.50861243,0,0,0,11/10/2025 15:25
Vector Finance,VTX,0.007993678,0,-5.42675739,0,0,0,11/10/2025 15:25
Lets Go Brandon,LETSGO,8.32E-09,3.59384189,29.23632815,0,0,0,11/10/2025 15:25
Safuu,SAFUU,0.189260193,-0.57140646,-0.74332554,0,0,0,11/10/2025 15:25
Oath,OATH,0.000640719,0,0,0,0,0,11/10/2025 15:25
Sugar Kingdom Odyssey,SKO,0.000512144,1.95998832,9.62382314,0,0,0,11/10/2025 15:25
Cornatto,CNC,1.50E-05,0,-0.382753,0,0,0,11/10/2025 15:25
Tiny Coin,TINC,0.00260395,1.4603134,-2.19111939,0,0,0,11/10/2025 15:25
PolyCub,POLYCUB,0.002869263,-0.34092351,-0.1605066,0,0,0,11/10/2025 15:25
Gemlink,GLINK,0.00101629,2.88233643,5.65211958,0,0,0,11/10/2025 15:25
Dx Spot,DXS,8.80E-06,0,1.33090956,0,0,0,11/10/2025 15:25
Functionland,FULA,0.004154436,-28.62468285,12.42286069,0,0,0,11/10/2025 15:25
LoopSwap,LSWAP,0.00018552,-1.55618437,-6.58287805,0,0,0,11/10/2025 15:25
FaceDAO,FACEDAO,1.35E-10,-2.87655453,-6.69903705,0,0,0,11/10/2025 15:25
Cerberus,CRBRUS,1.01E-06,-1.73530228,5.92286496,0,0,0,11/10/2025 15:25
TokenBank,TBANK,0.000560061,0,-9.40944758,0,0,0,11/10/2025 15:25
Greenhouse,GREEN,0.006655185,0.45610188,-2.04050193,0,0,0,11/10/2025 15:25
Krogan,KRO,0.000184931,0.03544499,-1.42746702,0,0,0,11/10/2025 15:25
Class Coin,CLASS,4.24E-06,-0.00170613,8.5201038,0,0,0,11/10/2025 15:25
Memeverse,MEME,0.000670492,0,0,0,0,0,11/10/2025 15:25
Taroverse,TARO,8.55E-05,0.59817838,12.50914958,0,0,0,11/10/2025 15:25
BB Gaming,BB,1.80E-05,0,0,0,0,0,11/10/2025 15:25
Banana,BANANA,0.126356078,0.5354372,-16.82823586,0,0,0,11/10/2025 15:25
Irena Coin Apps,IRENA,5.10E-07,0,-11.87763035,0,0,0,11/10/2025 15:25
ShibKiller,SHIBKILLER,1.85E-10,-1.64799719,-1.48687691,0,0,0,11/10/2025 15:25
SpacePi,SPACEPI,9.07E-10,-1.36478304,-0.49388917,0,0,0,11/10/2025 15:25
Web3 ALL BEST ICO,WEB3ALLBI,3.17E-05,-8.31314117,-94.99406486,0,0,0,11/10/2025 15:25
GNFT,GNFT,0.071272588,-0.58660608,-0.241793,0,0,0,11/10/2025 15:25
Paladin,PAL,0.044956732,-1.73008514,-9.69075568,0,0,0,11/10/2025 15:25
H2O DAO,H2O,0.003893045,-5.81793971,1.42171969,0,0,0,11/10/2025 15:25
Ratscoin,RATS,3.29E-10,0,-1.38713402,0,0,0,11/10/2025 15:25
Materium,MTRM,0.009620503,0,11.99155671,0,0,0,11/10/2025 15:25
Seek Tiger,STI,7.72E-05,0,0,0,0,0,11/10/2025 15:25
Ecoin Finance,ECOIN,0.001003635,-0.1107929,-3.70849737,0,0,0,11/10/2025 15:25
MsgSender,MSG,0.017098959,-0.42226452,-4.32334127,0,0,0,11/10/2025 15:25
Gym Network,GYMNET,0.016330637,-3.90010137,-7.74578246,0,0,0,11/10/2025 15:25
Altered State Token,ASTO,0.003786136,0,-1.74710367,0,0,0,11/10/2025 15:25
Paribu Net,PRB,0.306129662,0,0,0,0,0,11/10/2025 15:25
Hera Finance,HERA,1.466195159,0.21047961,-2.88429373,0,0,0,11/10/2025 15:25
Gulf Coin,GULF,0.004239114,0,0,0,0,0,11/10/2025 15:25
Aavegotchi FUD,FUD,2.73E-05,0,14.69096753,0,0,0,11/10/2025 15:25
Valas Finance,VALAS,0.000174729,0,0.92878613,0,0,0,11/10/2025 15:25
Joe Hat Token,HAT,435.6963043,13.6219012,18.07074308,0,0,0,11/10/2025 15:25
MarbleVerse,RLM,0.000287441,0,0,0,0,0,11/10/2025 15:25
BABYOKX,BABYOKX,8.43E-11,0.39733361,-1.0635193,0,0,0,11/10/2025 15:25
Bitpaid Token,BTP,0.014101306,0,0,0,0,0,11/10/2025 15:25
Crogecoin,CROGE,0.000661969,19.35763191,19.36980595,0,0,0,11/10/2025 15:25
Freedom God Dao,FGD,0.148886345,-1.00902702,-0.75452789,0,0,0,11/10/2025 15:25
Stronger,STRNGR,0.310591028,0.91847427,-1.93016785,0,0,0,11/10/2025 15:25
Giddy,GIDDY,9.38E-05,0.38092971,-0.80372638,0,0,0,11/10/2025 15:25
PDDOLLAR,PDD,2.17E-13,17.23941045,56.72355398,0,0,0,11/10/2025 15:25
Nirvana ANA,ANA,4.171399047,-0.11016119,-0.8857229,0,0,0,11/10/2025 15:25
DragonMaster,TOTEM,0.000269848,-0.62107154,-2.22256092,0,0,0,11/10/2025 15:25
Pi Network DeFi,PINETWORKDEFI,6.33E-06,-2.17810997,-1.07803656,0,0,0,11/10/2025 15:25
Gagarin,GGR,0.004800173,-0.55880447,-5.57021037,0,0,0,11/10/2025 15:25
YUSD Stablecoin,YUSD,0.995138723,-0.08660263,-0.03199101,0,0,0,11/10/2025 15:25
Zenc Coin,ZENC,0.0018276,-0.02613452,-0.03233652,0,0,0,11/10/2025 15:25
Nirvana NIRV,NIRV,0.974564115,-0.75600487,-1.28241127,0,0,0,11/10/2025 15:25
Empowa,EMP,0.015840708,-2.47985422,-3.21471721,0,0,0,11/10/2025 15:25
Massive Protocol,MAV,0.064443395,0,0,0,0,0,11/10/2025 15:25
ELON BUYS TWITTER,EBT,2.74E-08,0,-3.20719889,0,0,0,11/10/2025 15:25
Protocon,PEN,0.098686385,0,0,0,0,0,11/10/2025 15:25
DragonMaster,DMT,0.002337307,-2.62512488,-4.90507736,0,0,0,11/10/2025 15:25
Plutonians,PLD,0.001358691,-0.15586657,-0.41863553,0,0,0,11/10/2025 15:25
Dot Dot Finance,DDD,2.52E-05,-6.06226753,-10.86925819,0,0,0,11/10/2025 15:25
Gode Chain,GODE,0.00780119,0,0,0,0,0,11/10/2025 15:25
Sanin Inu,SANI,3.25E-07,4.12678261,-0.86350309,0,0,0,11/10/2025 15:25
Gem Pad,GEMS,0.003555525,0,-1.47856091,0,0,0,11/10/2025 15:25
API INU,API,1.40E-09,-3.67444153,-5.14723765,0,0,0,11/10/2025 15:25
panKUKU,KUKU,2.12E-07,-0.06654477,0.34067107,0,0,0,11/10/2025 15:25
Joltify,JOLT,0.000999743,0,-94.18678571,0,0,0,11/10/2025 15:25
aRIA Currency,RIA,0.0259974,0,0,0,0,0,11/10/2025 15:25
Brise Paradise,PRDS,3.00E-05,0,0,0,0,0,11/10/2025 15:25
Fame MMA,FAME,1.32E-05,2.53081298,-0.781961,0,0,0,11/10/2025 15:25
Argo Finance,ARGO,5.60E-05,2.82959056,2.30544724,0,0,0,11/10/2025 15:25
Snail Trail,SLIME,0.000373722,0,1.52889241,0,0,0,11/10/2025 15:25
PlutusDAO,PLS,0.024776469,2.38398946,-3.14010066,0,0,0,11/10/2025 15:25
Chikn Fert,FERT,2.72E-05,5.46001012,3.49801392,0,0,0,11/10/2025 15:25
Yuse Token,YUSE,1.20E-09,0,76.73119317,0,0,0,11/10/2025 15:25
Numitor,NUMI,0.042021486,0,0,0,0,0,11/10/2025 15:25
Graphen,ELTG,6.00E-06,0,0,0,0,0,11/10/2025 15:25
ASIX+,ASIX+,4.31E-08,-0.77939393,-4.87573848,0,0,0,11/10/2025 15:25
Sensi,SENSI,7.21E-05,0,-4.52453862,0,0,0,11/10/2025 15:25
Sunflower Land,SFL,0.111763467,-0.21855822,-0.46981645,0,0,0,11/10/2025 15:25
OmniaVerse,OMNIA,0.0001419,0,0,0,0,0,11/10/2025 15:25
Minato,MNTO,0.601251286,2.45612055,0.72915434,0,0,0,11/10/2025 15:25
Pesabase,PESA,0.013874216,9.31489143,15.42355459,0,0,0,11/10/2025 15:25
Pige,PIGE,5.74E-11,-14.26487933,-17.53207883,0,0,0,11/10/2025 15:25
Bullshit Inu,BULL,7.98E-09,-0.90289443,-0.57768321,0,0,0,11/10/2025 15:25
LuckyChip,LC,0.000461367,0.3060067,-1.64704341,0,0,0,11/10/2025 15:25
Chibi Dinos,HOOP,4.31E-05,0.1489234,-20.33833929,0,0,0,11/10/2025 15:25
ShinobiVerse,SHINO,6.50E-06,0,0,0,0,0,11/10/2025 15:25
DeFi Land Gold,GOLDY,3.54E-06,0.23647539,-1.692841,0,0,0,11/10/2025 15:25
Galaxy Finance,GFT,0.004096799,0,0,0,0,0,11/10/2025 15:25
Gooeys,GOO,1.21E-06,0,1.91131224,0,0,0,11/10/2025 15:25
Sports 2K75,S2K,5.64E-09,0,-4.91778469,0,0,0,11/10/2025 15:25
xSPECTAR,XSPECTAR,0.008997684,0,-36.35887038,0,0,0,11/10/2025 15:25
Cryptostone,CPS,1.36E-06,-1.15475414,-2.77650237,0,0,0,11/10/2025 15:25
VizslaSwap,VIZSLASWAP,0.000630352,-2.27134409,-7.39618432,0,0,0,11/10/2025 15:25
HyperOne,HOT,1.965410716,0,0,0,0,0,11/10/2025 15:25
Animal Farm Pigs,AFP,0.244822197,-0.64691827,0.19050558,0,0,0,11/10/2025 15:25
Sourceless,STR,0.015134612,-6.27591348,93.46925092,0,0,0,11/10/2025 15:25
Hop Protocol,HOP,0.005546045,3.6633279,-14.8180173,0,0,0,11/10/2025 15:25
VersaGames,VERSA,0.010930175,0,0,0,0,0,11/10/2025 15:25
Luna Inu,LINU,9.97E-10,4.62468124,-2.6629273,0,0,0,11/10/2025 15:25
Parrot USD,PAI,0.960518792,-0.09961623,0.02215035,0,0,0,11/10/2025 15:25
BlueSparrow Token,BlueSparrow,0.016856399,-0.22641927,1.60322651,0,0,0,11/10/2025 15:25
MetaVerse-M,M,0.000790474,-0.1953695,-3.80423402,0,0,0,11/10/2025 15:25
LooksCoin,LOOK,0.007350969,-0.02168321,0.00330253,0,0,0,11/10/2025 15:25
USD Freedom,USDF,1.211098166,0,0,0,0,0,11/10/2025 15:25
Dragoma,DMA,0.000235626,0.00680418,1.85295202,0,0,0,11/10/2025 15:25
Inery,$INR,0.001809194,0,1.14575166,0,0,0,11/10/2025 15:25
Inu.,INU,5.02E-10,0,-12.35675816,0,0,0,11/10/2025 15:25
NFTL,NFTL,0.001954479,-1.04049962,-0.23676027,0,0,0,11/10/2025 15:25
Wateenswap,WTN,0.000299788,0,0,0,0,0,11/10/2025 15:25
Inu Inu,INUINU,7.01E-10,1.32546165,-8.84306333,0,0,0,11/10/2025 15:25
REX,XRX,1.09E-05,0,-0.06631152,0,0,0,11/10/2025 15:25
Gary,GARY,0.088958114,2.96583956,-0.53071518,0,0,0,11/10/2025 15:25
GICTrade,GICT,0.848743617,-0.00095082,-0.01867356,0,0,0,11/10/2025 15:25
OSK DAO,OSK-DAO,0.065779502,-12.69075542,32.31439305,0,0,0,11/10/2025 15:25
CRYPTORG,CTG,0.026573419,0.64769235,-1.2545,0,0,0,11/10/2025 15:25
BUILD,BUILD,3.91E-05,-1.78497471,-0.16221042,0,0,0,11/10/2025 15:25
KumaDex Token,dKUMA,4.79E-05,15.2118838,0.48902262,0,0,0,11/10/2025 15:25
Metars Genesis,MRS,3.24919492,3.30457225,-0.60216565,0,0,0,11/10/2025 15:25
Styleo Coin,STC,0.796219961,0,-0.01299514,0,0,0,11/10/2025 15:25
Landboard,LAND,0.002821196,0.0175155,-0.0237333,0,0,0,11/10/2025 15:25
Kanagawa Nami,OKINAMI,0.000465965,0.46267297,-9.21989596,0,0,0,11/10/2025 15:25
WDOT,WDOT,3.171071381,-0.29663311,27.77464614,0,0,0,11/10/2025 15:25
Aperture Finance,APTR,0.00013874,-4.94095539,61.91197822,0,0,0,11/10/2025 15:25
BuyMORE,MORE,0.069244215,0,-2.34773836,0,0,0,11/10/2025 15:25
Shita-kiri Suzume,SUZUME,1.28E-07,5.52188592,-0.45292843,0,0,0,11/10/2025 15:25
Yaku,$YAKU,0.001170789,5.83201978,-4.85274092,0,0,0,11/10/2025 15:25
MM Finance (Polygon),MMF,6.23E-06,-0.00550202,2.92147276,0,0,0,11/10/2025 15:25
DRAC Network,DRAC,8.38E-05,38.02625366,24.30286245,0,0,0,11/10/2025 15:25
3air,3AIR,6.91E-05,0.06350466,-0.00581441,0,0,0,11/10/2025 15:25
Miidas NFT,MIIDAS,8.29E-06,5.85559075,17.86316635,0,0,0,11/10/2025 15:25
HistoryDAO,HAO,4.90E-06,0,0,0,0,0,11/10/2025 15:25
CANTO,CANTO,0.000899546,0,-58.02863622,0,0,0,11/10/2025 15:25
Stader BNBx,BNBX,1094.418777,-0.35602915,-1.61603999,0,0,0,11/10/2025 15:25
Seedify NFT Space,SNFTS,5.11E-05,-1.05576917,27.8710861,0,0,0,11/10/2025 15:25
USDtez,USDTZ,1.000222358,-0.02143573,-0.00371113,0,0,0,11/10/2025 15:25
Bitcoin Pay,BTCPAY,0.003286679,1.29932768,1.74157299,0,0,0,11/10/2025 15:25
Battle Infinity,IBAT,1.29E-05,4.99485923,-10.36071264,0,0,0,11/10/2025 15:25
Kondux,KNDX,0.009194761,-1.29235553,-5.26671185,0,0,0,11/10/2025 15:25
Shanum,SHAN,0.000119786,-33.34808041,-0.17143867,0,0,0,11/10/2025 15:25
Hoichi,HOICHI,1.14E-06,1.33622435,-10.98783784,0,0,0,11/10/2025 15:25
Yield Yak AVAX,YYAVAX,20.30907231,0,3.96660007,0,0,0,11/10/2025 15:25
JEN COIN,JEN,0.000220364,0,-25.20617415,0,0,0,11/10/2025 15:25
Childhoods End,O,1.80E-06,-0.54574623,-2.53645086,0,0,0,11/10/2025 15:25
EthereumFair,ETHF,0.008398508,-0.02606596,-0.02764131,0,0,0,11/10/2025 15:25
Diverge Loop,DLC,0.068158227,41.15983467,147.586616,0,0,0,11/10/2025 15:25
Coin98 Dollar,CUSD,0.146477563,0.10918573,2.67914324,0,0,0,11/10/2025 15:25
NSKSwap,NSK,7.957279622,-14.73656239,-12.38611179,0,0,0,11/10/2025 15:25
New World Order,STATE,6.55E-10,4.8325297,-10.39156675,0,0,0,11/10/2025 15:25
Cramer Coin,CRAMER,0.000146704,0,-13.98355141,0,0,0,11/10/2025 15:25
Hatchyverse,HATCHY,0.000823306,2.47602591,11.67752178,0,0,0,11/10/2025 15:25
Sonne Finance,SONNE,0.000475929,0,0,0,0,0,11/10/2025 15:25
Vibing,VBG,0.13997714,-0.02807292,-0.02764131,0,0,0,11/10/2025 15:25
WEB5 Inu,WEB5,1.16E-10,0,-13.92735088,0,0,0,11/10/2025 15:25
Iris Ecosystem,IRISTOKEN,0.003033319,218.1533952,219.6525227,0,0,0,11/10/2025 15:25
Atlantis Coin®,ATC,115.9772859,32.99655058,-9.39420062,0,0,0,11/10/2025 15:25
Shihtzu Exchange,STZU,1.29E-10,-5.22308748,-9.89874249,0,0,0,11/10/2025 15:25
Extraterrestrial Token,ET,2.403478473,0.96995096,-0.82458448,0,0,0,11/10/2025 15:25
RIMAUNANGIS,RXT,0.000199949,0,-80.00254283,0,0,0,11/10/2025 15:25
ADO Protocol,ADO,0.048238475,-0.48414385,-1.30521045,0,0,0,11/10/2025 15:25
Kingdom Raids,KRS,8.79E-07,0.85070631,12.51904916,0,0,0,11/10/2025 15:25
KAP Games,KAP,0.000462823,1.32708631,-0.79626777,0,0,0,11/10/2025 15:25
CrowdSwap,CROWD,0.001184739,-0.23671777,0.65566176,0,0,0,11/10/2025 15:25
Icosa,ICSA,0.011055777,-1.18451966,-3.8967317,0,0,0,11/10/2025 15:25
ELF Wallet,ELF,5.51E-05,-1.17988184,-4.91466327,0,0,0,11/10/2025 15:25
PiBridge,PIB,0.00372656,-3.50141523,-10.27173705,0,0,0,11/10/2025 15:25
Fame Reward Plus,FRP,0.002821195,-3.73068756,-0.83730833,0,0,0,11/10/2025 15:25
CakeWSwap,CAKEW,8.69E-06,12.28524355,-4.03888451,0,0,0,11/10/2025 15:25
Clay Nation,CLAY,0.000538285,0,8.13416038,0,0,0,11/10/2025 15:25
Meowcoin,MEWC,6.38E-05,68.68567958,149.1228664,0,0,0,11/10/2025 15:25
DFS MAFIA (V2),DFSM,8.54E-07,0,0.24038427,0,0,0,11/10/2025 15:25
ACEToken,ACE,5.94E-09,-1.10571767,-3.36134702,0,0,0,11/10/2025 15:25
ZudgeZury,ZZC,1.86E-06,0,0,0,0,0,11/10/2025 15:25
Hippo Wallet Token (HPO),HPO,0.000957774,0.36011874,6.82985661,0,0,0,11/10/2025 15:25
Boop,BOOP,0.016543076,6.14892557,-9.23691608,0,0,0,11/10/2025 15:25
Bitcoin Legend,BCL,7.40E-06,0,15.78219733,0,0,0,11/10/2025 15:25
Local Traders,LCT,0.000537498,-0.44548175,-4.10328132,0,0,0,11/10/2025 15:25
Fable Of The Dragon,TYRANT,0.024031193,4.27585152,-4.73534443,0,0,0,11/10/2025 15:25
BIT GAME VERSE TOKEN,BGVT,3.14E-05,-0.96280869,-0.60158845,0,0,0,11/10/2025 15:25
Vemate,VMT,0.003503762,2.07628205,0.38934858,0,0,0,11/10/2025 15:25
Melody,SNS,0.006027276,-1.7119763,-2.02976034,0,0,0,11/10/2025 15:25
C+Charge,CCHG,5.25E-05,1.12803849,-16.33026095,0,0,0,11/10/2025 15:25
PalmPay,PALM,0.021853996,6.30337686,9.21211629,0,0,0,11/10/2025 15:25
xCRX,XCRX,0.000208162,7.68185577,-11.90225435,0,0,0,11/10/2025 15:25
Quoll Finance,QUO,0.000275017,-0.47065007,-19.77909412,0,0,0,11/10/2025 15:25
SILK,SILK,0.01000042,0,0,0,0,0,11/10/2025 15:25
Galaxy Finance,GLF,0.008693861,0,0,0,0,0,11/10/2025 15:25
Don't Buy Inu,DBI,9.15E-05,6.71208537,-25.31333287,0,0,0,11/10/2025 15:25
GameGuru,GGT,0.000138733,-1.52560351,-0.85610235,0,0,0,11/10/2025 15:25
T-mac DAO,TMG,0.499911215,-0.02807292,-0.02764131,0,0,0,11/10/2025 15:25
KodexPay,KXP,2.30E-05,0,0,0,0,0,11/10/2025 15:25
Mithila Coin,MLC,0.050994177,-0.00196965,-21.53768359,0,0,0,11/10/2025 15:25
FibSWAP DEx,FIBO,0.000299923,0,-81.82049348,0,0,0,11/10/2025 15:25
BattleFly,GFLY,0.005951667,-0.36941516,-3.03756872,0,0,0,11/10/2025 15:25
LOD3 Token,LOD3,0.000466181,0,0.22635646,0,0,0,11/10/2025 15:25
Bored Candy City,CANDY,0.000821107,-5.41366496,-6.15231877,0,0,0,11/10/2025 15:25
Nusa,NUSA,9.543529329,-1.91599666,-9.62044495,0,0,0,11/10/2025 15:25
Metano,METANO,6.00E-07,0,-78.1049739,0,0,0,11/10/2025 15:25
IGUP (IguVerse),IGUP,0.014450285,0,0,0,0,0,11/10/2025 15:25
ADF,ADF,0.150028518,0,0,0,0,0,11/10/2025 15:25
Shibnobi(New),SHINJA,4.90E-05,0,0,0,0,0,11/10/2025 15:25
SpaceXCoin,SPXC,4.42E-10,-0.70925867,-0.5940867,0,0,0,11/10/2025 15:25
Germany Rabbit Token,GERMANY,1.07E-09,-0.58792123,0.75215297,0,0,0,11/10/2025 15:25
Canadian Inuit Dog,CADINU,1.80E-06,-0.01769234,194.0821697,0,0,0,11/10/2025 15:25
Alongside Crypto Market Index,AMKT,283.7742333,0.85266804,7.23505784,0,0,0,11/10/2025 15:25
DOLA Borrowing Right,DBR,0.061904024,0,0,0,0,0,11/10/2025 15:25
Zeniq,ZENIQ,0.002099729,0.00071233,0.00105394,0,0,0,11/10/2025 15:25
DYZilla,DYZILLA,7.06E-12,-0.44809735,-8.13631753,0,0,0,11/10/2025 15:25
Indigo Protocol - iBTC,IBTC,108090.4462,2.10084309,0.2641209,0,0,0,11/10/2025 15:25
OreoSwap,OREO,0.005460738,2.244845,-3.13045364,0,0,0,11/10/2025 15:25
Xoloitzcuintli,XOLO,1.23E-06,-5.18036475,-0.22298329,0,0,0,11/10/2025 15:25
Spot,SPOT,1.748266188,-0.04106983,-1.84509573,0,0,0,11/10/2025 15:25
SHIKOKU,SHIK,1.08E-09,0.45299968,4.90666811,0,0,0,11/10/2025 15:25
Murasaki,MURA,0.368934476,-0.02807292,-0.02764131,0,0,0,11/10/2025 15:25
Acria.AI,ACRIA,0.000419849,0,50.01402825,0,0,0,11/10/2025 15:25
LYFE,LYFE,2.510654412,-0.72313808,15.40828794,0,0,0,11/10/2025 15:25
Kabosu Inu,KABOSU,1.92E-07,4.07662921,3.26109275,0,0,0,11/10/2025 15:25
Shen,SHEN,0.615816557,3.49386821,5.67393028,0,0,0,11/10/2025 15:25
Level Finance,LVL,0.011929698,-0.35693647,0.36792147,0,0,0,11/10/2025 15:25
Level Finance,LGO,111976.8901,-8.86793763,-15.32284491,0,0,0,11/10/2025 15:25
Poison Finance,POI$ON,0.00222337,0,0,0,0,0,11/10/2025 15:25
Tusima Network,TSM,0.000191729,-71.7642701,10.61384589,0,0,0,11/10/2025 15:25
Dubbz,DUBBZ,0.011206371,0.2826231,-4.53888419,0,0,0,11/10/2025 15:25
Blockchain Bets,BCB,0.000770725,0.34693171,-3.50129728,0,0,0,11/10/2025 15:25
Storepay,SPC,0.000142001,0,0,0,0,0,11/10/2025 15:25
SHIBONK,SBONK,0.270300505,1.64587825,-4.25838536,0,0,0,11/10/2025 15:25
Rise of Elves,ROE,0.018963493,9.9860543,3.91718275,0,0,0,11/10/2025 15:25
NeftyBlocks,NEFTY,0.001677837,-22.70502425,25.27103963,0,0,0,11/10/2025 15:25
Xi Token,XI,0.001557204,1.40068537,49.11820441,0,0,0,11/10/2025 15:25
Astra DAO,ASTRADAO,1.20E-10,0,-7.3583734,0,0,0,11/10/2025 15:25
Vela Exchange,VELA,0.001111424,0,-12.34316033,0,0,0,11/10/2025 15:25
Meme Network,MEME,1.68E-06,-0.76699807,4.25934576,0,0,0,11/10/2025 15:25
MetaDoge,METADOGE,0.000180859,0,-0.54734071,0,0,0,11/10/2025 15:25
VetMe,VETME,0.000215119,0,0,0,0,0,11/10/2025 15:25
Aussie Digital,AUD,0.015700076,0,0,0,0,0,11/10/2025 15:25
Fantaverse,UT,4.00E-05,0,-0.07449197,0,0,0,11/10/2025 15:25
WoofWork.io,WOOF,7.69E-05,0,-8.92129549,0,0,0,11/10/2025 15:25
JP,JP,0.000227297,0,-17.82521403,0,0,0,11/10/2025 15:25
GlieseCoin,GLC,0.014983792,1.05969248,0.81265794,0,0,0,11/10/2025 15:25
SHELTERZ,TERZ,0.000392073,0.5807203,-0.59810067,0,0,0,11/10/2025 15:25
Factor,FCTR,0.03971791,-0.00930023,-1.5487261,0,0,0,11/10/2025 15:25
Carmin,CARMIN,0.000899854,0,0,0,0,0,11/10/2025 15:25
Davos.xyz USD,DUSD,0.572260124,-19.05587519,-42.81276134,0,0,0,11/10/2025 15:25
Onchain Trade,OT,0.001701662,2.11195821,-2.44535488,0,0,0,11/10/2025 15:25
SolidLizard,SLIZ,3.26E-05,2.1767391,-3.79624942,0,0,0,11/10/2025 15:25
Arbitrove Protocol,TROVE,0.002888662,5.41003288,-3.26329453,0,0,0,11/10/2025 15:25
BOCOIN,BOC,0.000750491,-4.57003317,-5.05316785,0,0,0,11/10/2025 15:25
All In AI,AIAI,1.93E-05,1.21012201,5.56549982,0,0,0,11/10/2025 15:25
Skull Order,SKULL,7.29E-06,-0.02609667,-0.03228825,0,0,0,11/10/2025 15:25
Shadowswap Finance,SHDW,0.001608865,-1.41024092,6.21017764,0,0,0,11/10/2025 15:25
Cool Cats MILK,MILK,7.51E-05,2.39104279,-11.37685031,0,0,0,11/10/2025 15:25
FLOKI CEO,FLOKICEO,7.63E-13,-1.62353496,-15.74669747,0,0,0,11/10/2025 15:25
Nucleon,XCFX,0.137057351,1.95454791,15.9234309,0,0,0,11/10/2025 15:25
AmpleSwap (new),AMPLE,3.52E-07,2.117237,-10.57364758,0,0,0,11/10/2025 15:25
LFGSwap Finance (Core),LFG,5.41E-05,2.06377136,1.39337958,0,0,0,11/10/2025 15:25
PLEXUS,PLX,0.010008693,0,0,0,0,0,11/10/2025 15:25
Doge CEO,DOGECEO,1.62E-13,3.3829513,-9.58944564,0,0,0,11/10/2025 15:25
Gora Network,GORA,0.01306675,0,-16.51217028,0,0,0,11/10/2025 15:25
EUROe Stablecoin,EUROE,1.139677717,0,0,0,0,0,11/10/2025 15:25
Mizar,MZR,0.00056696,-12.1212594,-25.15289455,0,0,0,11/10/2025 15:25
ALIF COIN,ALIF,0.185668281,-2.65972799,2.16841425,0,0,0,11/10/2025 15:25
Équilibre,VARA,4.81E-06,1.27949644,33.88494678,0,0,0,11/10/2025 15:25
Satoshis Vision,SATS,0.004139034,0,-5.77398645,0,0,0,11/10/2025 15:25
Maneki,NEKO,3.15E-05,0,14.9512126,0,0,0,11/10/2025 15:25
Ramses Exchange,RAM,0.020607743,0.86080734,12.24325431,0,0,0,11/10/2025 15:25
BeeZee,BZE,0.001045477,-2.53490577,22.82408774,0,0,0,11/10/2025 15:25
Hollywood Capital Group WARRIOR,WOR,0.011834427,-0.50170175,-0.28909319,0,0,0,11/10/2025 15:25
CORE ID,CID,0.000958237,0,0,0,0,0,11/10/2025 15:25
Roko,ROKO,6.15E-06,-5.43701436,-24.30706987,0,0,0,11/10/2025 15:25
KAIF Platform,KAF,1.01E-05,0,0,0,0,0,11/10/2025 15:25
Gridex,GDX,0.078942259,0,0,0,0,0,11/10/2025 15:25
Degen Zoo,DZOO,0.00148718,1.61464464,0.33829556,0,0,0,11/10/2025 15:25
Dao Space,DAOP,0.021585442,-2.44366392,0.80725141,0,0,0,11/10/2025 15:25
Utility Web3Shot,UW3S,0.003773259,-14.88369728,6.63164896,0,0,0,11/10/2025 15:25
Luffy,LUFFY,2.55E-05,3.37687206,0.0546614,0,0,0,11/10/2025 15:25
Frog Ceo,FROGCEO,1.53E-12,-0.42183665,-5.26701734,0,0,0,11/10/2025 15:25
CyberHarbor,CHT,0.000838502,-0.02212062,-22.33003347,0,0,0,11/10/2025 15:25
Sector Finance,SECT,0.030316612,0,-1.71533706,0,0,0,11/10/2025 15:25
Uniwhale,UNW,0.001587992,-0.82631662,-2.68724459,0,0,0,11/10/2025 15:25
PAWZONE,PAW,2.02E-07,5.23112043,-13.28357476,0,0,0,11/10/2025 15:25
Golden Inu,GOLDEN,4.83E-12,135.4205241,129.8619665,0,0,0,11/10/2025 15:25
Wrapped USDR,WUSDR,0.127566564,-4.31274088,-9.67844085,0,0,0,11/10/2025 15:25
Ignore Fud,4TOKEN,3.88E-07,-0.47705987,-10.06456656,0,0,0,11/10/2025 15:25
HairDAO,HAIR,42.27682796,0.19046689,3.55762433,0,0,0,11/10/2025 15:25
Toku,TOKU,1.12E-07,4.76636637,-0.93552979,0,0,0,11/10/2025 15:25
Chronos,CHR,0.000914553,0.97201919,-1.15286063,0,0,0,11/10/2025 15:25
World$tateCoin,W$C,4.10E-05,0,0,0,0,0,11/10/2025 15:25
zkDoge,ZKDOGE,5.43E-06,1.12797235,-0.68391435,0,0,0,11/10/2025 15:25
LFGSwap Finance (Arbitrum),LFG,1.05E-05,1.35129584,-1.85109154,0,0,0,11/10/2025 15:25
Archer Swap,BOW,0.008750626,-2.10001166,2.18999009,0,0,0,11/10/2025 15:25
Lodestar,LODE,0.004244189,0.00040059,-1.20919608,0,0,0,11/10/2025 15:25
GBANK APY,GBK,0.004007415,-2.50926037,-2.60496743,0,0,0,11/10/2025 15:25
Velocore,VC,0.003035642,2.17900844,-4.71372314,0,0,0,11/10/2025 15:25
Crazy Bunny,CRAZYBUNNY,1.64E-20,-18.11349062,-67.24539625,0,0,0,11/10/2025 15:25
Floki Cash,FLOKICASH,4.17E-09,-1.03092591,-1.42766834,0,0,0,11/10/2025 15:25
Breadchain Cooperative,BREAD,0.99919482,-0.11150392,-0.01723508,0,0,0,11/10/2025 15:25
DBXen,DXN,0.25468523,-4.99455539,-1.27269867,0,0,0,11/10/2025 15:25
Crypto SDG,SDG,0.000730036,-0.02586397,-0.03179546,0,0,0,11/10/2025 15:25
EVEAI,EVEAI,0.000550513,1.22388847,-24.83245459,0,0,0,11/10/2025 15:25
Ryoshi Token,RYOSHI,2.26E-10,0,-70.77455433,0,0,0,11/10/2025 15:25
Monkeys,MONKEYS,2.13E-07,10.78385552,-1.62802047,0,0,0,11/10/2025 15:25
enqAI,enqAI,0.000492603,3.20714322,-13.16811006,0,0,0,11/10/2025 15:25
ABC PoS Pool,ABC,0.658137103,1.83544293,18.9816976,0,0,0,11/10/2025 15:25
Chad Coin,CHAD,7.57E-07,16.05376726,0.61775605,0,0,0,11/10/2025 15:25
BabyPepe,BABYPEPE,4.07E-11,4.00080897,-3.44631924,0,0,0,11/10/2025 15:25
Ajuna Network,AJUN,0.00028993,0,5.05318765,0,0,0,11/10/2025 15:25
Clown Pepe,HONK,3.47E-07,7.61268209,-8.07419827,0,0,0,11/10/2025 15:25
Feels Good Man,FGM,3.53E-06,8.19610502,-5.14232719,0,0,0,11/10/2025 15:25
AiShiba,shibai,1.76E-13,1.43385833,-8.02262262,0,0,0,11/10/2025 15:25
Shanghai Inu,SHANG,1.13E-10,7.40788943,-0.417727,0,0,0,11/10/2025 15:25
FreeTrump,TRUMP,0.000555227,0,-12.27015549,0,0,0,11/10/2025 15:25
RUGAME,RUG,6.99E-08,0,0,0,0,0,11/10/2025 15:25
Good Gensler,GENSLR,2.62E-10,1.85755754,-0.91029947,0,0,0,11/10/2025 15:25
Dragon Soul Token,DST,0.000609089,2.27643317,16.6853011,0,0,0,11/10/2025 15:25
Bull Market,BULL,0.000114847,-1.95563716,-12.24412462,0,0,0,11/10/2025 15:25
Shockwaves,NEUROS,0.001150548,0,-2.40126516,0,0,0,11/10/2025 15:25
ReactorFusion,RF,0.000501236,5.53438849,6.7668015,0,0,0,11/10/2025 15:25
IYKYK,IYKYK,1.37E-10,0,-21.44853925,0,0,0,11/10/2025 15:25
Peepo,PEEPO,4.85E-09,3.97906456,-2.00041441,0,0,0,11/10/2025 15:25
Bogdanoff,BOG,5.92E-10,0,-21.28886451,0,0,0,11/10/2025 15:25
Tate,TATE,2.54E-10,5.96473278,-8.91008413,0,0,0,11/10/2025 15:25
NANA Token,NANA,4.37E-05,0.74560559,-4.76899146,0,0,0,11/10/2025 15:25
RUM - Pirates of Arrland Token,RUM,0.000116447,-0.81381419,4.4426991,0,0,0,11/10/2025 15:25
OGSMINEM,OGSM,4.21E-09,1.95103624,26.94308139,0,0,0,11/10/2025 15:25
Elon Musk,MUSK,1.45E-05,6.11098645,-6.75626502,0,0,0,11/10/2025 15:25
FX1 Sports,FXI,0.002801809,-15.50199194,-27.73387572,0,0,0,11/10/2025 15:25
$LAMBO,LAMBO,2.07E-06,-5.30164319,-10.57672994,0,0,0,11/10/2025 15:25
POGAI,pogai,4.00E-07,-0.00627636,-14.41961759,0,0,0,11/10/2025 15:25
AI CODE,AICODE,0.091945571,8.75362874,-6.62221663,0,0,0,11/10/2025 15:25
iVipCoin,IVIP,7.15E-07,0.34829543,-8.34554482,0,0,0,11/10/2025 15:25
Pepe Original Version,POV,6.59E-11,0,0,0,0,0,11/10/2025 15:25
Sponge,$SPONGE,0.000326846,0,-0.04860689,0,0,0,11/10/2025 15:25
AIBabyDoge,AIBABYDOGE,1.01E-13,-7.58723183,-24.30570733,0,0,0,11/10/2025 15:25
WASSIE,WASSIE,1.25E-06,-0.96841388,-29.64762685,0,0,0,11/10/2025 15:25
Clips,CLIPS,1.30E-08,0,56.46300723,0,0,0,11/10/2025 15:25
NYAN Meme Coin,NYAN,3.46E-09,7.4158892,-14.18061774,0,0,0,11/10/2025 15:25
Perry The BNB,PERRY,3.94E-11,-1.79936836,1.96141363,0,0,0,11/10/2025 15:25
Foxe,FOXE,8.26E-10,4.46185283,-9.31257013,0,0,0,11/10/2025 15:25
Ribbit,RIBBIT,6.59E-10,0.37869486,-5.73067702,0,0,0,11/10/2025 15:25
PUG AI,PUGAI,5.04E-11,-10.27211189,-12.4333659,0,0,0,11/10/2025 15:25
JEFF,JEFF,0.002924209,0.8487158,4.23148895,0,0,0,11/10/2025 15:25
Pepe AI Coin,PEPEAI,1.92E-10,0,-8.9256377,0,0,0,11/10/2025 15:25
GoGoPool,GGP,1.052048931,-0.61930051,-1.63793808,0,0,0,11/10/2025 15:25
FourCoin,FOUR,1.90E-06,0,-4.34955447,0,0,0,11/10/2025 15:25
CRAZY PEPE,CRAZYPEPE,2.53E-13,-2.37771971,-1.16794073,0,0,0,11/10/2025 15:25
Capybara (getinnotimetoexplain.com),CAPY,4.68E-06,7.30524703,-15.02745575,0,0,0,11/10/2025 15:25
Homer,SIMPSON,2.08E-13,0.27915949,-14.35092546,0,0,0,11/10/2025 15:25
PEPE Chain,PEPECHAIN,1.49E-11,0.27149605,-2.66865392,0,0,0,11/10/2025 15:25
Toad Killer,$TOAD,1.96E-09,-5.01009573,-2.79777329,0,0,0,11/10/2025 15:25
ScapesMania,MANIA,0.00023009,0.0778203,0.37664466,0,0,0,11/10/2025 15:25
Ethlas,ELS,0.001529955,-0.72727575,-1.06745966,0,0,0,11/10/2025 15:25
Overnight DAI+,DAI+,1.003642777,0.55661087,0.53842579,0,0,0,11/10/2025 15:25
TrumpCoin,DTC,8.28E-09,-0.63181468,-8.73243772,0,0,0,11/10/2025 15:25
Huebel Bolt,BOLT,0.023979021,-6.60610389,-3.87043119,0,0,0,11/10/2025 15:25
WEN Token,WEN,2.87E-07,1.64947741,-8.35648658,0,0,0,11/10/2025 15:25
MantaDAO,MNTA,0.08465539,0,-5.5074375,0,0,0,11/10/2025 15:25
Pepe AI (BSC),PEPEAI,8.81E-10,3.63095362,5.44059733,0,0,0,11/10/2025 15:25
MuratiAI,MURATIAI,2.00E-06,0.78429382,-6.99381417,0,0,0,11/10/2025 15:25
Gravita Protocol,GRAI,0.995169492,-0.15644844,0.21336241,0,0,0,11/10/2025 15:25
Magic Crystal,MC,0.055245109,0,-2.35604895,0,0,0,11/10/2025 15:25
Wagmi Coin,WAGMI,2.60E-10,7.74061255,-3.21234688,0,0,0,11/10/2025 15:25
Pear Swap,PEAR,8.18E-05,0,0.02882001,0,0,0,11/10/2025 15:25
TWELVE ZODIAC,TWELVE,0.059168886,-3.36287064,1.93793422,0,0,0,11/10/2025 15:25
BOUNTYKINDS,YU,0.516576745,1.53523146,-2.9882555,0,0,0,11/10/2025 15:25
Rock Me,ROCK,2.75E-11,-6.85563586,-1.00E-08,0,0,0,11/10/2025 15:25
DegensTogether,DEGEN,2.15E-06,2.85941126,-1.77717029,0,0,0,11/10/2025 15:25
Pulse Inu,PINU,6.48E-10,9.46983085,38.7146682,0,0,0,11/10/2025 15:25
Psyop,PSYOP,1.74E-05,0,-14.91125233,0,0,0,11/10/2025 15:25
Avocado Blockchain Group,AVO,2.49E-05,0.74105245,-0.94666094,0,0,0,11/10/2025 15:25
KINGYTON,KINGY,0.082654319,-6.99793414,3.28494037,0,0,0,11/10/2025 15:25
KELP,KELP,0.001131445,0,-42.04027924,0,0,0,11/10/2025 15:25
XAI Corp,XAI,0.000197725,5.18036977,-5.63883682,0,0,0,11/10/2025 15:25
YearnTogether,YEARN,0.022100659,2.31286882,16.92772384,0,0,0,11/10/2025 15:25
Joey Inu,JOEY,0.010996536,0,0,0,0,0,11/10/2025 15:25
Platform of meme coins,PAYU,6.37E-10,-3.28103784,3.73388622,0,0,0,11/10/2025 15:25
WECOIN,WECO,4.63E-06,0,0,0,0,0,11/10/2025 15:25
Jasan Wellness,JW,0.85981171,8.15316168,-2.51638364,0,0,0,11/10/2025 15:25
Pepe Grow,$PG,9.10E-12,1.87631194,-7.82785937,0,0,0,11/10/2025 15:25
PepeCoin,PEPE,1.26E-10,-1.52831303,-9.85387637,0,0,0,11/10/2025 15:25
Steakd,SDX,1.67E-08,-0.31434789,-0.85018362,0,0,0,11/10/2025 15:25
GMFAM,GMFAM,1.51E-09,0,-11.34905236,0,0,0,11/10/2025 15:25
CoinCollect,COLLECT,0.000323705,-0.17561958,7.3868671,0,0,0,11/10/2025 15:25
HUNDRED,HUNDRED,0.000167279,0.89387813,0.17860879,0,0,0,11/10/2025 15:25
TigerMoon,TIGERMOON,1.29E-20,28.62755705,28.62755705,0,0,0,11/10/2025 15:25
Aevum,AEVUM,0.00471059,-0.43181712,0.24021202,0,0,0,11/10/2025 15:25
unshETH Ether,UNSHETH,2996.496682,-2.17010236,-11.45700871,0,0,0,11/10/2025 15:25
Toshe,TOSHE,3.70E-10,10.38852995,2.39567509,0,0,0,11/10/2025 15:25
NiHao,NIHAO,1.07E-10,8.59635473,7.69533978,0,0,0,11/10/2025 15:25
SelfToken,SELF,0.319460716,5.37966782,5.01935542,0,0,0,11/10/2025 15:25
Moox Protocol,MOOX,0.004583875,-0.68034424,-2.47127352,0,0,0,11/10/2025 15:25
Jim,JIM,1.85E-06,2.72640523,-6.80439978,0,0,0,11/10/2025 15:25
sciVive,SCIVIVE,8.22E-10,11.8169536,2.30973244,0,0,0,11/10/2025 15:25
BankerCoinAda,BANK,5.24E-07,2.94741577,3.6846096,0,0,0,11/10/2025 15:25
Dancing Lizard Coin,LIZD,7.90E-12,-0.41714681,-1.33891519,0,0,0,11/10/2025 15:25
FashionTV Token,FTVT,0.000119969,0,-92.00101713,0,0,0,11/10/2025 15:25
TokoQrt,TQRT,0.399597136,0,-19.92603053,0,0,0,11/10/2025 15:25
CHOW CHOW,CHOW,8.36E-08,2.80242891,-3.23706213,0,0,0,11/10/2025 15:25
Block Buster Tech Inc,BBTF,0.000268533,-3.3583657,-20.27522692,0,0,0,11/10/2025 15:25
CryptoHunterTrading,CHT,0.0011051,0,0,0,0,0,11/10/2025 15:25
AI PEPE KING,AIPEPE,1.13E-10,6.67189248,-12.42278716,0,0,0,11/10/2025 15:25
Distributed Autonomous Organization,DAO,0.022164365,0.78726471,3.51878057,0,0,0,11/10/2025 15:25
Ben's Finale,FINALE,3.00E-06,0,-9.59173036,0,0,0,11/10/2025 15:25
SeaFi,SPT,0.008038212,3.32464445,18.38530881,0,0,0,11/10/2025 15:25
Olaf Token,OT,3.96E-11,1.03576226,-8.23387143,0,0,0,11/10/2025 15:25
QUBY,QUBY,0.005983984,2.42050421,-12.48104192,0,0,0,11/10/2025 15:25
Fluid USDC,FUSDC,0.981041079,0.08169517,-0.46698527,0,0,0,11/10/2025 15:25
FE TECH,FETS,2.46E-05,9.17073474,-23.42829459,0,0,0,11/10/2025 15:25
Cyber Arena,CAT,3.38E-05,-0.49204805,-1.97843493,0,0,0,11/10/2025 15:25
Zetos,ZES,0.004716112,0,-54.35381508,0,0,0,11/10/2025 15:25
Hachi,HACHI,4.22E-10,3.46699796,-4.02019255,0,0,0,11/10/2025 15:25
PEPEPOW,PEPEW,5.53E-07,-0.16967062,-19.13890873,0,0,0,11/10/2025 15:25
ENCOINS,ENCS,0.022766351,0.25726911,-6.83652964,0,0,0,11/10/2025 15:25
popo,POPO,2.31E-11,-1.4138074,-3.67516027,0,0,0,11/10/2025 15:25
Floki SafeMoon,FSM,1.21E-11,-4.00E-08,-2.603919,0,0,0,11/10/2025 15:25
Dogeclub,DOGC,4.05E-10,0,-7.33454368,0,0,0,11/10/2025 15:25
DackieSwap,DACKIE,0.000288597,5.13531693,-17.40199935,0,0,0,11/10/2025 15:25
AI-X,X,2.07E-11,1.85644179,-1.52441587,0,0,0,11/10/2025 15:25
SMILEY,SMILEY,1.24E-12,-1.56957442,9.29463737,0,0,0,11/10/2025 15:25
Kenshi,KNS,0.001201803,0,-7.93287641,0,0,0,11/10/2025 15:25
UnleashClub,UNLEASH,3.32E-05,0.49931392,-4.61452126,0,0,0,11/10/2025 15:25
EbisusBay Fortune,FRTN,0.000745883,4.23335408,2.08320543,0,0,0,11/10/2025 15:25
Num ARS v2,NARS,0.000714857,0,0,0,0,0,11/10/2025 15:25
Doge on Pulsechain,DOGE,2.04E-09,14.99562685,16.74808748,0,0,0,11/10/2025 15:25
L,$L,6.43E-08,0,6.24150702,0,0,0,11/10/2025 15:25
LaCoin,LAC,0.00779823,0.00588965,-0.02298671,0,0,0,11/10/2025 15:25
Layerium,LYUM,0.001195429,0,-1.95610694,0,0,0,11/10/2025 15:25
Precipitate.AI,RAIN,0.000659106,4.87911532,-14.34418143,0,0,0,11/10/2025 15:25
Zoomer Coin,ZOOMER,1.69E-06,0,0.76448043,0,0,0,11/10/2025 15:25
Camly Coin,CAMLY,4.07E-06,-1.00024348,18.98110594,0,0,0,11/10/2025 15:25
CryptoUnity,CUT,3.24E-05,-4.79361715,-23.81583968,0,0,0,11/10/2025 15:25
Peepa,PEEPA,2.94E-10,0,-18.68958037,0,0,0,11/10/2025 15:25
Biokript,BKPT,0.000108324,3.93235162,59.04842474,0,0,0,11/10/2025 15:25
Shiba 2.0,Shiba 2.0,2.04E-13,-10.02259979,6.36556007,0,0,0,11/10/2025 15:25
Baby Doge 2.0,BABYDOGE2.0,2.28E-10,7.84522929,3.09078895,0,0,0,11/10/2025 15:25
Real BIG Coin,RBC,1.24E-08,2.42015662,6.28217872,0,0,0,11/10/2025 15:25
ColaFactory,COLA,0.001964988,-1.60232215,1.71817842,0,0,0,11/10/2025 15:25
Mantle Inu,MINU,0.000150003,0,6.12705742,0,0,0,11/10/2025 15:25
XRP 2.0,XRP 2.0,1.10E-13,2.36978064,-8.14781524,0,0,0,11/10/2025 15:25
Yield Finance,YIELDX,0.000100734,2.71494333,2.73723039,0,0,0,11/10/2025 15:25
XDoge,XD,7.22E-10,13.78624925,-0.22665626,0,0,0,11/10/2025 15:25
Moxy,WMOXY,0.000999228,0,0,0,0,0,11/10/2025 15:25
Bald,BALD,0.020022081,-3.15043362,-1.6096103,0,0,0,11/10/2025 15:25
Apin Pulse,APC,3.86E-06,-1.16232319,1.5982655,0,0,0,11/10/2025 15:25
BarbieCrashBandicootRFK888Inu,SOLANA,3.60E-10,-0.14946133,-5.5784078,0,0,0,11/10/2025 15:25
Synthswap,SYNTH,0.121502508,1.40048043,12.16251725,0,0,0,11/10/2025 15:25
RocketSwap,RCKT,0.011509428,0.26154181,-7.23621721,0,0,0,11/10/2025 15:25
CruxDecussata,X,0.032430265,-0.46107242,2.64861674,0,0,0,11/10/2025 15:25
COIN,COIN,0.000740743,1.25517563,-3.73111027,0,0,0,11/10/2025 15:25
Treat,TREAT,0.00022617,8.83168294,26.92698644,0,0,0,11/10/2025 15:25
Ketaicoin,ETHEREUM,1.48E-10,0,-17.78224195,0,0,0,11/10/2025 15:25
Mendi Finance,MENDI,0.011251003,5.33018797,10.83656756,0,0,0,11/10/2025 15:25
El Dorado Exchange (Base),EDE,0.028980712,19.44349174,14.57760012,0,0,0,11/10/2025 15:25
Aquarius Loan,ARS,0.000384616,0,0,0,0,0,11/10/2025 15:25
HarryPotterTrumpHomerSimpson777Inu,ETHEREUM,0.000116238,0,-4.89357609,0,0,0,11/10/2025 15:25
Base Velocimeter,BVM,0.003180299,6.46426819,-7.59223441,0,0,0,11/10/2025 15:25
HYTOPIA,TOPIA,1.76E-05,0,-51.25794027,0,0,0,11/10/2025 15:25
Baby Shiba Inu,BABYSHIB,0.000698337,-2.33393756,-8.98240546,0,0,0,11/10/2025 15:25
DogeBonk,DOBO,0.000701991,0,-17.33275082,0,0,0,11/10/2025 15:25
Pepe Community,PEPE,0.000370438,0.3175546,4.62468799,0,0,0,11/10/2025 15:25
Dejitaru Hoshi,HOSHI,4.82E-05,0.2425589,-7.98436851,0,0,0,11/10/2025 15:25
Utility Cjournal,UCJL,2.216100668,-0.20282953,-4.08153455,0,0,0,11/10/2025 15:25
OLYMPIC GAMES DOGE,OGD,9.39E-12,-2.04436741,-1.61876054,0,0,0,11/10/2025 15:25
DORK LORD,DORKL,0.000154298,110.4087115,195.2489255,0,0,0,11/10/2025 15:25
BNBcat,BNBCAT,3.05E-11,-2.04587299,-2.24391425,0,0,0,11/10/2025 15:25
AISwap,AIS,4.09E-11,1.00E-08,-37.26193981,0,0,0,11/10/2025 15:25
Fine,FINE,1.06E-09,-0.54682397,-2.995519,0,0,0,11/10/2025 15:25
XRP20,XRP20,1.43E-05,2.43834695,-0.63474344,0,0,0,11/10/2025 15:25
Floor Cheese Burger,FLRBRG,2.20E-06,0,-6.91188251,0,0,0,11/10/2025 15:25
Connex,CONX,15.39184061,34.20116292,19.26937307,0,0,0,11/10/2025 15:25
Mobster,MOB,2.35E-10,1.72797937,-2.15250584,0,0,0,11/10/2025 15:25
GEMSTON,GEMSTON,0.044322049,1.0461923,1.92862637,0,0,0,11/10/2025 15:25
MoveApp,MOVE,0.000240512,4.34967654,-2.80691406,0,0,0,11/10/2025 15:25
Justus,JTT,0.013695815,-0.9024721,-3.97699508,0,0,0,11/10/2025 15:25
Orcfax,FACT,0.002382134,0,-3.54634173,0,0,0,11/10/2025 15:25
SHIBU INU,SHIBU,1.91E-11,-2.09147903,-7.02113889,0,0,0,11/10/2025 15:25
BNBdoge,BNBDOGE,1.73E-11,-1.84498524,-23.19391647,0,0,0,11/10/2025 15:25
Calcium,CAL,0.000484242,0,31.80921185,0,0,0,11/10/2025 15:25
Shiba,SHIBA,1.47E-10,-13.77544996,-16.5481033,0,0,0,11/10/2025 15:25
DOLLAR SHIBA INU,DSHIB,6.39E-12,-1.98789761,-1.06167623,0,0,0,11/10/2025 15:25
ETH 2.0,ETH 2.0,2.49E-13,7.72573089,20.96488356,0,0,0,11/10/2025 15:25
LONG,LONG,67.18136107,0.35645765,0.34661967,0,0,0,11/10/2025 15:25
CRAZY MUSK,CRAZYMUSK,1.40E-21,0,0,0,0,0,11/10/2025 15:25
NBA BSC,NBABSC,5.35E-06,-2.01825137,-2.78264966,0,0,0,11/10/2025 15:25
Gyrowin,GYROWIN,0.000135081,-1.73066366,-27.55005077,0,0,0,11/10/2025 15:25
MARIO CEO,MARIO,4.79E-13,-2.51938291,-3.71590488,0,0,0,11/10/2025 15:25
UFC WIN,UFC,1.04E-13,-1.59335191,-1.27899556,0,0,0,11/10/2025 15:25
SPIDERMAN BITCOIN,SPIDERMAN,1.29E-13,-2.10242657,-2.54472409,0,0,0,11/10/2025 15:25
PREME Token,PREME,0.001491643,2.6853884,3.11160313,0,0,0,11/10/2025 15:25
Floor Protocol,FLC,3.85E-05,0,-36.88996505,0,0,0,11/10/2025 15:25
PAW PATROL INU,PAW,1.84E-13,-2.11750503,-2.60581657,0,0,0,11/10/2025 15:25
Creso,CRE,4.96E-07,0,0,0,0,0,11/10/2025 15:25
xAI,XAI,4.29E-10,3.17736958,25.37543551,0,0,0,11/10/2025 15:25
TON Bridged USDC,JUSDC,0.969173944,-3.0013854,-0.67503625,0,0,0,11/10/2025 15:25
Apu,APU,1.18E-07,0.01342153,-21.32172526,0,0,0,11/10/2025 15:25
HALLOWEEN X,HALLOWEEN,1.33E-13,-2.09960452,-1.30198753,0,0,0,11/10/2025 15:25
SpacePi (ETH),SPACEPI,8.73E-10,0,-9.02072747,0,0,0,11/10/2025 15:25
Mandox Token,MANDOX,1.14E-08,0,-8.55715943,0,0,0,11/10/2025 15:25
Glint Coin,GLINT,0.006756676,0,-1.33696692,0,0,0,11/10/2025 15:25
Baby Luffy,BLF,0.000195234,0,0,0,0,0,11/10/2025 15:25
The SIMPSONS BNB,SIMPSONS,1.50E-13,-2.50590769,-0.70753966,0,0,0,11/10/2025 15:25
AstroPepeX,APX,6.33E-06,-35.44644541,-29.93979992,0,0,0,11/10/2025 15:25
Savings Dai,SDAI,1.103953001,-0.25290172,0.22663338,0,0,0,11/10/2025 15:25
Grok,XAI,4.67E-10,0,10.84753974,0,0,0,11/10/2025 15:25
Hummingbird Finance (New),HMNG,1.01E-09,-0.94884899,-9.85324754,0,0,0,11/10/2025 15:25
DOGE SATELLITE INU,DOGE,1.06E-21,0,0,0,0,0,11/10/2025 15:25
Grok,GROK,1.70E-09,-0.98015222,8.52801496,0,0,0,11/10/2025 15:25
Venus AAVE,vAAVE,4.571928228,2.87304705,10.13791509,0,0,0,11/10/2025 15:25
Venus CAKE,vCAKE,0.070764123,-0.2273413,14.24050048,0,0,0,11/10/2025 15:25
Venus TRX,vTRX,0.316222159,1.20739125,4.29980851,0,0,0,11/10/2025 15:25
Venus TUSD,vTUSD,1.173977386,0.02281283,0.12519019,0,0,0,11/10/2025 15:25
Trustpad (New),TPAD,0.000156877,-23.09429422,-4.84877014,0,0,0,11/10/2025 15:25
Venus UNI,vUNI,8.761428462,29.98601675,68.90674511,0,0,0,11/10/2025 15:25
Web-x-ai,WEB,1.77E-07,0,-10.40748072,0,0,0,11/10/2025 15:25
EthXY,SEXY,0.024479669,5.18674846,-5.06805338,0,0,0,11/10/2025 15:25
DOGECOIN X,DOGE,2.78E-21,0,0,0,0,0,11/10/2025 15:25
Satellite Doge-1 Mission,DOGE-1,0.000295081,4.28689318,26.00732224,0,0,0,11/10/2025 15:25
FLOKI X,FLOKIX,0.005592745,-2.01149007,-2.03995433,0,0,0,11/10/2025 15:25
csas (Ordinals),CSAS,1.58E-05,0,-7.27057724,0,0,0,11/10/2025 15:25
SHIBA INU X,SHIBA,0.010723636,-2.03288019,-0.82114729,0,0,0,11/10/2025 15:25
Meteor Coin,MTO,0.019495059,0,-11.67096544,0,0,0,11/10/2025 15:25
MMX,MMX,0.024351955,3.49902571,-23.26357595,0,0,0,11/10/2025 15:25
Liquidus Foundation,LIQ,0.053356187,-0.37883163,-7.14000082,0,0,0,11/10/2025 15:25
USDCASH,USDCASH,2.758618616,-0.19734207,-14.45021343,0,0,0,11/10/2025 15:25
CRAZY CAT,CRAZYCAT,3.93E-14,-3.69622738,-6.27560765,0,0,0,11/10/2025 15:25
Quick Intel,QKNTL,0.003036189,6.71670172,-12.07461462,0,0,0,11/10/2025 15:25
RMBCASH,RMBCASH,0.427487789,-0.50884545,-17.17479711,0,0,0,11/10/2025 15:25
MOROS NET,MOROS,0.000162765,0,-6.68601278,0,0,0,11/10/2025 15:25
0x Leverage,0XL,0.000476736,6.26505628,-8.15897861,0,0,0,11/10/2025 15:25
FOMOSolana,FOMO,0.0004988,-7.08046528,-5.68678416,0,0,0,11/10/2025 15:25
Onchain AI,OCAI,0.001244099,-13.52071406,-13.8616553,0,0,0,11/10/2025 15:25
CRAZY DOGE,CRAZYDOGE,7.35E-14,-1.89206151,-1.44739552,0,0,0,11/10/2025 15:25
Darik,DARIK,0.15404867,4.21580134,0.00036512,0,0,0,11/10/2025 15:25
Kreaitor,KAI,0.004310464,11.21077154,-9.30256339,0,0,0,11/10/2025 15:25
Bazed Games,BAZED,0.009377885,-0.46636963,-0.08541663,0,0,0,11/10/2025 15:25
Gec,GEC,0.005648924,-14.38952242,22.40692312,0,0,0,11/10/2025 15:25
DuckDAO,DD,0.081253139,0,-7.65367515,0,0,0,11/10/2025 15:25
Catboy,CATBOY,0.001210756,1.81036075,-2.46660625,0,0,0,11/10/2025 15:25
Rocky,ROCKY,7.91E-05,5.09528736,-1.51262827,0,0,0,11/10/2025 15:25
MMSS (Ordinals),MMSS,0.001000227,0,0,0,0,0,11/10/2025 15:25
AGII,AGII,7.52E-06,-22.49491792,-16.72089232,0,0,0,11/10/2025 15:25
GTA VI,GTA6,1.65E-13,-0.62162307,-0.30377325,0,0,0,11/10/2025 15:25
Tesla AI,TESLAI,7.63E-15,-1.58E-05,-5.50066527,0,0,0,11/10/2025 15:25
Mantle USD,MUSD,1.002223088,0,0.66187056,0,0,0,11/10/2025 15:25
go fu*k yourself.,GFY,2.17E-07,0,-7.2231055,0,0,0,11/10/2025 15:25
SolTradingBot,STBOT,0.000656233,5.21488835,-4.97734406,0,0,0,11/10/2025 15:25
SafeGrok,SAFEGROK,4.10E-14,-0.97291083,-5.21108203,0,0,0,11/10/2025 15:25
MARSUPILAMI INU,MARSUPILAMI,4.76E-14,-4.24238568,-2.21916065,0,0,0,11/10/2025 15:25
MicroPets,PETS,3.62E-05,1.06603902,-11.69351946,0,0,0,11/10/2025 15:25
SPACE CAT,CAT,1.27E-13,-1.94800634,-3.42789184,0,0,0,11/10/2025 15:25
Grok Girl,GROKGIRL,8.72E-14,-0.86631041,-0.44112339,0,0,0,11/10/2025 15:25
biis (Ordinals),BIIS,0.000499892,-0.01286803,149.9806283,0,0,0,11/10/2025 15:25
Grok Inu,GROKINU,3.56E-13,-0.45058475,-2.43225775,0,0,0,11/10/2025 15:25
Avive World,AVIVE,5.10E-05,1.81999749,-18.14584859,0,0,0,11/10/2025 15:25
GrapeCoin,GRAPE,0.000107381,0.81676026,-2.12368894,0,0,0,11/10/2025 15:25
BABY CAT INU,BABYCAT,1.70E-13,-2.34102039,-2.44661529,0,0,0,11/10/2025 15:25
Planq,PLQ,0.000975246,-1.10081102,-2.61512833,0,0,0,11/10/2025 15:25
SANTA CHRISTMAS INU,SANTA,2.00E-13,-2.79072826,0.38595764,0,0,0,11/10/2025 15:25
Mind,MND,0.003230276,0,-4.23781582,0,0,0,11/10/2025 15:25
Matrix Chain,MTC,0.000245581,0.04937424,0.42399733,0,0,0,11/10/2025 15:25
CATWIFHAT,CIF,2.50E-05,-0.25878281,-0.94025233,0,0,0,11/10/2025 15:25
GONE,GONE,4.16E-07,-1.43062464,-33.7508085,0,0,0,11/10/2025 15:25
xPET tech,XPET,0.001199528,0,0,0,0,0,11/10/2025 15:25
SPACE DOGE,DOGE,4.97E-14,-1.76579751,-1.19184119,0,0,0,11/10/2025 15:25
Grok Moon,GROKMOON,2.73E-13,1.19890642,0.21245211,0,0,0,11/10/2025 15:25
Doodoo,DOODOO,0.105574479,2.49264001,7.77139276,0,0,0,11/10/2025 15:25
Bork,BORK,1.45E-05,1.10091532,0.12918224,0,0,0,11/10/2025 15:25
BananaCoin,BANANA,1.83E-14,2.94027662,44.74936248,0,0,0,11/10/2025 15:25
Decentralized ETF,DETF,9.16E-05,0,0.03292633,0,0,0,11/10/2025 15:25
pepewifhat,PIF,8.51E-07,1.84966607,-0.23415355,0,0,0,11/10/2025 15:25
Kitty AI,KITTY,0.000268748,3.2123287,-3.62389262,0,0,0,11/10/2025 15:25
Block (blocksol.vip),BLOCK,2.43E-05,0,-17.34107285,0,0,0,11/10/2025 15:25
Perro Dinero,JOTCHUA,8.18E-05,0,-4.63878737,0,0,0,11/10/2025 15:25
DragonCoin,DRAGON,4.59E-13,1.86154175,-9.81307314,0,0,0,11/10/2025 15:25
Optimus X,OPX,1.91E-14,1.54E-05,-9.48390264,0,0,0,11/10/2025 15:25
BNB DRAGON,DRAGON,2.65E-13,-3.00061319,-2.38122126,0,0,0,11/10/2025 15:25
CC,CC,0.001419545,-0.76949191,5.03490886,0,0,0,11/10/2025 15:25
Purple AI,PAI,0.062918914,0,-10.52202173,0,0,0,11/10/2025 15:25
Coinbuck,BUCK,7.97E-05,-0.41887343,-2.23996783,0,0,0,11/10/2025 15:25
MILEI Token,MILEI,0.004952402,8.6733135,-52.37096864,0,0,0,11/10/2025 15:25
Zeek Coin,MEOW,2.22E-07,-6.83665197,-14.05687414,0,0,0,11/10/2025 15:25
Steamboat Willie,MICKEY,0.000154405,-0.33594926,-10.04721725,0,0,0,11/10/2025 15:25
OpSec,OPSEC,0.001582608,-2.92649903,-3.89788375,0,0,0,11/10/2025 15:25
BABY DRAGON,BABYDRAGON,4.78E-14,-3.28826598,-1.6982546,0,0,0,11/10/2025 15:25
Baby Elon,BABYELON,2.55E-13,-12.20672421,-62.38449953,0,0,0,11/10/2025 15:25
Skibidi Toilet,SKIBIDI,1.36E-07,0,0,0,0,0,11/10/2025 15:25
BURRRD,BURRRD,3.48E-10,3.56190091,-1.16736634,0,0,0,11/10/2025 15:25
Sonic,SONIC,0.003884,0,-0.5581443,0,0,0,11/10/2025 15:25
Lendle,LEND,0.01133246,-0.98025724,3.78866323,0,0,0,11/10/2025 15:25
Bong - Bonk's Brother,$BONG,1.62E-07,5.09703198,0.70814447,0,0,0,11/10/2025 15:25
CRAZY DRAGON,CRAZYDRAGON,3.17E-14,-1.60179862,-1.81214582,0,0,0,11/10/2025 15:25
Baby Myro,BABYMYRO,2.86E-13,-0.36079777,-3.99986224,0,0,0,11/10/2025 15:25
Myra,MYRA,7.28E-05,2.69355047,-10.08183803,0,0,0,11/10/2025 15:25
Florence Finance Medici,FFM,0.000535699,-8.20541636,-10.47752943,0,0,0,11/10/2025 15:25
THE WORD TOKEN,TWD,4.07E-06,-0.15175655,-3.86091402,0,0,0,11/10/2025 15:25
SPACE DRAGON,DRAGON,4.53E-14,-1.65074907,-11.69056428,0,0,0,11/10/2025 15:25
Chinu,CHINU,4.37E-05,1.18774999,6.28437076,0,0,0,11/10/2025 15:25
Fathom Protocol,FTHM,0.00102018,6.31555485,12.11959387,0,0,0,11/10/2025 15:25
Bull Token,BULL,1.93E-11,1.29070423,-5.12591189,0,0,0,11/10/2025 15:25
TonUP,UP,0.000512,3.31625529,30.77662886,0,0,0,11/10/2025 15:25
Baby Dragon,BABYDRAGON,4.41E-14,-4.60E-07,-4.60E-07,0,0,0,11/10/2025 15:25
Solordi,SOLO,6.33E-05,0,-11.32861004,0,0,0,11/10/2025 15:25
pepecoin on SOL,PEPE,9.96E-05,0.78492609,10.33226812,0,0,0,11/10/2025 15:25
ELON DOGE,DOGE,3.61E-14,-1.66669713,-1.03155981,0,0,0,11/10/2025 15:25
Baby Tomcat,BABYTOMCAT,2.11E-14,-0.222137,-10.43126511,0,0,0,11/10/2025 15:25
King Bonk,KINGBONK,3.08E-13,1.80E-07,-3.29790141,0,0,0,11/10/2025 15:25
Andrea Von Speed,VONSPEED,3.31E-05,0,-5.71186034,0,0,0,11/10/2025 15:25
Chinese Communist Dragon,FENTANYL,3.43E-06,0,0,0,0,0,11/10/2025 15:25
HMX,HMX,0.112081435,8.80343244,-6.93124259,0,0,0,11/10/2025 15:25
Invest Club Global,ICG,9.99E-07,0,0,0,0,0,11/10/2025 15:25
daCAT,daCat,4.21E-09,1.50343638,-2.22922086,0,0,0,11/10/2025 15:25
Bitcoin Inu,BTCINU,0.00398247,-2.44447774,4.82783397,0,0,0,11/10/2025 15:25
X Payments,XPAY,8.76E-05,7.67871044,-0.95045051,0,0,0,11/10/2025 15:25
Restake Finance,RSTK,0.005234796,4.09033564,-2.94060693,0,0,0,11/10/2025 15:25
CoinNavigator,CNG,21.89316521,-3.31821673,-24.81239491,0,0,0,11/10/2025 15:25
NovaDEX,NVX,0.000124252,-0.7464859,-4.72422422,0,0,0,11/10/2025 15:25
Ethical Finance,ETHI,0.000597322,0,0.59465281,0,0,0,11/10/2025 15:25
BabyPepeFi,BABYPEPE,0.010509045,0.99094505,0.42117978,0,0,0,11/10/2025 15:25
Compliant Naira,cNGN,0.000684924,-0.52068119,-1.17573152,0,0,0,11/10/2025 15:25
BOOM DAO,BOOM,0.00047371,0,0,0,0,0,11/10/2025 15:25
CHURRO-The Jupiter Dog,CHURRO,1.43E-05,0,-6.48894737,0,0,0,11/10/2025 15:25
Burnsdefi,BURNS,0.000246904,1.64932325,8.649712,0,0,0,11/10/2025 15:25
CRAZY LION,LION,1.28E-13,-3.04201837,4.72046174,0,0,0,11/10/2025 15:25
Galaxy Fox,GFOX,3.30E-05,5.69492095,-0.65782213,0,0,0,11/10/2025 15:25
BABYLONG,BABYLONG,1.11E-07,0.39282908,0.23617499,0,0,0,11/10/2025 15:25
TangYuan,TANGYUAN,3.47E-11,-2.64068251,15.69435478,0,0,0,11/10/2025 15:25
You Looked,CIRCLE,8.75E-05,-0.60259353,-4.8337053,0,0,0,11/10/2025 15:25
Meow Meow Coin,MEOW,1.57E-07,0,-14.92263781,0,0,0,11/10/2025 15:25
Inscribe,INS,0.007768095,0.91995839,0.43879923,0,0,0,11/10/2025 15:25
SUPER DRAGON,DRAGON,3.21E-14,-1.5415167,-6.12837508,0,0,0,11/10/2025 15:25
FarLaunch,FAR,3.11E-05,-4.86327586,1.17878544,0,0,0,11/10/2025 15:25
Shiba 3.0,SHIBA 3.0,2.08E-16,-0.94737281,-3.427139,0,0,0,11/10/2025 15:25
Casinu Inu,CASINU,7.56E-07,0,-13.38080345,0,0,0,11/10/2025 15:25
Zuzalu Inu,ZUZALU,0.000153327,0,-5.16567527,0,0,0,11/10/2025 15:25
Marvin,MARVIN,0.000174299,0,-8.1200273,0,0,0,11/10/2025 15:25
Bozo Benk,BOZO,0.000967558,19.13354223,-1.89962684,0,0,0,11/10/2025 15:25
dogwifhat (ETH),DOGWIFHAT,0.002410881,3.81702902,-10.46057942,0,0,0,11/10/2025 15:25
FlokiFork,FORK,5.79E-09,6.70964431,1.8191044,0,0,0,11/10/2025 15:25
ARBUZ,ARBUZ,0.015949776,20.30525153,40.18298172,0,0,0,11/10/2025 15:25
THE BALKAN DWARF,KEKEC,6.04E-05,-2.374603,5.80900606,0,0,0,11/10/2025 15:25
YoungParrot V2,YPC,8.90E-06,0,21.51652844,0,0,0,11/10/2025 15:25
BEBE,BEBE,3.64E-09,-1.46864328,-10.71339821,0,0,0,11/10/2025 15:25
CULO (Polygon),CULO,9.07E-09,5.25703131,10.72571147,0,0,0,11/10/2025 15:25
BLACK DRAGON,DRAGON,4.19E-14,-1.56374079,-9.36942172,0,0,0,11/10/2025 15:25
cyberdoge,CDOGE,1.02E-06,-0.76303066,-2.17892975,0,0,0,11/10/2025 15:25
SPONGE,SPONGE,4.41E-06,-0.2675716,52.66107228,0,0,0,11/10/2025 15:25
MYSTCL,MYST,25.55865426,8.07142463,-3.31459964,0,0,0,11/10/2025 15:25
WHITE DRAGON,DRAGON,5.23E-14,-2.81517487,-2.25045311,0,0,0,11/10/2025 15:25
GigaChadGPT,GIGA,0.000805038,2.2532353,-1.14842521,0,0,0,11/10/2025 15:25
TMNT,$TMNT,6.21E-05,0.95343445,-13.40062837,0,0,0,11/10/2025 15:25
Utility Nexusmind,UNMD,0.356363314,-0.83874273,-3.58993283,0,0,0,11/10/2025 15:25
Lends,LENDS,7.77E-05,5.67645932,-4.28510025,0,0,0,11/10/2025 15:25
King Cat,KINGCAT,7.60E-14,0.28771042,-3.63986498,0,0,0,11/10/2025 15:25
SUPER DOGE,DOGE,0.002115818,-9.92754921,-10.80886524,0,0,0,11/10/2025 15:25
Evermoon,EVERMOON,1.02E-05,0,-9.65054697,0,0,0,11/10/2025 15:25
SUPER CAT,CAT,8.01E-14,-3.46372901,7.40450799,0,0,0,11/10/2025 15:25
Magic Internet Money,MIM,6.69E-05,9.10549887,23.39637792,0,0,0,11/10/2025 15:25
Baby Troll,BABYTROLL,3.33E-14,0.53160064,-5.96799284,0,0,0,11/10/2025 15:25
Metahorse Unity,MUNITY,7.36E-05,0,-40.56724281,0,0,0,11/10/2025 15:25
MetaZero,MZERO,0.001750782,-0.67455095,-7.29980945,0,0,0,11/10/2025 15:25
Balance AI,BAI,0.126853306,-0.01600104,-0.73159487,0,0,0,11/10/2025 15:25
BuildAI,BUILD,0.034259078,1.75284103,-6.22128345,0,0,0,11/10/2025 15:25
Lush AI,LUSH,0.000632508,2.38829,6.75204288,0,0,0,11/10/2025 15:25
VectorChat.ai,CHAT,0.002048047,2.36311422,-0.48147564,0,0,0,11/10/2025 15:25
Homer,SIMPSON,3.36E-14,1.3013735,1.13375052,0,0,0,11/10/2025 15:25
Bitcoin801010101018101010101018101010108,BITCOIN,2.78E-06,0.34116497,10.26946926,0,0,0,11/10/2025 15:25
TaoBank,TBANK,0.002186997,2.50244604,-20.41939431,0,0,0,11/10/2025 15:25
BNB SNAKE,BNBSNAKE,1.11E-13,-1.53676946,-13.13171078,0,0,0,11/10/2025 15:25
FxBox,FXB,4.46E-08,-0.7653211,-21.95945698,0,0,0,11/10/2025 15:25
BNB VEGETA,BNBVEGETA,3.21E-14,-4.18207864,-1.46000116,0,0,0,11/10/2025 15:25
Oracle AI,ORACLE,8.29E-05,0,-14.86901198,0,0,0,11/10/2025 15:25
Real Smurf Cat - шайлушай,SMURF,1.81E-05,0,-6.99513468,0,0,0,11/10/2025 15:25
Goku,GOKU,0.000320684,1.64922346,-10.71964621,0,0,0,11/10/2025 15:25
TAO INU,TAONU,0.001348895,-1.13360493,-1.97359957,0,0,0,11/10/2025 15:25
AI Dragon,CHATGPT,2.28E-07,3.43045152,-0.71662544,0,0,0,11/10/2025 15:25
MAGA,TRUMP,1.87E-05,1.03695279,4.08137937,0,0,0,11/10/2025 15:25
BRC-20 DEX,BD20,9.04E-06,-0.47735965,0.46606508,0,0,0,11/10/2025 15:25
Neuralink,NEURALINK,0.0788402,1.64973089,-7.15229948,0,0,0,11/10/2025 15:25
Nexusmind,NMD,7.464104473,2.5155978,-8.86564455,0,0,0,11/10/2025 15:25
MINU 2.0,MINU,0.002525818,-1.51982062,1.62568662,0,0,0,11/10/2025 15:25
BlastDEX,BD,3.11E-05,5.39815432,-8.8715404,0,0,0,11/10/2025 15:25
PUMP,PUMP,0.013961994,1.60017791,4.17332057,0,0,0,11/10/2025 15:25
Film.io,FAN,0.00030793,5.22036024,-2.18433392,0,0,0,11/10/2025 15:25
TOTO,TOTO,7.39E-10,4.05619109,-4.87844976,0,0,0,11/10/2025 15:25
YES Money,YES,4.464854013,0.44714269,-1.50785853,0,0,0,11/10/2025 15:25
UpSideDownCat,USDCAT,4.46E-06,2.00461368,-6.36120046,0,0,0,11/10/2025 15:25
CRAZY BONK,CRAZYBONK,0.002719222,-1.6123471,-5.13779667,0,0,0,11/10/2025 15:25
Baby Pepe,BABYPEPE,2.98E-07,-2.43278129,-1.84764312,0,0,0,11/10/2025 15:25
bonkwifhat,BIF,0.000179742,1.21783978,2.61032886,0,0,0,11/10/2025 15:25
Bounty Temple,TYT,0.000100004,0,0,0,0,0,11/10/2025 15:25
BFICGOLD,BFICGOLD,0.022994541,0,0,0,0,0,11/10/2025 15:25
The Blue Dragon,RYU,4.99E-14,-0.84757941,-7.26920401,0,0,0,11/10/2025 15:25
Vitruveo Bridged VTRU,VTRU,0.028362169,-16.35421756,-19.70493786,0,0,0,11/10/2025 15:25
BST Chain,BSTC,3.000590844,0,0,0,0,0,11/10/2025 15:25
NumberGoUpTech,TECH,1.33E-06,0.49424921,0.94702656,0,0,0,11/10/2025 15:25
Ton Raffles,RAFF,0.047843934,0.04569029,3.55671842,0,0,0,11/10/2025 15:25
LOAF CAT,LOAF,3.31E-07,0,-3.55205311,0,0,0,11/10/2025 15:25
Meme Kombat,MK,0.003787393,4.77411331,-4.05543556,0,0,0,11/10/2025 15:25
Doggensnout Skeptic,DOGS,6.28E-10,0,-8.47745896,0,0,0,11/10/2025 15:25
Raini Studios Token,RST,0.000780681,9.33400667,0.83134461,0,0,0,11/10/2025 15:25
Wolf Wif,BALLZ,4.59E-05,6.96857664,-5.64586685,0,0,0,11/10/2025 15:25
elizabath whoren,WHOREN,0.00029725,7.9480767,-14.56242232,0,0,0,11/10/2025 15:25
TensorSpace,TPU,5.03E-05,0,0,0,0,0,11/10/2025 15:25
Phauntem,PHAUNTEM,0.000970498,0,-14.03063905,0,0,0,11/10/2025 15:25
HOLD,EARN,0.00128684,-24.01346831,-15.78181882,0,0,0,11/10/2025 15:25
SUPER PEPE,PEPE,8.72E-07,-1.8204879,-1.4779575,0,0,0,11/10/2025 15:25
Sealwifhat,SI,2.60E-05,0.98680544,-22.2406936,0,0,0,11/10/2025 15:25
babydogwifhat,BABYWIF,5.68E-05,5.07262405,-11.24009675,0,0,0,11/10/2025 15:25
ApeWifHat,APEWIFHAT,7.84E-10,6.37346932,1.43317462,0,0,0,11/10/2025 15:25
GameBoy,GBOY,1.02E-05,3.22642924,-7.63858432,0,0,0,11/10/2025 15:25
Silly Goose,GOO,0.000114214,7.08992295,8.89386671,0,0,0,11/10/2025 15:25
Pou,POU,0.0003038,2.95951125,-0.9457366,0,0,0,11/10/2025 15:25
Sora Doge,SORADOGE,1.84E-14,-4.43134219,-7.25723829,0,0,0,11/10/2025 15:25
SORA,SORA,1.08E-17,6.66173579,-0.50797573,0,0,0,11/10/2025 15:25
Family,FAM,1.75E-05,7.46406647,1.93430799,0,0,0,11/10/2025 15:25
Red The Mal,RED,0.000599519,5.59527973,-2.48564375,0,0,0,11/10/2025 15:25
SUPER FLOKI,FLOKI,4.22E-14,-3.50775652,1.53934516,0,0,0,11/10/2025 15:25
Grow,GROW,0.000912657,-12.70891713,38.85653502,0,0,0,11/10/2025 15:25
Solar Swap,SOLAR,2.89E-05,8.02802264,0.13709792,0,0,0,11/10/2025 15:25
GPU Inu,GPUINU,1.95E-06,5.08101732,-10.88392275,0,0,0,11/10/2025 15:25
Ishi,ISHI,9.88E-08,3.80383064,-10.32972246,0,0,0,11/10/2025 15:25
WenPad Labs,LABS,1.68E-05,4.44115099,-25.0090124,0,0,0,11/10/2025 15:25
Fottie,FOTTIE,2.80E-07,15.66098258,10.62408307,0,0,0,11/10/2025 15:25
Trump Pepe,TRUMPEPE,4.51E-11,4.65075874,-1.9173345,0,0,0,11/10/2025 15:25
Solamander,SOLY,2.69E-05,1.50482105,-4.35117415,0,0,0,11/10/2025 15:25
Briun Armstrung,BRIUN,0.000168443,-4.72284154,-29.66089317,0,0,0,11/10/2025 15:25
Grand Base,GB,0.000519814,-1.53199634,-10.39725291,0,0,0,11/10/2025 15:25
Solana Beach,SOLANA,2.78E-05,0,-13.81303917,0,0,0,11/10/2025 15:25
ZEBU,ZEBU,3.02E-05,1.11059302,-9.4850877,0,0,0,11/10/2025 15:25
The Big Red,$TD,1.08E-08,5.90541512,-5.83338017,0,0,0,11/10/2025 15:25
Magaiba,MAGAIBA,4.46E-05,0,-15.74789128,0,0,0,11/10/2025 15:25
Vibing Cat,VCAT,0.060680605,6.49344148,-4.76604449,0,0,0,11/10/2025 15:25
Andy (SOL),ANDY,0.000200674,4.91603999,2.94956777,0,0,0,11/10/2025 15:25
BLACK COQINU,BCOQ,3.22E-09,1.92902295,0.03966426,0,0,0,11/10/2025 15:25
SUPER BONK,BONK,1.89E-13,-2.61544248,-2.83867685,0,0,0,11/10/2025 15:25
SAFEMOON SOLANA,SAFEMOON,3.74E-05,4.22684669,4.03400795,0,0,0,11/10/2025 15:25
Mazze,MAZZE,0.000247114,-6.54467988,-10.52265579,0,0,0,11/10/2025 15:25
BNB BONK,BNBBONK,1.57E-13,1.92897433,-15.22773844,0,0,0,11/10/2025 15:25
LERNITAS,2192,2.10E-05,0,-77.46254613,0,0,0,11/10/2025 15:25
bloo foster coin,BLOO,0.05089247,0,-6.21035236,0,0,0,11/10/2025 15:25
Hokkaidu Inu,HOKK,4.79E-12,0.69880806,-5.51097685,0,0,0,11/10/2025 15:25
Electron (Bitcoin),ELECTRON,0.00119974,2.90270872,4.61264304,0,0,0,11/10/2025 15:25
Taylor Swift's Cat BENJI,BENJI,7.30E-05,2.31476078,-4.48170737,0,0,0,11/10/2025 15:25
Baba,$BABA,4.37E-05,0.69183802,-8.05362654,0,0,0,11/10/2025 15:25
Chonk The Cat,CHONK,2.39E-05,1.89012233,1.38364463,0,0,0,11/10/2025 15:25
DuckCoin,DUCK,0.000605568,-6.12182266,6.11618069,0,0,0,11/10/2025 15:25
Pepe Sora AI,PEPESORA,2.34E-05,10.03631882,-9.4390461,0,0,0,11/10/2025 15:25
SquadSwap,SQUAD,0.065717945,-4.57960693,-1.60990124,0,0,0,11/10/2025 15:25
Fort Block Games,FBG,0.016394586,0,-10.61393712,0,0,0,11/10/2025 15:25
Velar,VELAR,0.000625915,-4.00537228,16.33806234,0,0,0,11/10/2025 15:25
IQ50,IQ50,8.54E-07,1.6720016,-4.02634114,0,0,0,11/10/2025 15:25
Cat wif Hands,CATWIF,1.87E-07,0.19759654,8.23921769,0,0,0,11/10/2025 15:25
catwifbag,BAG,0.000214283,-2.91417703,-8.66649955,0,0,0,11/10/2025 15:25
Scotty The Ai,SCOTTY,0.000226827,0,-4.81837232,0,0,0,11/10/2025 15:25
Fomo Base,FOMO,6.68E-06,11.08129406,-2.46472078,0,0,0,11/10/2025 15:25
Ents,ENTS,0.000210206,-0.99186565,7.56975706,0,0,0,11/10/2025 15:25
Pundu,PUNDU,0.003633826,1.2617714,6.24878419,0,0,0,11/10/2025 15:25
PunkCity,PUNK,0.017821472,-0.06448805,7.68856717,0,0,0,11/10/2025 15:25
TG20 TGram,TGRAM,1.31E-07,0.35443346,11.74833337,0,0,0,11/10/2025 15:25
Wicked Bet,WIK,0.002125166,0,-0.58439733,0,0,0,11/10/2025 15:25
Shiva Inu,SHIV,5.52E-09,-0.23352924,-9.58585707,0,0,0,11/10/2025 15:25
BLERF,BLERF,3.39E-06,4.772559,-2.05625617,0,0,0,11/10/2025 15:25
CAT COIN,CAT,1.49E-11,-0.44256905,-11.19283207,0,0,0,11/10/2025 15:25
CAT PEPE,CATPEPE,1.31E-11,0.83540265,-12.09177122,0,0,0,11/10/2025 15:25
canwifhat,CAN,0.000417304,0,-11.94962537,0,0,0,11/10/2025 15:25
ATM (ATMcoin.top),ATM,4.31E-08,-3.44334092,-3.62307904,0,0,0,11/10/2025 15:25
FlokiTon,FLOKIT,4.16E-09,-0.65034146,3.92561798,0,0,0,11/10/2025 15:25
MOON INU,MOON,4.56E-10,3.25182462,-7.00902225,0,0,0,11/10/2025 15:25
Doge In Glasses,DIG,3.82E-05,0.4839675,1.4048398,0,0,0,11/10/2025 15:25
BNB FLOKI,BNBFLOKI,7.57E-14,-2.11649058,-1.98066635,0,0,0,11/10/2025 15:25
BLACK ROCK,ROCK,5.58E-06,0.00224774,-0.81181513,0,0,0,11/10/2025 15:25
Ubeswap [V2],UBE,0.001528984,-1.20555601,3.81913371,0,0,0,11/10/2025 15:25
CatWifHat,CATWIF,0.000115256,5.47356071,1.21896318,0,0,0,11/10/2025 15:25
The Emerald Company,EMRLD,0.000337895,0.2606599,-2.5638515,0,0,0,11/10/2025 15:25
Meat,MEAT,4.30E-07,0,-10.37703161,0,0,0,11/10/2025 15:25
CRAZY FLOKI,FLOKI,4.65E-14,-2.70887544,-3.3542027,0,0,0,11/10/2025 15:25
Joram Poowel,POOWEL,1.09E-05,0,-3.38639876,0,0,0,11/10/2025 15:25
Gmining,GMNT,1.24E-05,0,10.34116609,0,0,0,11/10/2025 15:25
DAWKOINS,DAW,3.48E-05,-6.84151258,-9.95355332,0,0,0,11/10/2025 15:25
CrazyPepe,CRAZYPEPE,4.02E-11,0,-10.10653904,0,0,0,11/10/2025 15:25
ATLAZ,AAZ,0.010298171,-0.02807292,-0.02764131,0,0,0,11/10/2025 15:25
Nobiko Coin,LONG,0.000367407,16.15782193,31.17651366,0,0,0,11/10/2025 15:25
CHUCHU,CHUCHU,0.025264418,0.97412533,-15.16757793,0,0,0,11/10/2025 15:25
ZEDXION,ZEDX,0.522655523,0.89547366,2.17013864,0,0,0,11/10/2025 15:25
BASEDChad,BASED,4.39E-05,4.98790803,-3.89757941,0,0,0,11/10/2025 15:25
Beni,BENI,0.000437332,-0.75230851,-14.69910062,0,0,0,11/10/2025 15:25
Boe,BOE,2.88E-05,0.07534588,-4.03372856,0,0,0,11/10/2025 15:25
Poopcoin,POOP,0.000152727,1.59511194,-2.40435932,0,0,0,11/10/2025 15:25
TOP CAT,CAT,4.75E-14,-4.67037923,-1.86425425,0,0,0,11/10/2025 15:25
Jeet,JEET,8.27E-06,3.34444935,-8.94624026,0,0,0,11/10/2025 15:25
Honey Badger,HOBA,0.052180232,-7.53417605,-0.28781399,0,0,0,11/10/2025 15:25
infraX,INFRA,0.490035594,-1.04409694,-6.38670817,0,0,0,11/10/2025 15:25
Pepe,PEPE,0.000112806,5.75609789,-0.75249616,0,0,0,11/10/2025 15:25
Ansem's Cat,HOBBES,0.000117195,5.70370345,4.0668008,0,0,0,11/10/2025 15:25
WASD Studios,WASD,0.000164743,5.30522153,-5.31873841,0,0,0,11/10/2025 15:25
Orchai,OCH,0.013213294,0,-1.89089247,0,0,0,11/10/2025 15:25
Spatial Computing,CMPT,0.270968167,2.03356534,-4.52229277,0,0,0,11/10/2025 15:25
Wall Street Baby,WSB,8.25E-06,0,-14.67114424,0,0,0,11/10/2025 15:25
Ducky City,DCM,1.83E-05,3.20097272,-8.05210923,0,0,0,11/10/2025 15:25
Shill Guard Token,SGT,0.00065999,8.060537,-5.13224084,0,0,0,11/10/2025 15:25
Based Peaches,PEACH,1.51E-05,45.96105868,-11.19892863,0,0,0,11/10/2025 15:25
AndyBlast,ANDY,0.000681623,0,-16.36495298,0,0,0,11/10/2025 15:25
Boge,BOGE,2.52E-05,4.71381575,-7.61795996,0,0,0,11/10/2025 15:25
Shadow Node,SVPN,0.000399377,7.54737014,-0.97415988,0,0,0,11/10/2025 15:25
Morfey,MORFEY,1.49E-07,0.33886118,-29.0225484,0,0,0,11/10/2025 15:25
Bitcoin Cat,BTCAT,7.53E-11,5.10137522,4.23197699,0,0,0,11/10/2025 15:25
DODO,DODO,0.054004703,-0.86099709,4.33629088,0,0,0,11/10/2025 15:25
DOGITA,DOGA,6.33E-07,-0.46452113,39.14117836,0,0,0,11/10/2025 15:25
TOM CAT,CAT,4.61E-14,-3.54210643,-3.45399503,0,0,0,11/10/2025 15:25
Fishkoin,KOIN,2.14E-08,0.22061171,-10.94943614,0,0,0,11/10/2025 15:25
Baby Cat,BABYCAT,3.05E-14,-2.25015844,-5.67529445,0,0,0,11/10/2025 15:25
Next Gem AI,GEMAI,0.000556668,4.91297756,-6.26382725,0,0,0,11/10/2025 15:25
ShibaKeanu,SHIBK,1.02E-09,-0.04941732,-1.27478557,0,0,0,11/10/2025 15:25
MOGGO,MOGGO,0.008398086,0,1.18007117,0,0,0,11/10/2025 15:25
bul,BUL,4.21E-08,0,-4.53794512,0,0,0,11/10/2025 15:25
Pink,PINK,0.000123649,5.62089689,22.29519276,0,0,0,11/10/2025 15:25
Fluidity,FLY,0.002656749,0,-3.49940765,0,0,0,11/10/2025 15:25
Andy (Base),ANDY,0.001625693,2.74245249,-8.52774724,0,0,0,11/10/2025 15:25
coolcat,COOL,2.91E-05,-0.48212971,-1.19544794,0,0,0,11/10/2025 15:25
ELON’S CAT,CATME,0,0,0,0,0,0,11/10/2025 15:25
BaseAI,BASEAI,0.000302474,-9.69717797,-44.50923125,0,0,0,11/10/2025 15:25
Grok Cat,GROKCAT,2.19E-06,0,10.42118349,0,0,0,11/10/2025 15:25
CAT INU,CAT,7.01E-14,0.35518382,0.23951477,0,0,0,11/10/2025 15:25
EXTOCIUM,XTO,0.006241967,0,-7.57380961,0,0,0,11/10/2025 15:25
Sol X,SOLX,7.11E-05,5.31312443,-4.18923659,0,0,0,11/10/2025 15:25
Perezoso,PRZS,3.28E-10,-1.69300676,8.60118523,0,0,0,11/10/2025 15:25
Green Bitcoin,GBTC,0.015566374,0,-2.36852409,0,0,0,11/10/2025 15:25
Daumenfrosch,$DAUMEN,0.012561687,2.4002811,-2.88466166,0,0,0,11/10/2025 15:25
dark boden,DOBEN,6.21E-06,3.01819238,0.25210478,0,0,0,11/10/2025 15:25
ZedDex,ZED,0.403787532,0.64193697,1.54480269,0,0,0,11/10/2025 15:25
Poncho,PONCHO,0.022279991,0.38332887,-4.41358626,0,0,0,11/10/2025 15:25
Bonk of America,BONKFA,2.92E-05,7.06229641,23.02324381,0,0,0,11/10/2025 15:25
MOON DOGE,DOGE,3.64E-14,-1.63050801,-0.94510316,0,0,0,11/10/2025 15:25
Boshi,BOSHI,3.55E-05,0.75285645,-3.49821018,0,0,0,11/10/2025 15:25
Neged,NEGED,3.26E-05,0,-1.59660554,0,0,0,11/10/2025 15:25
Gradient,GDT,0.021696912,0,-16.45985603,0,0,0,11/10/2025 15:25
Book of Pepe,BOPE,8.73E-08,-1.4578891,-17.0091791,0,0,0,11/10/2025 15:25
Heroes of Crypto AI,HOCAI,0.007461157,0,116.3506126,0,0,0,11/10/2025 15:25
Cute Cat Candle,CCC,5.45E-11,6.32397078,-18.64141991,0,0,0,11/10/2025 15:25
Foxify,FOX,0.291201632,-0.8751074,-4.91498734,0,0,0,11/10/2025 15:25
QUACK,QUACK,3.00E-06,-0.65988868,-5.65403805,0,0,0,11/10/2025 15:25
BOOK OF NOTHING,BON,1.33E-05,1.82276042,10.72883878,0,0,0,11/10/2025 15:25
Indian Call Center,ICC,2.02E-05,1.86938583,1.81892176,0,0,0,11/10/2025 15:25
Vietnam Smarthub Logistics,VSL,0.026884764,0,-10.33946086,0,0,0,11/10/2025 15:25
Ageio Stagnum,AGT,0.000340478,0,0,0,0,0,11/10/2025 15:25
Gambex,GBE,0.173534052,0,-34.04905652,0,0,0,11/10/2025 15:25
Pigcoin,PIG,8.30E-09,-3.0200892,-4.67780994,0,0,0,11/10/2025 15:25
MOON CAT,CAT,5.51E-14,-1.32283212,-2.96308653,0,0,0,11/10/2025 15:25
CEILING CAT,CEICAT,2.60E-05,0,-15.54963699,0,0,0,11/10/2025 15:25
Purrcoin,PURR,5.83E-05,0.66256992,-7.58140713,0,0,0,11/10/2025 15:25
Solmedia,MEDIA,0.000264277,8.25248798,-11.0424433,0,0,0,11/10/2025 15:25
PacMoon,PAC,0.000430295,0.04171891,-1.27802915,0,0,0,11/10/2025 15:25
Brett's Dog,BROGG,0.018988966,4.86794242,-6.29588586,0,0,0,11/10/2025 15:25
Brett On ETH,BRETT,0.003810503,5.75014326,-1.76018012,0,0,0,11/10/2025 15:25
Sharky,SHARK,0.002112244,3.50320172,13.44132925,0,0,0,11/10/2025 15:25
Bank,BANK,5.35E-10,-0.69348599,-28.58084469,0,0,0,11/10/2025 15:25
Nitefeeder,NITEFEEDER,1.30E-09,1.29769739,-4.85136375,0,0,0,11/10/2025 15:25
Rosecoin,ROSE,0.083627009,1.57363887,-23.03587188,0,0,0,11/10/2025 15:25
WHALES CAT,CAT,9.09E-14,-4.66797008,4.13016169,0,0,0,11/10/2025 15:25
shork,SHORK,0.000176726,0.82308475,1.60633392,0,0,0,11/10/2025 15:25
FreeBnk,FRBK,0.000497043,38.38520692,32.36524978,0,0,0,11/10/2025 15:25
Diment Dollar,DD,0.090173628,0,0,0,0,0,11/10/2025 15:25
Based Yoda,BODA,1.38E-06,1.93496228,-13.71783012,0,0,0,11/10/2025 15:25
Based Street Bets,BSB,4.95E-07,6.90855896,-1.88446479,0,0,0,11/10/2025 15:25
WW3,WW3,9.79E-05,12.23186618,-22.91415014,0,0,0,11/10/2025 15:25
Tonald Trump,TONALD,5.17E-05,2.60820104,1.94978596,0,0,0,11/10/2025 15:25
CONDO,CONDO,7.94E-05,0,-10.65193445,0,0,0,11/10/2025 15:25
Taylor Swift's Cat MEREDITH,MEREDITH,4.16E-06,0,-17.34040089,0,0,0,11/10/2025 15:25
CANNFINITY,CFT,0.006225887,-0.02780924,-0.03422567,0,0,0,11/10/2025 15:25
Landwolf (firstlandwolfeth),WOLF,8.50E-06,4.1695691,-19.24350688,0,0,0,11/10/2025 15:25
Web3 TON Token,WEB3,0.017902671,3.08399024,1.61644169,0,0,0,11/10/2025 15:25
Colle AI,COLLE,3.27E-05,-24.93533414,-13.73796444,0,0,0,11/10/2025 15:25
Elon's Pet Fish ERIC,ERIC,0.000742018,0,-15.19222278,0,0,0,11/10/2025 15:25
Classic USDC,$USDC,1.027168919,-2.38459141,10.3256207,0,0,0,11/10/2025 15:25
Shinobi,NINJA,6.05E-05,3.100802,-5.78964836,0,0,0,11/10/2025 15:25
Kitsune,KIT,1.65E-05,1.82662004,-9.45178033,0,0,0,11/10/2025 15:25
Landwolf (Base),WOLF,3.16E-10,5.54391903,-16.55394611,0,0,0,11/10/2025 15:25
Pika to Piko,PIKA,0.0006597,-6.43113249,-19.19312673,0,0,0,11/10/2025 15:25
Not Meme,MEM,0.000130299,0.44680671,-2.32776484,0,0,0,11/10/2025 15:25
Anon,ANON,0.000845576,0.78028385,30.58045356,0,0,0,11/10/2025 15:25
WHALES DOGE,DOGE,1.87E-14,-1.12803831,-0.45728906,0,0,0,11/10/2025 15:25
BORED,BORED,0.000787928,-0.64558443,-0.49659164,0,0,0,11/10/2025 15:25
Lumi Finance LUAUSD,LUAUSD,0.985801542,-0.47067395,0.54757599,0,0,0,11/10/2025 15:25
JELLI,JELLI,0.000165225,6.20008702,-22.58271709,0,0,0,11/10/2025 15:25
Conan,CONAN,1.87E-07,1.32596,-6.49112853,0,0,0,11/10/2025 15:25
Doge Grok,DOGEGROK,1.53E-14,-2.05E-05,55.22545237,0,0,0,11/10/2025 15:25
BasedBunny,BUNNY,2.57E-05,0.76670459,6.39205699,0,0,0,11/10/2025 15:25
Matt Furie's Boys Club,BOYSCLUB,0.002108043,0.94379816,-18.23795771,0,0,0,11/10/2025 15:25
Plebz,PLEB,4.49E-11,0,-14.32647632,0,0,0,11/10/2025 15:25
Dogecoin20,DOGE20,5.92E-06,6.08686289,-11.99510284,0,0,0,11/10/2025 15:25
What in Tarnation?,WIT,9.37E-05,0.70738916,-4.21680389,0,0,0,11/10/2025 15:25
CryoDAO,CRYO,0.556055489,0.75466343,7.5355635,0,0,0,11/10/2025 15:25
Doge Inu,DINU,2.43E-10,0,4.95446473,0,0,0,11/10/2025 15:25
Orbital7,ORBI,2.18E-05,-0.15447528,-5.01995898,0,0,0,11/10/2025 15:25
Stooges,STOG,9.18E-05,0,-15.620053,0,0,0,11/10/2025 15:25
Fluffys,FLUFFYS,0.000990788,0,-8.41751068,0,0,0,11/10/2025 15:25
BIRDDOG,BIRDDOG,3.21E-07,8.74842195,-3.47586282,0,0,0,11/10/2025 15:25
Worken,WORK,0.000186251,9.64633622,-2.55360334,0,0,0,11/10/2025 15:25
Britt,BRITT,6.78E-05,2.13575284,-1.8305825,0,0,0,11/10/2025 15:25
Alux Jownes,JOWNES,1.20E-05,20.51761643,16.16213074,0,0,0,11/10/2025 15:25
Pongo,PONGO,1.40E-07,-0.1861939,14.80225896,0,0,0,11/10/2025 15:25
MEWING,$MEWING,8.81E-05,0,-6.95811267,0,0,0,11/10/2025 15:25
KeptChain,KEPT,0.000404161,-5.40952353,0.56400166,0,0,0,11/10/2025 15:25
World Trade Exhibition Center,WTEC,0.000958288,14.26043358,6.48379875,0,0,0,11/10/2025 15:25
FECES,FECES,0.000161504,1.28330488,-0.7988045,0,0,0,11/10/2025 15:25
SUPER BUNNY,BUNNY,3.90E-13,-1.97152234,-2.63475961,0,0,0,11/10/2025 15:25
Andy’s Alter Ego,$BADCAT,1.59E-07,10.6681947,-2.52536682,0,0,0,11/10/2025 15:25
Mad Pepe,MADPEPE,6.11E-11,1.32492015,-1.8867656,0,0,0,11/10/2025 15:25
ArthSwap,ARSW,1.44E-05,0,7.15598406,0,0,0,11/10/2025 15:25
Mochi DeFi,MOCHI,3.16E-14,-0.40980544,-1.65991637,0,0,0,11/10/2025 15:25
Dogecoin,DOGE,0.000138563,-1.72382266,4.02592695,0,0,0,11/10/2025 15:25
DeepSouth AI,SOUTH,0.084616631,5.53848179,0.23253731,0,0,0,11/10/2025 15:25
StakeLayer,STAKE,3.68E-05,-0.48135583,-1.04557634,0,0,0,11/10/2025 15:25
Jogecodog,$JOGECO,1.02E-10,0.97590196,1.98760361,0,0,0,11/10/2025 15:25
KPOP,KPOP,1.26E-05,-3.17129353,167.802079,0,0,0,11/10/2025 15:25
DogeSquatch,SQUOGE,0.000555615,-1.65724372,3.34814372,0,0,0,11/10/2025 15:25
NEXT GEN PEPE,PEPE,0.000328677,-1.68904979,-7.07182631,0,0,0,11/10/2025 15:25
mouse in pasta,STUCK,6.75E-06,7.64823151,-27.08097924,0,0,0,11/10/2025 15:25
Monke,MONKE,1.56E-08,3.62662769,-8.4220265,0,0,0,11/10/2025 15:25
Croakey,CROAK,3.03E-06,5.78703682,8.48188296,0,0,0,11/10/2025 15:25
Tholana,THOL,1.41E-08,4.59310536,-0.51462503,0,0,0,11/10/2025 15:25
XBANKING,XB,0.002598609,0,-0.04288462,0,0,0,11/10/2025 15:25
Crodie,CRODIE,0.000147238,0.71778916,-5.19218559,0,0,0,11/10/2025 15:25
VOPO,VOPO,1.29E-09,0.06536942,-9.17359041,0,0,0,11/10/2025 15:25
Pedro The Raccoon,PEDRO,0.000387963,0.7582639,2.29931371,0,0,0,11/10/2025 15:25
BNB BUNNY,BNBBUNNY,5.13E-14,-2.64736218,-2.50369366,0,0,0,11/10/2025 15:25
Patton,PATTON,1.32E-07,6.81069126,-7.96717635,0,0,0,11/10/2025 15:25
SKI MASK PUP,SKIPUP,0.020601348,0,-7.67312174,0,0,0,11/10/2025 15:25
ROXY FROG,ROXY,2.47E-06,5.94424721,-0.41733438,0,0,0,11/10/2025 15:25
Human Intelligence Machine,HIM,0.000789004,6.05935216,-30.73727547,0,0,0,11/10/2025 15:25
Icrypex token,ICPX,0.358936252,7.45485575,-0.83307614,0,0,0,11/10/2025 15:25
JUSD Stable Token,JUSD,0.999776454,-0.0261373,-0.03234338,0,0,0,11/10/2025 15:25
WIF on ETH,WIF,9.35E-05,0.1583389,3.49716412,0,0,0,11/10/2025 15:25
IMARO,IMARO,0.000105189,0,-5.07595793,0,0,0,11/10/2025 15:25
Shiba Armstrong,SHIBA,2.73E-05,0,-8.97426136,0,0,0,11/10/2025 15:25
MOST Global,MOST,0.62227955,-0.15700972,5.39760277,0,0,0,11/10/2025 15:25
Shitcoin,SHIT,0.000672653,0.800234,-3.32328907,0,0,0,11/10/2025 15:25
Doomer,DOOMER,0.000335299,2.22665342,14.55081893,0,0,0,11/10/2025 15:25
real fast,SPEED,0.000275455,3.09749189,4.31958536,0,0,0,11/10/2025 15:25
Max Property,MPRO,0.010121916,-11.99863742,-18.07488274,0,0,0,11/10/2025 15:25
Law Of Attraction,LOA,0.000625879,10.11145484,9.17843653,0,0,0,11/10/2025 15:25
ScamPump,SCAM,0.005024455,0.08108136,0.10104527,0,0,0,11/10/2025 15:25
Jail Cat,CUFF,3.14E-05,0,-12.44202107,0,0,0,11/10/2025 15:25
DogWifNoHat,NOHAT,8.26E-05,0.32690982,0.05897561,0,0,0,11/10/2025 15:25
White Boy Summer,WBS,9.59E-05,5.77506923,-1.34822737,0,0,0,11/10/2025 15:25
Based USA,USA,8.45E-05,3.78980326,-12.42187244,0,0,0,11/10/2025 15:25
Papparico Finance,PPFT,1.29E-06,1.69340909,7.66130227,0,0,0,11/10/2025 15:25
CHEEPEPE,CHEEPEPE,0.000140227,-0.06831491,-0.54669236,0,0,0,11/10/2025 15:25
Nutcash,NCASH,0.006516931,-1.05908895,-7.9129845,0,0,0,11/10/2025 15:25
PROOF,PROOF,0.07596393,-1.95879812,-27.85742306,0,0,0,11/10/2025 15:25
Satoshi Stablecoin,SATS,0.001052882,0,-1.57144509,0,0,0,11/10/2025 15:25
PEPi,PEPI,11.31207707,0.3270521,-12.68290079,0,0,0,11/10/2025 15:25
Muzki,MUZKI,3.33E-05,2.47147217,-10.21738007,0,0,0,11/10/2025 15:25
Agentlauncher,CVAI,0.000575932,2.85960084,14.67143699,0,0,0,11/10/2025 15:25
BARRON,BARRON,7.83E-10,3.32186267,-2.05924321,0,0,0,11/10/2025 15:25
swap.coffee,CES,0.348398856,-3.25472249,-5.01561175,0,0,0,11/10/2025 15:25
XTV,XTV,0.00192897,6.48153184,-10.8332401,0,0,0,11/10/2025 15:25
GameStop (gamestopeth.io),GSTOP,1.84E-05,0,-12.97065631,0,0,0,11/10/2025 15:25
BNB OLYMPIC,BNBOLYMPIC,2.31E-14,-1.63055506,-0.86169761,0,0,0,11/10/2025 15:25
Zack Morris,ZACK,0.000120118,-0.09807788,-0.29754439,0,0,0,11/10/2025 15:25
Monkas,MONKAS,1.32E-07,0,-8.89836885,0,0,0,11/10/2025 15:25
ArgentinaCoin,ARG,0.000153987,7.4945201,36.14557025,0,0,0,11/10/2025 15:25
Midnight,NIGHT,4.83E-06,4.65254163,-2.67641682,0,0,0,11/10/2025 15:25
The Bitcoin Killa,KILLA,1.1697439,5.73477471,-4.90135511,0,0,0,11/10/2025 15:25
achi,ACHI,9.18E-05,2.10736631,-12.19221672,0,0,0,11/10/2025 15:25
TrumpBucks,BUCKS,1.11E-05,-10.13991552,-13.00828106,0,0,0,11/10/2025 15:25
Peanie,PEANIE,0.000184806,-7.1320086,-6.49778959,0,0,0,11/10/2025 15:25
Kekistan,KEK,3.65E-06,0.47887882,3.53264138,0,0,0,11/10/2025 15:25
Pambicoin,PAMBI,7.00E-05,3.91831295,-17.45756916,0,0,0,11/10/2025 15:25
Bubba,BUBBA,2.83E-05,1.95462275,-1.22210681,0,0,0,11/10/2025 15:25
Pepe,$PEPE,6.97E-11,4.26631263,2.18497092,0,0,0,11/10/2025 15:25
The Professor,LAB,3.59E-05,5.62673614,0.04414237,0,0,0,11/10/2025 15:25
CAT SYLVESTER,CAT,2.66E-14,-1.60854941,-27.45598628,0,0,0,11/10/2025 15:25
Apetardio,APETARDIO,8.14E-05,-0.01376607,-7.3162104,0,0,0,11/10/2025 15:25
CAT (SOL),CAT,0.000200088,0,0,0,0,0,11/10/2025 15:25
MAGA PEPE (SOL),MAGAPEPE,1.54E-12,-0.17608557,4.65656696,0,0,0,11/10/2025 15:25
Weirdo,WEIRDO,6.71E-06,0.17553323,-5.81091078,0,0,0,11/10/2025 15:25
Tour Billion,TBC,0.553880574,-0.02606561,-0.03248744,0,0,0,11/10/2025 15:25
MusCat,MUSCAT,1.17E-07,-1.24869884,1.0220143,0,0,0,11/10/2025 15:25
XAlpha AI,XALPHA,0.00135097,3.52324394,-4.97418705,0,0,0,11/10/2025 15:25
PEPE (SOL),PEPESOL,6.27E-05,4.47989523,-11.2097302,0,0,0,11/10/2025 15:25
TRUMP’S HAT,MAGA,4.97E-05,8.93661063,4.99436859,0,0,0,11/10/2025 15:25
Trump Pepe,PEPEMAGA,1.17E-14,2.51E-05,-10.09711671,0,0,0,11/10/2025 15:25
Anime (animeonbase.art),ANIME,1.71E-05,1.91178704,-3.88253697,0,0,0,11/10/2025 15:25
chipi,CHIPI,5.65E-05,1.93719012,-1.11008886,0,0,0,11/10/2025 15:25
SPURDO,SPURDO,0.000142545,1.60269605,-2.52438318,0,0,0,11/10/2025 15:25
Tuzki,TUZKI,1.31E-07,5.92669682,-11.06725334,0,0,0,11/10/2025 15:25
KABOSU,KABOSU,0.015349205,0,-15.71305406,0,0,0,11/10/2025 15:25
PAPA Trump,PPT,7.44E-08,6.79754585,-8.62928043,0,0,0,11/10/2025 15:25
EAGLE INU,EAGLE,4.41E-14,-2.96434472,-7.7768465,0,0,0,11/10/2025 15:25
SMIDGE,SMIDGE,5.22E-11,-1.00E-08,-15.61168693,0,0,0,11/10/2025 15:25
Crypto Journey,DADDY,0.026580746,2.48307994,0.02892204,0,0,0,11/10/2025 15:25
Mamba,MAMBA,3.75E-05,5.02419919,-8.64974325,0,0,0,11/10/2025 15:25
Marv,MARV,2.91E-10,5.07563497,-6.11944993,0,0,0,11/10/2025 15:25
Tonken 314 DAO,314DAO,32.62502362,0,2.10400809,0,0,0,11/10/2025 15:25
SNP adverse,SNPAD,0.011967855,-3.85508468,13.68773952,0,0,0,11/10/2025 15:25
Solana Classic,SCLASSIC,0.000281009,7.4525514,-12.15055395,0,0,0,11/10/2025 15:25
JEJE,JJ,5.16E-10,0.51731547,-1.30194335,0,0,0,11/10/2025 15:25
Bonke,BONKE,1.56E-05,5.99914321,-0.96818696,0,0,0,11/10/2025 15:25
based morning,BM,2.35E-05,5.00571497,-5.90533878,0,0,0,11/10/2025 15:25
APU GURL,APUGURL,5.41E-07,0,-4.04162795,0,0,0,11/10/2025 15:25
MikeAI,WAZ,4.40E-07,6.25689024,1.83274759,0,0,0,11/10/2025 15:25
AMERICAN EAGLE,EAGLE,4.28E-14,-1.13153192,1.01261737,0,0,0,11/10/2025 15:25
Peepo,PEPO,5.68E-07,0,-7.08520837,0,0,0,11/10/2025 15:25
macho,MACHO,2.10E-05,0,0,0,0,0,11/10/2025 15:25
WillyBumBum,BUM,8.24E-06,0.83119695,-2.35383944,0,0,0,11/10/2025 15:25
NeptuneX,NPTX,0.000117743,1.11160357,-8.02301273,0,0,0,11/10/2025 15:25
MAGA SHIB,MAGASHIB,1.05E-12,4.17388704,2.17049941,0,0,0,11/10/2025 15:25
batcat,BTC,2.96E-05,0,-17.91572511,0,0,0,11/10/2025 15:25
AMERICAN CAT,CAT,4.20E-14,0.09225736,0.61703136,0,0,0,11/10/2025 15:25
MAGA,MAGA,0.000991045,7.21429678,0.63557091,0,0,0,11/10/2025 15:25
TYBENG,TYBENG,2.33E-05,0,2.05032543,0,0,0,11/10/2025 15:25
BADCAT,BADCAT,1.60E-07,0,-5.98665487,0,0,0,11/10/2025 15:25
Shina Inu,SHIN,7.94E-10,0,-3.12185913,0,0,0,11/10/2025 15:25
DogeVerse,DOGEVERSE,4.23E-06,2.27753661,-0.5966035,0,0,0,11/10/2025 15:25
MAGA DOGE,MAGADOGE,9.83E-13,3.10691291,-0.00816967,0,0,0,11/10/2025 15:25
Elon Trump,ET,7.97E-08,0,508.3309442,0,0,0,11/10/2025 15:25
MAGA,TRUMP,0.001120102,2.82228264,0.89431297,0,0,0,11/10/2025 15:25
Mittens,MITTENS,0.000190516,-8.17047344,-19.74168072,0,0,0,11/10/2025 15:25
Hedgehog in the fog,HIF,0.000140287,-0.09060531,-9.2201036,0,0,0,11/10/2025 15:25
Caprisun Monkey,CAPRI,3.29E-05,0,-15.83723992,0,0,0,11/10/2025 15:25
Robotic Doge,DOGER,1.84E-07,-0.88595126,-1.1283048,0,0,0,11/10/2025 15:25
Peezy,PEEZY,1.73E-10,0,-6.75587617,0,0,0,11/10/2025 15:25
ICE LAND,ICELAND,5.56E-10,4.60231238,-12.74938456,0,0,0,11/10/2025 15:25
Penjamin Blinkerton,PEN,8.58E-08,-0.13281608,-3.12515644,0,0,0,11/10/2025 15:25
Biaoqing,BIAO,0.000145786,0,-1.74526992,0,0,0,11/10/2025 15:25
Anonymous,ANON,2.09E-05,6.05228461,2.64264768,0,0,0,11/10/2025 15:25
ZUSHI,ZUSHI,3.08E-05,0,0,0,0,0,11/10/2025 15:25
Chinese BRETT,CHRETT,0.000106595,2.24812626,-2.21634454,0,0,0,11/10/2025 15:25
Bretter Brett,BRETT,6.71E-07,0.47130421,-1.11791199,0,0,0,11/10/2025 15:25
Brianwifhat,BIF,3.91E-08,0.73145689,-7.43185458,0,0,0,11/10/2025 15:25
LandWu,LANDWU,2.78E-10,0,-0.74368159,0,0,0,11/10/2025 15:25
SWAP315,S315,0.012816482,-1.20335015,-10.75175434,0,0,0,11/10/2025 15:25
$TON Mixer,MIXER,0.000518779,2.52812421,10.1011848,0,0,0,11/10/2025 15:25
Abella Danger,ASS,4.19E-05,2.4303038,1.68988738,0,0,0,11/10/2025 15:25
NORMUS,NORMUS,1.90E-05,0,-7.9963988,0,0,0,11/10/2025 15:25
Blepe,BLEPE,1.93E-05,0,-28.12788773,0,0,0,11/10/2025 15:25
Bulei,BULEI,2.18E-07,2.72956353,-2.52652231,0,0,0,11/10/2025 15:25
Didi Duck,DIDID,0.000138321,0,-9.71392619,0,0,0,11/10/2025 15:25
Davinci Jeremie,DVINCI,2.39E-05,0.07885129,-11.78818045,0,0,0,11/10/2025 15:25
Robin,ROBIN,3.71E-07,4.69287272,6.20227178,0,0,0,11/10/2025 15:25
Moge,MOGE,9.59E-11,8.40300016,-4.45174582,0,0,0,11/10/2025 15:25
The Resistance Cat,RECA,0.016448166,-2.14631897,-18.00789154,0,0,0,11/10/2025 15:25
Frog,FROG,1.88E-07,-1.56356329,-10.11948459,0,0,0,11/10/2025 15:25
GigaChad (gigachad.com),GIGACHAD,6.32E-10,0,-0.03538069,0,0,0,11/10/2025 15:25
Phecda,PCD,0.001769563,-0.25102046,-2.35887159,0,0,0,11/10/2025 15:25
CRYPTON,CRYPTON,0.101984594,-1.03376981,-1.93001784,0,0,0,11/10/2025 15:25
Sol Beats,BEATS,2.90E-05,0,0,0,0,0,11/10/2025 15:25
Based Father Pepe,FPEPE,2.07E-05,9.0731412,-8.22613053,0,0,0,11/10/2025 15:25
Chippy,CHIPPY,1.20E-05,0,0,0,0,0,11/10/2025 15:25
Pola On Base,POLA,3.52E-05,3.78507383,-1.43313055,0,0,0,11/10/2025 15:25
Donald Trump Jr.,$DTJR,4.01E-05,4.01648433,-1.22214726,0,0,0,11/10/2025 15:25
Salt Bae For The People,SBAE,6.00E-05,0,-10.4710993,0,0,0,11/10/2025 15:25
EaveAI,EAVE,0.004191924,0,-3.34226834,0,0,0,11/10/2025 15:25
Flappy,FLAPPY,2.27E-07,2.23410511,-6.99973863,0,0,0,11/10/2025 15:25
ETHEREUM ON BASE,ETHB,0.06953196,-2.17079983,-8.41752588,0,0,0,11/10/2025 15:25
Waka Flocka,FLOCKA,0.000617845,7.62940042,-15.68492075,0,0,0,11/10/2025 15:25
NGMI,NGMI,1.44E-05,0,-21.99372528,0,0,0,11/10/2025 15:25
Brett's cat,BALT,6.63E-05,1.84330335,-13.68213273,0,0,0,11/10/2025 15:25
Maganomics,MAGANOMICS,2.07E-07,2.19774973,-9.66587654,0,0,0,11/10/2025 15:25
Chuan Pu,CHUANPU,2.98E-05,0,-26.42175042,0,0,0,11/10/2025 15:25
Neuracat,NCAT,1.31E-07,9.3574378,-7.04311783,0,0,0,11/10/2025 15:25
Flying Avocado Cat,FAC,0.03436044,-0.64618515,-16.87559568,0,0,0,11/10/2025 15:25
WHISKEY,WHISKEY,0.003290508,1.0073267,-1.47179411,0,0,0,11/10/2025 15:25
Chinese Doge Wow,$CHIDO,0.000582002,-4.13573506,-18.14410623,0,0,0,11/10/2025 15:25
Polite Cat,POCAT,2.97E-05,7.53643423,-3.2026494,0,0,0,11/10/2025 15:25
Chinese Andy,ANDWU,9.17E-10,4.72400793,-0.70900475,0,0,0,11/10/2025 15:25
Scrat,SCRAT,0.001087741,0,-7.61099368,0,0,0,11/10/2025 15:25
Reental,RNT,0.180865915,-0.49612939,-0.35926466,0,0,0,11/10/2025 15:25
ANDY (BSC),ANDY,9.13E-07,-1.42514582,-1.08874136,0,0,0,11/10/2025 15:25
Zeus (zeuspepesdog.vip),ZEUS,0.017155742,67.14307111,6.92992095,0,0,0,11/10/2025 15:25
Bucky,BUCKY,2.26E-07,2.41220374,2.3886071,0,0,0,11/10/2025 15:25
Euro 20,ETT,0.042398256,36.08202444,11.76929595,0,0,0,11/10/2025 15:25
Royal Finance Coin,RFC,0.000666353,5.30465887,-7.03807952,0,0,0,11/10/2025 15:25
SOL ETF,SOLETF,1.17E-12,-7.49197662,-0.22893626,0,0,0,11/10/2025 15:25
OG Mickey,MICKEY,9.28E-05,0,-10.80293672,0,0,0,11/10/2025 15:25
Memes Make It Possible,MMIP,3.26E-05,0.9368645,-6.86275272,0,0,0,11/10/2025 15:25
Boggy Coin,BOGGY,0.000119921,-0.18899879,2.57397828,0,0,0,11/10/2025 15:25
Marvin on Base,MOB,2.61E-08,6.01974154,-7.40608377,0,0,0,11/10/2025 15:25
Peplo Escobar,PEPLO,3.40E-05,0,-11.79916004,0,0,0,11/10/2025 15:25
Jason Derulo,JASON,8.76E-05,0.49648405,4.60719452,0,0,0,11/10/2025 15:25
Dynamic Crypto Index,DCI,10078.22912,2.18515164,1.34662689,0,0,0,11/10/2025 15:25
bicho,BICHO,5.22E-05,4.505836,-9.99607265,0,0,0,11/10/2025 15:25
rexwifhat,REXHAT,0.000179905,14.78547679,5.15451731,0,0,0,11/10/2025 15:25
Gentleman,MAN,0.000161041,-1.82979805,32.71661202,0,0,0,11/10/2025 15:25
Bitcoin Cash on Base,BCHB,0.004630873,-0.30140176,-10.90571296,0,0,0,11/10/2025 15:25
LumiChill,CHILL,1.94E-09,0.23007014,-12.92040568,0,0,0,11/10/2025 15:25
Peon,PEON,1.84E-13,4.83378317,-8.63434029,0,0,0,11/10/2025 15:25
Big Bud,BUD,7.82E-11,3.0915733,-11.21992491,0,0,0,11/10/2025 15:25
OilX Token,OILX,62.44890893,0.30918177,-1.00291288,0,0,0,11/10/2025 15:25
Silver Token,XAGX,50.41104688,4.10129209,4.77512469,0,0,0,11/10/2025 15:25
Towelie,TOWELI,8.93E-05,1.0309267,-11.47432651,0,0,0,11/10/2025 15:25
Matt Furie's Mellow Man,MELLOW,0.002547149,0,-8.78485213,0,0,0,11/10/2025 15:25
Mini Donald,BARRON,0.000159628,0,-8.23392786,0,0,0,11/10/2025 15:25
LANDLORD RONALD,$LANDLORD,0.000100849,3.62913045,0.82241107,0,0,0,11/10/2025 15:25
Mobile Liquidity,MOLI,0.01411845,-2.18921052,21.13341948,0,0,0,11/10/2025 15:25
Barron Trump,BARRON,3.07E-13,5.40478574,-4.20531692,0,0,0,11/10/2025 15:25
SNAKE,SNK,0.01760658,0,-3.2073993,0,0,0,11/10/2025 15:25
Stryke,SYK,0.030924271,0,-6.13537211,0,0,0,11/10/2025 15:25
Gnomy,GNOMY,4.77E-06,0,0,0,0,0,11/10/2025 15:25
Wrapped BONE,WBONE,0.115378833,-2.9077994,25.6034205,0,0,0,11/10/2025 15:25
CATLOKI,CLOKI,7.14E-05,1.25108379,4.0652722,0,0,0,11/10/2025 15:25
Andy,ANDY,4.85E-06,-3.05033068,-9.25844053,0,0,0,11/10/2025 15:25
Maga Pepe,MAPE,1.03E-07,5.84201384,-7.4886259,0,0,0,11/10/2025 15:25
DEGA,DEGA,1.16E-05,12.93066946,4.20671584,0,0,0,11/10/2025 15:25
ZEXY,ZEXY,1.52E-05,2.26901601,-15.96508414,0,0,0,11/10/2025 15:25
Touch Grass,GRASS,6.33E-05,0.13569532,-3.10532316,0,0,0,11/10/2025 15:25
JD Vance,VANCE,4.15E-06,-0.6611701,-7.48334697,0,0,0,11/10/2025 15:25
PepeBull,BEEF,3.35E-10,2.3972943,-3.02321273,0,0,0,11/10/2025 15:25
Bullish Trump Coin,BTC,5.66E-08,12.49643015,3.57485335,0,0,0,11/10/2025 15:25
Catson,CAT,6.98E-05,1.61059629,-7.41534881,0,0,0,11/10/2025 15:25
Rizz,RIZZ,0.000246126,4.93836084,0.97938662,0,0,0,11/10/2025 15:25
Baby PeiPei,BABYPEIPEI,1.86E-11,-7.14433523,-34.47354558,0,0,0,11/10/2025 15:25
CLYDE,GUZUTA,9.19E-11,0.74429594,8.9831301,0,0,0,11/10/2025 15:25
WYZth,WYZ,0.000100046,0,0,0,0,0,11/10/2025 15:25
Rare Pepe,RARE,6.78E-08,0,0,0,0,0,11/10/2025 15:25
Lunarlens coin,LUNARLENS,0.000190198,6.55361353,-0.62577131,0,0,0,11/10/2025 15:25
JVault,JVT,0.07176202,0.66893505,4.6852331,0,0,0,11/10/2025 15:25
mao,MAO,3.69E-05,2.30800414,-11.553472,0,0,0,11/10/2025 15:25
Based Rabbit,RABBIT,3.80E-05,2.68249499,18.44701954,0,0,0,11/10/2025 15:25
American pepe,USPEPE,1.22E-10,0,-12.6070481,0,0,0,11/10/2025 15:25
Solana Poker,PLAY,0.00854398,3.35737595,2.79189186,0,0,0,11/10/2025 15:25
Kamala Horris,KAMA,9.78E-05,-1.02291752,14.47503894,0,0,0,11/10/2025 15:25
Simpson Predictions,SIMPSON,1.92E-13,4.11888721,6.66215611,0,0,0,11/10/2025 15:25
This Is My Iguana,TIMI,0.000139569,-1.57241528,-17.70489642,0,0,0,11/10/2025 15:25
Thomas,DANK,1.14E-06,0,-8.64722156,0,0,0,11/10/2025 15:25
Kamala Harris (kamalaharristoken.xyz),HARRIS,1.74E-07,2.3047979,-7.74097987,0,0,0,11/10/2025 15:25
bullish,BULLISH,2.71E-05,5.60145857,-9.61288432,0,0,0,11/10/2025 15:25
XGold,XGD,35.42335189,-0.55913531,-1.56427842,0,0,0,11/10/2025 15:25
Baby Neiro 2024,BABYNEIRO,3.33E-13,6.74085259,-4.40967073,0,0,0,11/10/2025 15:25
DRIP,DRIP,0.005165962,3.00017291,-13.08816638,0,0,0,11/10/2025 15:25
Silver Standard,BARS,0.033945364,0,-15.28798702,0,0,0,11/10/2025 15:25
Buttercat,BUTT,1.56E-05,0,-14.53533399,0,0,0,11/10/2025 15:25
Dollar,DOLLAR,8.13E-05,2.48446835,-1.81536733,0,0,0,11/10/2025 15:25
Good Morning!,GM,0.000138284,2.21283838,-4.72580584,0,0,0,11/10/2025 15:25
Snibbu The Crab,SNIBBU,1.10E-08,0.83577724,-10.33008889,0,0,0,11/10/2025 15:25
Criptodólar,UXD,0.99980817,0,0,0,0,0,11/10/2025 15:25
Pankito,PAN,0.000409657,-0.63729344,-1.83588532,0,0,0,11/10/2025 15:25
Bobo The Bear,BOBO,2.61E-08,6.21270902,-1.28077791,0,0,0,11/10/2025 15:25
xRocket,XROCK,0.01390152,1.16628757,-7.31840877,0,0,0,11/10/2025 15:25
Cheese,CHEESE,0.000175366,1.30797471,-7.72252449,0,0,0,11/10/2025 15:25
Fanton,FTON,5.84E-05,-12.45533735,-22.73317487,0,0,0,11/10/2025 15:25
Dodo the Black Swan,DODO,1.48E-08,7.44855199,-8.86667447,0,0,0,11/10/2025 15:25
LOAFCAT,LOAFCAT,7.31E-06,0.54942486,-10.31649929,0,0,0,11/10/2025 15:25
Ken,KEN,7.50E-05,0,-20.43681516,0,0,0,11/10/2025 15:25
HYDRA,HYDRA,0.446696521,0.14900022,2.87658471,0,0,0,11/10/2025 15:25
Resistance Girl,REGI,0.000850152,-0.74184854,-10.31129727,0,0,0,11/10/2025 15:25
TIGER,TIGER,4.18E-06,0,2.94871117,0,0,0,11/10/2025 15:25
TRUMP MAGA PRESIDENT,TRUMP,5.15E-09,-0.96759897,0.07769848,0,0,0,11/10/2025 15:25
UE Coin,UE,0.003316214,-2.4965631,1.36095378,0,0,0,11/10/2025 15:25
N64,N64,0.000752975,2.40577503,-4.8267101,0,0,0,11/10/2025 15:25
Wiener AI,WAI,5.00E-06,-0.3370361,-17.48217235,0,0,0,11/10/2025 15:25
Cat Life,CATLIFE,5.24E-06,-0.95571064,3.02221452,0,0,0,11/10/2025 15:25
Coconut,COCONUT,1.98E-05,-3.00694172,-22.0418559,0,0,0,11/10/2025 15:25
Pooku,$POOKU,1.52E-05,5.33443092,-12.15242541,0,0,0,11/10/2025 15:25
99 Bitcoins,99BTC,7.75E-06,8.02E-06,-18.04784628,0,0,0,11/10/2025 15:25
SAINO,SIO,1.00E-05,0,0,0,0,0,11/10/2025 15:25
Restore The Republic,RTR,0.001312217,3.34335423,-1.54984818,0,0,0,11/10/2025 15:25
Diamond Castle,DMCK,0.000237231,0,1196.528216,0,0,0,11/10/2025 15:25
Matrix One,MATRIX,1.29E-05,-4.42047427,-26.6854669,0,0,0,11/10/2025 15:25
MoveMoney USD,MOVEUSD,0.993890238,-0.01818208,-0.18880509,0,0,0,11/10/2025 15:25
Banana Tape Wall,BTW,9.09E-05,0.77993434,1.28296151,0,0,0,11/10/2025 15:25
SoMon,OWO,0.001291531,0,-9.77313031,0,0,0,11/10/2025 15:25
Rage Trade,RAGE,0.000799896,0,0,0,0,0,11/10/2025 15:25
Batonex Token,BTX,0.073836886,-1.02658215,0.81469355,0,0,0,11/10/2025 15:25
GUA,GUA,1.17E-05,4.03201224,-12.19777059,0,0,0,11/10/2025 15:25
Gou,GOU,8.66E-05,0,-13.96359021,0,0,0,11/10/2025 15:25
Kelp DAO's Airdrop Gain ETH,AGETH,3764.890251,5.07269724,3.06770671,0,0,0,11/10/2025 15:25
Kolt,KOLT,2.24E-05,5.6810083,0.0835955,0,0,0,11/10/2025 15:25
Coinbidex,CBE,2.21E-08,-0.89185016,-1.41576914,0,0,0,11/10/2025 15:25
Colon,COLON,0.000106499,6.00173331,-5.36491593,0,0,0,11/10/2025 15:25
Baby Neiro (ERC20),BABYNEIRO,1.26E-10,4.09339301,-3.93743678,0,0,0,11/10/2025 15:25
TieDan,TIEDAN,5.75E-05,0,-2.0705741,0,0,0,11/10/2025 15:25
snake,SNAKE,323.0005539,0,-0.00745643,0,0,0,11/10/2025 15:25
Wrapped zkCRO,wzkCRO,0.132336708,3.72769899,2.86778019,0,0,0,11/10/2025 15:25
DOGS Solana,DOGS,9.65E-14,3.74730826,-9.34941545,0,0,0,11/10/2025 15:25
MIRAI,MIRAI,0.000191004,-17.56739417,-24.97655009,0,0,0,11/10/2025 15:25
Autonomous Secure Dollar,USSD,1.000540864,0.01253819,0.26470947,0,0,0,11/10/2025 15:25
BlastUP,BLASTUP,0.00022195,0,-3.9729306,0,0,0,11/10/2025 15:25
Binancedog,BINANCEDOG,0.000132501,-1.45590226,-0.78872627,0,0,0,11/10/2025 15:25
Fuel,FUELX,3.60E-05,8.26083816,-4.96704701,0,0,0,11/10/2025 15:25
Sungou,SUNGOU,2.14E-05,2.65265684,0.00146681,0,0,0,11/10/2025 15:25
Diablo IV Solana,DIABLO,5.38E-14,-3.75E-06,-12.56232828,0,0,0,11/10/2025 15:25
DOGS SOL,DOGS,7.56E-09,0,0,0,0,0,11/10/2025 15:25
CRAZY TRUMP,TRUMP,5.34E-06,0.64018948,0.43192036,0,0,0,11/10/2025 15:25
BBC,BBC,0.001147702,-0.78397382,-1.98930011,0,0,0,11/10/2025 15:25
BaseCTO,CTO,2.63E-05,0.47931168,-14.82534483,0,0,0,11/10/2025 15:25
r/snoofi,R/SNOOFI,0.000223307,0.91660096,2.66672948,0,0,0,11/10/2025 15:25
Crosswalk,CSW,1.24E-05,3.80108971,-14.65461597,0,0,0,11/10/2025 15:25
FILLiquid,FIG,0.002960067,-3.34639057,26.06501661,0,0,0,11/10/2025 15:25
FINANCIAL TRANSACTION SYSTEM,FTS,0.002155541,0.00669086,0.00369935,0,0,0,11/10/2025 15:25
Bitcoin Dogs,0DOG,4.54E-06,0,0.12888352,0,0,0,11/10/2025 15:25
Shitcoin (SOL),SHIT,7.60E-05,5.57595649,1.14290227,0,0,0,11/10/2025 15:25
BNBcat,BNBCAT,5.69E-05,0,-0.03339744,0,0,0,11/10/2025 15:25
TRUMP MAGA SUPER,TRUMP,2.05E-05,0.99278905,-0.05789495,0,0,0,11/10/2025 15:25
Kage Network,KAGE,0.001657502,-0.13127074,-7.88386893,0,0,0,11/10/2025 15:25
Pika,PIKA,0.000199905,0,-0.12265958,0,0,0,11/10/2025 15:25
WUKONG,WUKONG,8.95E-14,-0.19196829,0.24609896,0,0,0,11/10/2025 15:25
TurboX,TBX,0.061223047,-1.90083324,-3.57077491,0,0,0,11/10/2025 15:25
SEXY PEPE,PEPE,0.000286998,1.40535761,2.63179699,0,0,0,11/10/2025 15:25
Neiro on Tron,NEIRO,2.20E-05,0,0,0,0,0,11/10/2025 15:25
Bwull,BWULL,1.83E-05,0,-20.21782076,0,0,0,11/10/2025 15:25
LUCI,LUCI,0.00036757,6.71852442,-2.19202556,0,0,0,11/10/2025 15:25
SunWukong,SUNWUKONG,0.000395273,1.64558449,3.09812546,0,0,0,11/10/2025 15:25
MicroDoge,MICRODOGE,1.20E-14,-1.12918988,-9.0517069,0,0,0,11/10/2025 15:25
Deebo the Bear,DEEBO,2.87E-05,5.26243737,0.19420274,0,0,0,11/10/2025 15:25
World Liberty Financial (wlfi.club),WLFI,6.83E-13,-2.24241765,-1.41711741,0,0,0,11/10/2025 15:25
My Dog Is The DEV,DEV,7.09E-05,0,-18.49678637,0,0,0,11/10/2025 15:25
World Liberty Financial (worldlibertycto.vip),WLF,7.64E-12,4.6627864,-1.35408519,0,0,0,11/10/2025 15:25
MOG CAT,MOG,1.80E-05,0,0,0,0,0,11/10/2025 15:25
Catalorian (CatalorianOGETH),CATALORIAN,0.000217819,-3.70629421,-8.72779778,0,0,0,11/10/2025 15:25
World Liberty Financial (wlfi.site),WLFI,1.11E-13,8.90E-07,-36.53760683,0,0,0,11/10/2025 15:25
Simon's Baby Cat,SCAT,7.08E-06,0,-14.62970069,0,0,0,11/10/2025 15:25
World Liberty Financial (wlfi.one),WLFI,2.37E-05,6.82289607,-8.38700721,0,0,0,11/10/2025 15:25
S.D.O.G.E,SDOGE,2.99E-05,0,0,0,0,0,11/10/2025 15:25
Unseen,UNCN,0.319029902,-0.69834759,0.06986466,0,0,0,11/10/2025 15:25
Baby PeiPei (babypeipeicoin.com),BABYPEIPEI,3.56E-08,3.40717379,-12.35587267,0,0,0,11/10/2025 15:25
Ginnan Doge's Brother,GINNAN,5.47E-07,0,-10.69295165,0,0,0,11/10/2025 15:25
Liquor,$LIQ,4.72E-07,1.1464179,6.04134471,0,0,0,11/10/2025 15:25
Cockfight Network,CFN,0.032305244,0.02984299,-6.07605054,0,0,0,11/10/2025 15:25
Crypto Burger,BURGER,8.67E-08,0,-11.18297213,0,0,0,11/10/2025 15:25
Lufina,FINA,0.000119947,0,-85.1903578,0,0,0,11/10/2025 15:25
Solana Wolf Pack,SWP,0.000429138,-9.87958342,-23.44106058,0,0,0,11/10/2025 15:25
Matrix SmartChain,MSC,0.050016429,0,0,0,0,0,11/10/2025 15:25
Anatolia Token,ANDX,6.63E-07,0.72083253,-12.67823937,0,0,0,11/10/2025 15:25
Dedium,DEDI,0.005507789,7.6525841,1.67908947,0,0,0,11/10/2025 15:25
Aguri-Chan,AGURI,2.15E-07,2.72142631,-7.77457859,0,0,0,11/10/2025 15:25
I MADE IT UP,SOURCE,8.73E-05,15.51313797,0.63523053,0,0,0,11/10/2025 15:25
ANDYMAN,ANDYMAN,0.000269839,0.84666931,-20.08622976,0,0,0,11/10/2025 15:25
Isabelle,BELLE,1.54E-05,0,-17.111116,0,0,0,11/10/2025 15:25
Dogs of Elon,DOE,0.000120651,5.33559034,0.00149277,0,0,0,11/10/2025 15:25
MOONBIX MEME,MOONBIX,1.72E-14,0.73672848,-8.38732777,0,0,0,11/10/2025 15:25
Sage,SAGE,0.000325743,0,-13.96579321,0,0,0,11/10/2025 15:25
Elon's First Dog,GATSBY,2.78E-08,0,-12.0724613,0,0,0,11/10/2025 15:25
Marvin Inu (ETH),MARVIN,6.20E-07,1.93987512,-1.37394949,0,0,0,11/10/2025 15:25
Chengpang Zhoa,ZHOA,0.000103521,-0.4458368,-2.8057611,0,0,0,11/10/2025 15:25
Fist Trump Pump,FTP,0.036730965,4.89860026,0.71098516,0,0,0,11/10/2025 15:25
melo,MELO,9.33E-08,4.78496909,-7.56357405,0,0,0,11/10/2025 15:25
Monkey Pox,POX,0.002545622,6.40317874,1.23711248,0,0,0,11/10/2025 15:25
CHANGPENG ZHAO (changpengzhao.club),CZ,7.63E-14,4.20796845,0.6172701,0,0,0,11/10/2025 15:25
Department Of Government Efficiency,D.O.G.E,8.07E-07,17.66687843,6.98984318,0,0,0,11/10/2025 15:25
Terminus,TERMINUS,1.60E-07,4.16688678,-4.72419932,0,0,0,11/10/2025 15:25
Dogei,DOGEI,7.94E-08,-3.09960303,-15.15408154,0,0,0,11/10/2025 15:25
Capy coin,CAPY,2.76E-05,-0.02931353,-5.65866256,0,0,0,11/10/2025 15:25
BitBonk,BBONK,3.39E-06,-1.43980088,-7.55469874,0,0,0,11/10/2025 15:25
FLOOS,FLS,0.000123368,0,-2.72870146,0,0,0,11/10/2025 15:25
YieldStone,YIELD,0.000722261,2.39438051,-7.64000857,0,0,0,11/10/2025 15:25
Suiba Inu,SUIB,3.60E-05,-1.25536878,13.2187483,0,0,0,11/10/2025 15:25
Mei Solutions,MEI,0.001501553,0,0,0,0,0,11/10/2025 15:25
Doggo (doggocto.com),DOGGO,3.11E-07,4.14723988,-3.38050116,0,0,0,11/10/2025 15:25
Baby Moo Deng,BABYDENG,2.25E-05,1.34025269,-11.27621318,0,0,0,11/10/2025 15:25
SASHA CAT,SASHA,5.77E-14,3.63173703,-9.72446359,0,0,0,11/10/2025 15:25
Suiman,SUIMAN,3.68E-05,3.89413946,-10.71455007,0,0,0,11/10/2025 15:25
ESTEE,ESTEE,5.03E-07,-1.89164586,-13.23505588,0,0,0,11/10/2025 15:25
Cheeseball,CB,6.92E-05,5.46326002,-7.39974697,0,0,0,11/10/2025 15:25
CSI888,CSI,0.000122348,-0.01249534,22.04560818,0,0,0,11/10/2025 15:25
Suinami,NAMI,3.62E-06,-1.01127319,6.37215475,0,0,0,11/10/2025 15:25
Leper,LEPER,1.85E-05,6.14504932,-4.87685646,0,0,0,11/10/2025 15:25
Robotaxi,TAXI,0.005216162,0,-3.11787723,0,0,0,11/10/2025 15:25
Control Token,CTRL,0.000321886,2.63656101,-5.52316603,0,0,0,11/10/2025 15:25
Doggo Inu,DOGGO,1.39E-10,0,-3.14210248,0,0,0,11/10/2025 15:25
US Degen Index 6900,DXY,0.00063649,6.49633544,20.14496935,0,0,0,11/10/2025 15:25
Hawk,HAWK,8.31E-05,0.5078687,-6.82290671,0,0,0,11/10/2025 15:25
Pochita (pochita-eth),POCHITA,1.03E-07,0,-20.31164251,0,0,0,11/10/2025 15:25
ROBOTAXI,ROBOTAXI,3.74E-14,2.73324481,2.50166077,0,0,0,11/10/2025 15:25
ETFSwap,ETFS,0.000311838,2.40283631,3.86391656,0,0,0,11/10/2025 15:25
COCOCOIN,COCO,5.03E-06,-1.3400443,-62.71751293,0,0,0,11/10/2025 15:25
Smiling Dolphin(miharucto.com),MIHARU,0.000211409,0,-11.63879643,0,0,0,11/10/2025 15:25
Popo The Frog,FROP,6.59E-07,0,-9.40577988,0,0,0,11/10/2025 15:25
BABY NEIRO,BABY NEIRO,6.18E-06,-7.65073329,5.79200658,0,0,0,11/10/2025 15:25
ITO,ITO,1.99E-07,5.5832879,0.6964072,0,0,0,11/10/2025 15:25
Atua AI,TUA,1.05E-05,-11.61897364,1.34189703,0,0,0,11/10/2025 15:25
NeiroWifHat,NEIROH,1.64E-05,-2.95594699,-18.55642554,0,0,0,11/10/2025 15:25
TSLA6900,TSLA,5.99E-08,0,-10.71786496,0,0,0,11/10/2025 15:25
BRAINROT,ROT,7.10E-05,0.93721878,-8.73402509,0,0,0,11/10/2025 15:25
America Pac,PAC,0.000150272,0,-11.34852705,0,0,0,11/10/2025 15:25
World Liberty Financial (wlfi.space),WLFI,1.84E-13,-2.65E-06,-32.64756579,0,0,0,11/10/2025 15:25
MEDUSA (medusaonsol.xyz),MEDUSA,5.64E-05,1.62913332,0.93926229,0,0,0,11/10/2025 15:25
KabosuCoin (ERC),KABOSU,1.25E-07,0,-10.73867898,0,0,0,11/10/2025 15:25
Dogefather,DOGEFATHER,2.15E-13,5.04215783,2.80720652,0,0,0,11/10/2025 15:25
Sharki,SHARKI,1.87E-05,-4.52356042,-6.82696868,0,0,0,11/10/2025 15:25
DARK MAGA (darkmagacoin.com),DMAGA,2.42E-07,0,-10.99236595,0,0,0,11/10/2025 15:25
HedgeFi,HEDGE,0.000524342,16.54445351,2.80858449,0,0,0,11/10/2025 15:25
Bog Coin,BOG,1.91E-10,0,-28.73869663,0,0,0,11/10/2025 15:25
Rino,RINO,1.09E-11,1.88622645,-10.76977841,0,0,0,11/10/2025 15:25
World Liberty Financial(worldliberty.icu),WLFI,2.82E-11,0,-8.98328851,0,0,0,11/10/2025 15:25
Sanin,SANIN,1.01E-07,0,-14.14349272,0,0,0,11/10/2025 15:25
FWOG,FWOG,1.40E-10,0.99601244,-3.17418463,0,0,0,11/10/2025 15:25
Cortensor,COR,0.009098949,5.31631132,29.11080632,0,0,0,11/10/2025 15:25
Uranus,URS,6.34E-05,-2.40003423,2.5734897,0,0,0,11/10/2025 15:25
MrBeast,BEAST,0.008472228,-0.29571098,-3.07481814,0,0,0,11/10/2025 15:25
PONK,PONK,2.25E-05,0,-13.77207736,0,0,0,11/10/2025 15:25
khaokheowzoo,KHEOWZOO,3.38E-05,2.57314069,-10.64438616,0,0,0,11/10/2025 15:25
BABY HIPPO,BABYHIPPO,1.56E-14,-0.15032949,-11.87535231,0,0,0,11/10/2025 15:25
Wrapped  AyeAyeCoin,WAAC,0.66842849,11.87831223,24.26920663,0,0,0,11/10/2025 15:25
DOGAI,DOGAI,0.000331347,0.97622554,-48.3851766,0,0,0,11/10/2025 15:25
GOATSE,GOATSE,8.35E-14,0.07707063,-8.09315061,0,0,0,11/10/2025 15:25
DOGE on Solana,SDOGE,5.42E-05,1.20373973,-0.54107724,0,0,0,11/10/2025 15:25
Bro the cat,BRO,7.50E-05,4.19042017,-4.26031447,0,0,0,11/10/2025 15:25
Miners.Club,MBC,0.000197831,-1.3402848,-12.04646636,0,0,0,11/10/2025 15:25
Twin Protocol,TWIN,0.000741007,5.59885637,-9.03332818,0,0,0,11/10/2025 15:25
King Neiro,KINGNEIRO,7.56E-15,-1.18594829,10.60646153,0,0,0,11/10/2025 15:25
Moo Deng (moodeng.sbs),MOODENG,1.51E-05,783.138461,-67.38227177,0,0,0,11/10/2025 15:25
Clap Cat,CLAP,7.65E-06,4.60443502,-11.88376977,0,0,0,11/10/2025 15:25
Golden Dog,DOGS,9.32E-10,0,-23.85588525,0,0,0,11/10/2025 15:25
Bog,BOG,1.55E-11,0.66724245,-8.57829204,0,0,0,11/10/2025 15:25
Mega Dice Casino,$DICE,0.000417961,-7.32388515,-28.34142658,0,0,0,11/10/2025 15:25
SPX6900 2.0,SPX2.0,0.000274534,0.65657612,-2.91285662,0,0,0,11/10/2025 15:25
Mikawa Inu,SHIKOKU,7.60E-11,2.53943203,-0.80223644,0,0,0,11/10/2025 15:25
Wolf Skull,SKULL,4.22E-08,0,-23.87262526,0,0,0,11/10/2025 15:25
Poupe,POUPE,2.56E-06,0,-6.26049819,0,0,0,11/10/2025 15:25
Blynex,BX,4.10E-06,0.71860189,10.84484329,0,0,0,11/10/2025 15:25
HOOT,HOOT,1.17E-05,0,-17.32796619,0,0,0,11/10/2025 15:25
Grimace,GRIMACE,4.95E-08,0,-6.92930029,0,0,0,11/10/2025 15:25
Chiba,CHIB,2.85E-07,0,-14.91114655,0,0,0,11/10/2025 15:25
HALLOWEEN,HALLOWEEN,6.25E-14,0.23748805,-16.4648043,0,0,0,11/10/2025 15:25
Miharu The Smiling Dolphin,$MIHARU,1.56E-05,0,-9.42589681,0,0,0,11/10/2025 15:25
Chasm,CAI,0.01076765,5.69122854,-4.57340771,0,0,0,11/10/2025 15:25
OCADA.AI,OCADA,0.000702932,3.3611074,-6.32056222,0,0,0,11/10/2025 15:25
Oggie,OGGIE,0.000126762,-2.17386995,12.04731063,0,0,0,11/10/2025 15:25
Pnut,PNUT,0.00035444,6.46767202,-12.72207804,0,0,0,11/10/2025 15:25
suwi,SUWI,5.80E-05,6.07593553,-4.98689892,0,0,0,11/10/2025 15:25
earl,EARL,5.84E-05,5.31370737,-3.03145389,0,0,0,11/10/2025 15:25
Baby Wen,BWEN,0.000725777,5.84820297,-12.04653185,0,0,0,11/10/2025 15:25
Goatseus Maximus (goatseusmaximuseth.lol),GOAT,9.04E-07,3.20292977,-1.96536734,0,0,0,11/10/2025 15:25
Top,TOP,0.016242444,0,-2.42190233,0,0,0,11/10/2025 15:25
Wicked,WICKED,8.96E-05,-1.29101997,-16.49624472,0,0,0,11/10/2025 15:25
Literally Me,ME,4.42E-05,8.05330748,1.32861382,0,0,0,11/10/2025 15:25
SpinnerCoin,SPN,0.005804013,0,1.51813455,0,0,0,11/10/2025 15:25
BTFD COIN,BTFD,1.07E-06,-1.32983726,-0.48507122,0,0,0,11/10/2025 15:25
Abi,ABI,1.03E-05,0.57606197,4.99602075,0,0,0,11/10/2025 15:25
Legacy Media Killer,X,0.001469948,5.67835526,-5.4145408,0,0,0,11/10/2025 15:25
Bitcat,BTCAT,2.58E-05,0,-6.32389824,0,0,0,11/10/2025 15:25
Bandit on Base,BANDIT,4.96E-06,4.91814449,-1.12494894,0,0,0,11/10/2025 15:25
ARMY,ARMY,1.07E-05,0,-13.46377459,0,0,0,11/10/2025 15:25
Melon Dog,MELON,0.000200982,4.23708323,-11.12011397,0,0,0,11/10/2025 15:25
TRUMP X,TRUMPX,1.60E-13,5.03831712,1.87901464,0,0,0,11/10/2025 15:25
Strategic Hub for Innovation in Blockchain,SHIB,0.00019805,6.80558861,-9.76596139,0,0,0,11/10/2025 15:25
Weird Medieval Memes,WMM,0.00012117,1.16891056,-0.2480134,0,0,0,11/10/2025 15:25
ALP,ALP,1.87E-05,0,-12.69542595,0,0,0,11/10/2025 15:25
42DAO,FTD,0.035986925,-17.8412879,-33.19682495,0,0,0,11/10/2025 15:25
SadCat,SAD,0.00016498,0.46445877,31.78043094,0,0,0,11/10/2025 15:25
Based Hoppy,HOPPY,5.99E-05,-30.57715419,-43.44030164,0,0,0,11/10/2025 15:25
Degen Danny,DANNY,1.55E-05,1.39596464,-1.68793211,0,0,0,11/10/2025 15:25
Shork,SHORK,1.00E-06,0,0,0,0,0,11/10/2025 15:25
Peanut the Squirrel on Ethereum,PNUT,0.00784087,5.27306817,-19.00940675,0,0,0,11/10/2025 15:25
pepeinatux,$INA,0.001100745,2.56766273,1.6535853,0,0,0,11/10/2025 15:25
Groggo By Matt Furie,GROGGO,0.000218473,-0.22522672,-8.81699156,0,0,0,11/10/2025 15:25
Coin6900,COIN,4.85E-05,3.25263462,-2.9329084,0,0,0,11/10/2025 15:25
Lapupu,LAPUPU,0.000261604,4.64458711,-2.32508125,0,0,0,11/10/2025 15:25
Welshare Health,WEL,0.001136694,1.28444461,-1.98202574,0,0,0,11/10/2025 15:25
Cyberdoge,CDOGE,0.000607922,3.63772957,-0.96541127,0,0,0,11/10/2025 15:25
todd,TODD,2.56E-05,3.29700976,-6.38255003,0,0,0,11/10/2025 15:25
SRCGAME,SGM,1.20E-06,0,0,0,0,0,11/10/2025 15:25
Baby Pnut,BABYPNUT,2.93E-05,2.63221282,3.15561066,0,0,0,11/10/2025 15:25
PUMP,PUMP,0.000137879,-0.00390794,-0.56625557,0,0,0,11/10/2025 15:25
Daram,DARAM,3.53E-07,8.97044173,4.59658154,0,0,0,11/10/2025 15:25
UNFK,UNFK,1.00E-08,-26.10741829,-26.92462057,0,0,0,11/10/2025 15:25
Dogecast,DOGECAST,5.75E-05,0,-3.16690366,0,0,0,11/10/2025 15:25
Bueno,BUENO,2.22E-05,0,-10.41350395,0,0,0,11/10/2025 15:25
Bounty,BNTY,0.000200385,0,-8.98738973,0,0,0,11/10/2025 15:25
AiNero,ANR,0.061219392,0,0,0,0,0,11/10/2025 15:25
Aurora,AURORA,2.30E-05,0.65563659,0.84590698,0,0,0,11/10/2025 15:25
rats (Ethereum),RATS,2396384.543,631.4121966,1545.706716,0,0,0,11/10/2025 15:25
BALTO,BALTO,3.25E-07,5.34882422,0.77922525,0,0,0,11/10/2025 15:25
Wall Street Bull,BULL,8.51E-06,0,-17.61077802,0,0,0,11/10/2025 15:25
Just do buy,DOBUY,0.000329915,0,-62.92606254,0,0,0,11/10/2025 15:25
Paradox (the-base-paradox.com),PARADOX,0.110327396,-9.73942956,-27.56014787,0,0,0,11/10/2025 15:25
TRON MASCOT,SUNTRON,0.000585617,0,-1.57288186,0,0,0,11/10/2025 15:25
BUILDING STRONG COMMUNITY,B.S.C,3.52E-11,-0.24315302,-5.67514245,0,0,0,11/10/2025 15:25
ChatGPT's Mascot,CHATTY,0.00012605,2.03365427,38.23002894,0,0,0,11/10/2025 15:25
Baby Tiger,BBT,9.78E-06,16.29962721,-0.34322265,0,0,0,11/10/2025 15:25
Wally - Peanut's Brother,WALLY,2.49E-05,0,-12.83285595,0,0,0,11/10/2025 15:25
Chinau,CHINAU,1.14E-08,1.23154962,-11.27022173,0,0,0,11/10/2025 15:25
Videocoin by Drakula,VIDEO,0.054864784,0,-9.76418967,0,0,0,11/10/2025 15:25
Department Of Government Efficiency(Base),D.O.G.E,3.73E-05,-1.49204158,-1.17800885,0,0,0,11/10/2025 15:25
Agents AI,AGENT,0.000245065,0.71692628,-2.29420231,0,0,0,11/10/2025 15:25
$FLY,$FLY,0.011352657,-4.16693562,-10.36843183,0,0,0,11/10/2025 15:25
Goompy by Matt Furie,GOOMPY,5.01E-08,0,-22.08749198,0,0,0,11/10/2025 15:25
Blobana Pet,BLOB,4.21E-05,3.93938118,-1.59635165,0,0,0,11/10/2025 15:25
Dreamcoins,DREAM,3.89E-05,8.15146025,-0.21595003,0,0,0,11/10/2025 15:25
Ravana,RAVANA,6.37E-17,-1.24361588,9.2123453,0,0,0,11/10/2025 15:25
Frox,FROX,9.00E-06,-0.02401259,-0.02358096,0,0,0,11/10/2025 15:25
Emotional Support Alligator,WALLY,3.21E-06,3.91078529,-2.28843465,0,0,0,11/10/2025 15:25
PIM,PIM,1.97E-05,1.88845349,0.60241771,0,0,0,11/10/2025 15:25
DeSci Meme,DESCI,1.60E-13,-0.26014647,-8.35962594,0,0,0,11/10/2025 15:25
BITCOIN Act,BTCACT,0.005086533,-13.30058188,17.71904955,0,0,0,11/10/2025 15:25
Wawa Cat,WAWA,5.89E-05,10.59297318,-11.40434328,0,0,0,11/10/2025 15:25
Science Cult Mascot,HELA,5.96E-05,4.83243771,-6.30166635,0,0,0,11/10/2025 15:25
SOLCAT,SOLCAT,6.91E-06,0,-13.28874015,0,0,0,11/10/2025 15:25
Lil Brett,LILB,1.67E-05,0,-2.14465025,0,0,0,11/10/2025 15:25
Justice for Pnut and Fred,JUSTICE,2.26E-05,0,-4.11067743,0,0,0,11/10/2025 15:25
Aspirin,ASPIRIN,1.51E-13,2.45814931,-4.64425447,0,0,0,11/10/2025 15:25
PATCHWORK NAVAL,NAVAL,3.40E-05,0,-3.50769783,0,0,0,11/10/2025 15:25
Sugar Bush The Squirrel,SUGAR,1.76E-05,1.93581776,-3.53652232,0,0,0,11/10/2025 15:25
Coby,COBY,0.000101203,4.29689735,2.8992908,0,0,0,11/10/2025 15:25
NFINITY AI,NFNT,0.003645771,-6.46344603,-11.90483557,0,0,0,11/10/2025 15:25
Pump Fun Ban,PUMPFUNBAN,1.07E-10,0,-14.18283373,0,0,0,11/10/2025 15:25
CRISPR,CRISPR,6.19E-13,1.77321539,-0.32579366,0,0,0,11/10/2025 15:25
Doge Jones Industrial Average,DJI,0.000122252,-1.68388389,-2.02863638,0,0,0,11/10/2025 15:25
Sensus,SENSUS,0.000103378,6.20823946,-1.87318608,0,0,0,11/10/2025 15:25
FlowerAI,FLOWER,6.62E-05,2.76996791,-0.12217785,0,0,0,11/10/2025 15:25
Imagine We All Held,IMAGINE,1.22E-05,1.60899531,1.37891603,0,0,0,11/10/2025 15:25
Keyboard Cat(keycatsol.com),KEYCAT,9.49E-05,1.41263608,-6.77169025,0,0,0,11/10/2025 15:25
BIG Ecosystem,CNCT,0.001143722,0,8.58643445,0,0,0,11/10/2025 15:25
High AF,ATH,7.36E-06,0,-17.58699793,0,0,0,11/10/2025 15:25
Janro The Rat,JANRO,2.92E-05,0,-17.76601679,0,0,0,11/10/2025 15:25
Claude Monet Memeory Coin,MONET,0.000748195,0,-0.58642453,0,0,0,11/10/2025 15:25
Size,SIZE,0.000132967,0.82525855,-0.04517707,0,0,0,11/10/2025 15:25
Leslie,LESLIE,2.54E-05,1.65741539,-2.70430293,0,0,0,11/10/2025 15:25
Kappy,KAPPY,5.48E-05,5.15235981,5.75594931,0,0,0,11/10/2025 15:25
lifedog,LFDOG,2.00E-05,0,-12.07867252,0,0,0,11/10/2025 15:25
OLAF,OLAF,1.79E-05,5.36977664,2.92234436,0,0,0,11/10/2025 15:25
Frictionless,FRIC,0.000364929,-2.16752456,12.28390748,0,0,0,11/10/2025 15:25
Ronda On Sui,RONDA,1.80E-06,5.64792924,19.21977614,0,0,0,11/10/2025 15:25
AVA Chiang Mai Night Safari,AVA,5.62E-05,1.81997385,6.55694832,0,0,0,11/10/2025 15:25
bioDAOs,BIO,1.39E-13,10.55106667,-4.99863362,0,0,0,11/10/2025 15:25
Morty,MORTY,2.42E-05,0,-4.31541473,0,0,0,11/10/2025 15:25
Roscoe,CATGUY,1.57E-05,2.51543014,-14.04165312,0,0,0,11/10/2025 15:25
Lizcoin,LIZ,7.42E-05,-2.3950113,-9.70506486,0,0,0,11/10/2025 15:25
Marmot,MARMOT,7.18E-08,0,1.3093387,0,0,0,11/10/2025 15:25
CHILLGUY (ETHEREUM),CHILLGUY,0.000163101,0.83089484,-10.29630604,0,0,0,11/10/2025 15:25
Yamfore,CBLP,8.02E-05,-9.37050365,-51.79358584,0,0,0,11/10/2025 15:25
NAT,DMT-NAT,7.59E-08,16.88860437,-10.62167939,0,0,0,11/10/2025 15:25
XRP ETF,XRPETF,1.10E-12,-7.56635579,-17.32009647,0,0,0,11/10/2025 15:25
ProtoKOLs,KOL,0.021015554,0.21830588,-5.69067919,0,0,0,11/10/2025 15:25
XRP2.0,XRP2,6.83E-13,6.05457321,1.20886064,0,0,0,11/10/2025 15:25
SLIMER,SLIMER,1.56E-06,-2.20265746,-7.51165159,0,0,0,11/10/2025 15:25
Dayhub,DAY,0.006011585,-4.13819094,-6.05935092,0,0,0,11/10/2025 15:25
PeacePal AI,PEACE,5.23E-05,0,-3.58740716,0,0,0,11/10/2025 15:25
Ruri - Truth Terminal's Crush,RURI,5.78E-05,2.64420949,-1.07760616,0,0,0,11/10/2025 15:25
Squid Game (squidgame.top),SQUID,0.002178497,490.0957725,16931.12041,0,0,0,11/10/2025 15:25
xrpwifhat,$XRPWIF,2.35E-13,-1.30E-07,-8.69044792,0,0,0,11/10/2025 15:25
SAFU,SAFU,5.63E-05,-2.3415939,10.90198422,0,0,0,11/10/2025 15:25
Boss US,BOSSUS,7.00E-09,0,-12.93938289,0,0,0,11/10/2025 15:25
Bloodline chanting my name,CHANT,3.28E-05,7.62908122,-9.49374543,0,0,0,11/10/2025 15:25
One,GMIX,0.00849208,0.19570467,0.33565285,0,0,0,11/10/2025 15:25
LLM,LLM,2.01E-05,2.92235773,-6.09729897,0,0,0,11/10/2025 15:25
Jak,JAK,8.97E-05,0.5114437,2.42808441,0,0,0,11/10/2025 15:25
Hawk Tuah (overhere.gg),HAWK,0.000210819,0.41904835,-0.5374634,0,0,0,11/10/2025 15:25
LIQUIDATED,LIQQ,7.58E-05,2.28050519,-11.41958861,0,0,0,11/10/2025 15:25
BTCMOON,BTCMOON,1.29E-13,-3.66E-06,-15.2393162,0,0,0,11/10/2025 15:25
Lockheed Martin Inu,LMI,0.000706606,0.00097153,-22.7049615,0,0,0,11/10/2025 15:25
Enzyme,ENZYME,1.95E-13,4.91669723,-7.13604291,0,0,0,11/10/2025 15:25
DOPAMINE,DOPAMINE,1.50E-13,-1.50412342,5.7671268,0,0,0,11/10/2025 15:25
GOT EM,CIRCLE,7.49E-06,3.73445737,-9.24560238,0,0,0,11/10/2025 15:25
X314,X314,9.68E-06,-1.53742254,0.37077803,0,0,0,11/10/2025 15:25
Gato CTO,GATO,2.03E-05,3.75758302,-1.97683032,0,0,0,11/10/2025 15:25
Omira,OMIRA,0.000469971,0,-10.3358783,0,0,0,11/10/2025 15:25
Boblles,BOBLS,5.88E-05,14.15404872,2.76516382,0,0,0,11/10/2025 15:25
Solo,SOLO,9.96E-05,0,-10.04050382,0,0,0,11/10/2025 15:25
Limitless,LIMITLESS,0.000864094,-1.54683104,23.52124695,0,0,0,11/10/2025 15:25
Sproto Gremlin,SPROTO,9.80E-07,2.68124837,-12.22105398,0,0,0,11/10/2025 15:25
Luffy Mugiwara,LUFFY,4.85E-06,-2.06602346,-0.16826254,0,0,0,11/10/2025 15:25
SPERO,$S$,1.06E-07,3.30646614,-14.24361017,0,0,0,11/10/2025 15:25
Otto,$OTTO,3.11E-05,7.98344829,-3.39956144,0,0,0,11/10/2025 15:25
Shrimp Paste,SHRIMP,4.62E-05,3.95709266,-9.80710373,0,0,0,11/10/2025 15:25
Cat in Hoodie,HODI,2.65E-05,2.65717485,-14.39458316,0,0,0,11/10/2025 15:25
Flash Technologies,FLASH,0.001760247,-0.09048661,-7.15082511,0,0,0,11/10/2025 15:25
DNA PEPE,DNAPEPE,1.21E-13,8.69196528,-10.8701672,0,0,0,11/10/2025 15:25
A Fork in the Road,AFITR,3.84E-05,-6.15503332,23.02891461,0,0,0,11/10/2025 15:25
MeAI,MEAI,6.70E-05,-1.42343668,-20.77250396,0,0,0,11/10/2025 15:25
RAGSCOIN2.0,RAGS,0.002515921,0.11850937,151.6248219,0,0,0,11/10/2025 15:25
PEPE DNA,PEPEDNA,2.42E-13,3.43417531,-12.74129823,0,0,0,11/10/2025 15:25
Toki,TOKI,1.26E-10,0,-13.34875782,0,0,0,11/10/2025 15:25
AI Crypto Marketplace,AICM,0.000548817,10.7396688,-14.35700097,0,0,0,11/10/2025 15:25
Turtle Pepe,TUPE,4.07E-05,3.61748757,-1.0204296,0,0,0,11/10/2025 15:25
DUSTY,DUSTY,8.04E-11,-1.00E-08,-6.63596597,0,0,0,11/10/2025 15:25
Workie,WORKIE,3.03E-05,5.62372987,1.14889079,0,0,0,11/10/2025 15:25
GPU ai Rich,RICH,0.0002052,0.23639104,-8.80792974,0,0,0,11/10/2025 15:25
BUCK INU,BUCK,1.83E-07,-1.33702642,10.65955186,0,0,0,11/10/2025 15:25
Knut From Zoo,KNUT,8.93E-06,0,-22.50426298,0,0,0,11/10/2025 15:25
Knot Diffie-Hellman,KNOT,0.000373391,-4.59661232,72.64345621,0,0,0,11/10/2025 15:25
Sponstar,$STAR,7.00E-05,0,0,0,0,0,11/10/2025 15:25
Seraph by Virtuals,SERAPH,0.000594914,-0.73916717,-14.34351399,0,0,0,11/10/2025 15:25
Gemini,GEMINI,0.000282222,5.23692867,11.01075126,0,0,0,11/10/2025 15:25
Virgo,VIRGO,0.00011981,1.63632965,-4.72622961,0,0,0,11/10/2025 15:25
Pisces,PISCES,0.000236259,14.83020107,38.43181946,0,0,0,11/10/2025 15:25
Leo,LEO,0.000128288,-0.03552346,2.61058356,0,0,0,11/10/2025 15:25
Taurus,TAURUS,0.000129645,4.30435902,-1.7167283,0,0,0,11/10/2025 15:25
Aquarius,AQUARIUS,0.000124937,1.19575163,-0.71744666,0,0,0,11/10/2025 15:25
Capricorn,CAPRICORN,0.000121894,2.45165588,-0.66750863,0,0,0,11/10/2025 15:25
Aries,ARIES,0.000123433,2.39983009,-1.13557278,0,0,0,11/10/2025 15:25
Scorpio,SCORPIO,0.000124418,1.46622768,-5.22160879,0,0,0,11/10/2025 15:25
Cancer,CANCER,0.000124142,3.00727269,-0.95236816,0,0,0,11/10/2025 15:25
Sagittarius,SAGIT,0.000149714,0.19649362,15.23020941,0,0,0,11/10/2025 15:25
Libra,LIBRA,0.00012853,3.1684006,-1.25630412,0,0,0,11/10/2025 15:25
ai9000,AI9000,5.85E-05,6.90367698,8.29966709,0,0,0,11/10/2025 15:25
Bubsy AI,BUBSY,0.000469711,0,-11.26301426,0,0,0,11/10/2025 15:25
Book of Miggles,BOMI,0.314749942,1.00754338,-7.9603533,0,0,0,11/10/2025 15:25
Based Apu,APU,2.80E-10,3.82473331,5.34810385,0,0,0,11/10/2025 15:25
OiiaOiia,OIIA,6.19E-05,8.8732839,-8.04501903,0,0,0,11/10/2025 15:25
Chill Guy Xmas,CGX,2.94E-05,0.0325223,-4.15141385,0,0,0,11/10/2025 15:25
Reality Spiral,RSP,1.31E-07,0,-15.71625866,0,0,0,11/10/2025 15:25
Nikita,NIKITA,6.10E-05,6.76538146,-1.28183449,0,0,0,11/10/2025 15:25
AltSignals,ASI,0.000561902,-0.75050063,-0.60742931,0,0,0,11/10/2025 15:25
Inkryptus,INKY,1.523931769,1.36834183,0.58761535,0,0,0,11/10/2025 15:25
Museum Of Memes,MOM,1.99E-05,2.40908153,-5.48329531,0,0,0,11/10/2025 15:25
Degen Express,DEGEX,3.32E-05,8.39445262,2.80066945,0,0,0,11/10/2025 15:25
Super Meme,SPR,0.000285427,4.99671304,-2.72171807,0,0,0,11/10/2025 15:25
Lunar Snake Coin,SNAKE2025,1.75E-05,5.53987618,0.46167957,0,0,0,11/10/2025 15:25
Free Speech,X,6.51E-05,1.55661122,2.20198247,0,0,0,11/10/2025 15:25
Optopia,OPAI,3.18E-06,8.45695321,-5.09934041,0,0,0,11/10/2025 15:25
Tomarket,TOMA,3.62E-07,-0.02807257,-0.02948776,0,0,0,11/10/2025 15:25
Suicy the Seal,SUICY,2.19E-05,4.98625387,-5.88442781,0,0,0,11/10/2025 15:25
Trump Was Right About Everything,TWRAE,1.68E-05,0,-13.38775953,0,0,0,11/10/2025 15:25
Trenches AI,TRENCHAI,0.000218787,-3.96226957,-12.91836386,0,0,0,11/10/2025 15:25
Shiro Pet,SHIRO,1.41E-05,-2.46262593,-10.52528304,0,0,0,11/10/2025 15:25
Molecule,MOLECULE,6.39E-13,1.25424345,-2.80661018,0,0,0,11/10/2025 15:25
Astheria,HERIA,1.69E-05,3.57271872,-8.47935456,0,0,0,11/10/2025 15:25
Monkey Sol Inu,MSI,8.88E-06,0,-5.41440299,0,0,0,11/10/2025 15:25
Goblin Mine Game,GMG,0.000318146,0,2.60006416,0,0,0,11/10/2025 15:25
DePINs,DEPINS,1.63E-06,17.19387675,4.47632087,0,0,0,11/10/2025 15:25
Gud Tech,GUD,0.005529168,0.36171255,7.85427047,0,0,0,11/10/2025 15:25
SHILLGUY,SHILL,1.43E-05,0,-17.04667892,0,0,0,11/10/2025 15:25
Brett 2.0,BRETT2.0,3.79E-05,3.08788042,-15.03386218,0,0,0,11/10/2025 15:25
KEKE Terminal,KEKE,7.79E-05,4.39006736,-29.92946157,0,0,0,11/10/2025 15:25
MDOGE,MDOGE,2.23E-07,0,-55.26315969,0,0,0,11/10/2025 15:25
VITRAVERSE,VTRV,0.013941237,-2.79271181,4.30988674,0,0,0,11/10/2025 15:25
Morph AI,MORPHAI,0.001592283,1.94407369,-4.76084641,0,0,0,11/10/2025 15:25
SUI Desci Agents,DESCI,0.000105375,1.59217572,-47.97513247,0,0,0,11/10/2025 15:25
Forky,FORKY,2.96E-05,-1.34883947,1.89517342,0,0,0,11/10/2025 15:25
Olyn by Virtuals,OLYN,0.000779835,4.54435505,0.47294518,0,0,0,11/10/2025 15:25
CertaiK by Virtuals,CERTAI,0.000366826,-0.20670198,-13.7875661,0,0,0,11/10/2025 15:25
Degen Capital by Virtuals,DEGENC,0.000617164,-1.23651473,6.9914289,0,0,0,11/10/2025 15:25
Virtu by Virtuals,VIRTU,0.000181805,-2.22337372,-5.89484438,0,0,0,11/10/2025 15:25
Breakout Bro by Virtuals,BOB,4.82E-05,6.13798152,-4.58471504,0,0,0,11/10/2025 15:25
Black Unicorn Corp.,MOON,7.23E-06,6.80847224,-2.96412322,0,0,0,11/10/2025 15:25
Sonic,SONIC,8.62E-08,-1.97793642,-1.43466813,0,0,0,11/10/2025 15:25
Shifu,SHIFU,6.76E-06,3.00252721,-4.20809478,0,0,0,11/10/2025 15:25
Beth,BETH,2.32E-05,5.86139309,0.69106153,0,0,0,11/10/2025 15:25
Red Siberian Husky,KOVU,1.49E-05,4.46877205,-10.99585265,0,0,0,11/10/2025 15:25
JUSTICE FOR SUCHIR,SUCHIR,6.18E-05,4.30429613,-7.41706523,0,0,0,11/10/2025 15:25
OpMentis,OPM,0.001126447,-3.2594983,-19.31452475,0,0,0,11/10/2025 15:25
Oncology Network,ONC,0.000198648,0.43793231,-5.10896314,0,0,0,11/10/2025 15:25
Saad Boi,SAAD,0.000184778,3.06585121,-7.04711156,0,0,0,11/10/2025 15:25
Minidoge (mini-doge.com),MINIDOGE,4.01E-05,2.09438595,2.24762828,0,0,0,11/10/2025 15:25
Kekius Maximus (kekius.club),$KEKIUS,2.49E-13,2.67937427,-4.74944952,0,0,0,11/10/2025 15:25
Kekius Maximus (kekiusmaximus.wtf),KEKIUS,2.84E-05,0.85695899,-11.52745411,0,0,0,11/10/2025 15:25
Validao,VDO,0.142790985,6.35422124,4.97395741,0,0,0,11/10/2025 15:25
BAKENEKO,BAKENEKO,1.44E-08,0,-3.17133745,0,0,0,11/10/2025 15:25
Baby Kekius Maximus,BABYKEKIUS,1.16E-13,3.10851091,-9.43982697,0,0,0,11/10/2025 15:25
MigMig,MIGMIG,2.38E-06,3.57121544,-2.91134245,0,0,0,11/10/2025 15:25
SETAI Agents,SETAI,0.00036845,0,4.33412971,0,0,0,11/10/2025 15:25
DrPepe.ai,BRYAN,7.02E-10,2.29858721,-5.65534971,0,0,0,11/10/2025 15:25
Avarik Saga,AVRK,0.00160556,0,-8.56650831,0,0,0,11/10/2025 15:25
Aurk AI,AURK,0.000685185,5.1595852,-4.03262079,0,0,0,11/10/2025 15:25
Tardi,TARDI,0.000595096,-1.28866062,-2.51999981,0,0,0,11/10/2025 15:25
BuckTheBunny,BUCK,1.34E-07,0,-5.19617534,0,0,0,11/10/2025 15:25
Oracle,ORCL,0.002165219,-1.17617349,5.60330445,0,0,0,11/10/2025 15:25
DeSci AI Agent,DESCIAI,7.24E-13,1.08391943,-0.27812374,0,0,0,11/10/2025 15:25
Shrubius Maximus,SHRUBIUS,1.66E-05,-3.25251752,-2.472413,0,0,0,11/10/2025 15:25
ASSAI,ASSAI,1.32E-05,6.56419001,-9.5634679,0,0,0,11/10/2025 15:25
Iona by Virtuals,IONA,0.000790752,0.80024798,-0.31099208,0,0,0,11/10/2025 15:25
0xsim by Virtuals,SAGE,0.002178876,5.05076461,0.4499053,0,0,0,11/10/2025 15:25
Senku Ishigami by Virtuals,SENKU,4.91E-05,3.67422626,-7.88331111,0,0,0,11/10/2025 15:25
The Pea Guy by Virtuals,PEAGUY,3.30E-05,1.90355003,-1.76330799,0,0,0,11/10/2025 15:25
AIRENE by Virtuals,AIRENE,0.000285831,0.83125985,-7.39893452,0,0,0,11/10/2025 15:25
Pandana,PNDN,9.06E-05,3.06232287,1.86337781,0,0,0,11/10/2025 15:25
X Money,XMONEY,0.044859801,-3.29044834,-7.82264384,0,0,0,11/10/2025 15:25
Trackgood AI,TRAI,0.000278423,-0.03372295,-19.62547523,0,0,0,11/10/2025 15:25
Virus Protocol,VIRUS,2.75E-05,5.52232248,-5.85371919,0,0,0,11/10/2025 15:25
OpenAI Agent,OPERATOR,1.82E-11,-13.0502399,-16.06862306,0,0,0,11/10/2025 15:25
Bark Ruffalo by Virtuals,PAWSY,5.35E-05,2.66540941,-13.67980737,0,0,0,11/10/2025 15:25
Padre,PADRE,0.001253801,-4.18818608,-15.0066829,0,0,0,11/10/2025 15:25
COQ AI,COQAI,0.000426293,5.21360387,41.2677424,0,0,0,11/10/2025 15:25
The Css God by Virtuals,WEBSIM,0.000351786,0.32911104,-14.25166209,0,0,0,11/10/2025 15:25
CYI by Virtuals,CYI,0.000531234,2.05031657,-5.52130978,0,0,0,11/10/2025 15:25
H4CK Terminal by Virtuals,H4CK,0.00021481,5.60258901,-8.26221317,0,0,0,11/10/2025 15:25
Assimilate,SIM,0.000510347,10.69204346,-6.09767147,0,0,0,11/10/2025 15:25
Moontax,CPAI,0.001547865,0,1.17213322,0,0,0,11/10/2025 15:25
Kekius Maximus (kekiusbsc.world),KEKIUS,3.15E-06,6.73822087,2.408352,0,0,0,11/10/2025 15:25
Aethra AI,AETHRA,0.000772724,0,-8.71006394,0,0,0,11/10/2025 15:25
WAI Combinator by Virtuals,WAI,0.000412997,3.19983088,-5.67724487,0,0,0,11/10/2025 15:25
Focai.fun,FOCAI,3.61E-05,1.59865641,-1.48608234,0,0,0,11/10/2025 15:25
ATA by Virtuals,ATA,9.84E-05,-0.36526291,-6.50289728,0,0,0,11/10/2025 15:25
Poppy,POPPY,4.29E-05,4.16753058,-18.20991768,0,0,0,11/10/2025 15:25
POM,POM,0.000192511,0.1879278,-8.72156534,0,0,0,11/10/2025 15:25
Sage Universe,SAGE,0.000184793,2.54372987,8.86916266,0,0,0,11/10/2025 15:25
NORA,NORA,2.02E-05,0,-5.22466832,0,0,0,11/10/2025 15:25
ThreatSlayerAI by Virtuals,SLAYER,3.75E-05,5.21178571,3.08090445,0,0,0,11/10/2025 15:25
DXAI.app by Virtuals,DXAI,5.05E-05,6.3178479,-13.94809828,0,0,0,11/10/2025 15:25
Cora,CORA,7.97E-05,1.42086163,-26.29817575,0,0,0,11/10/2025 15:25
nomAI,NOMAI,0.000367099,0.95836545,-5.56009462,0,0,0,11/10/2025 15:25
Hunter by Virtuals,DRPXBT,7.63E-05,1.42341156,-4.9053286,0,0,0,11/10/2025 15:25
Podflow AI by Virtuals,POD,0.000117104,-0.68691513,-8.47799053,0,0,0,11/10/2025 15:25
Starship On Solana,STSHIP,5.58E-07,2.12938422,6.62125978,0,0,0,11/10/2025 15:25
Based Monsta,MONSTA,4.32E-05,-2.34928855,16.63643363,0,0,0,11/10/2025 15:25
DeFi Agents AI,DEFAI,9.05E-05,-0.5046891,4.24626744,0,0,0,11/10/2025 15:25
SentAI,SENTAI,5.27E-05,0,-19.15603515,0,0,0,11/10/2025 15:25
Magnify Cash,MAG,4.49E-05,0,-9.85274825,0,0,0,11/10/2025 15:25
Bitcoin Kuwait,BTCQ8,1.04E-05,5.73504206,-12.78117368,0,0,0,11/10/2025 15:25
Wulfy,WULFY,3.83E-08,6.08218288,-4.67925553,0,0,0,11/10/2025 15:25
Feenix,FEENIX,1.09E-05,6.1616225,-10.77865271,0,0,0,11/10/2025 15:25
Sui DePIN,SUIDEPIN,5.45E-05,7.50320829,-30.72092953,0,0,0,11/10/2025 15:25
Sphere AI,SPHERE,1.67E-05,-2.93328218,-8.46919425,0,0,0,11/10/2025 15:25
HengCoin,HENG,0.355311636,-1.10394035,0.30220634,0,0,0,11/10/2025 15:25
HowToPay,HTP,9.65E-05,0,76.29353381,0,0,0,11/10/2025 15:25
IDRISS,IDRISS,0.004679371,-0.54957402,-2.11961959,0,0,0,11/10/2025 15:25
gAInz,GNZ,1.75E-05,3.3453935,-5.86426606,0,0,0,11/10/2025 15:25
DeFAIRewards,DEFAI,6.56E-05,1.21140247,10.39994726,0,0,0,11/10/2025 15:25
First Crypto President,FCP,1.96E-05,2.98305476,-14.91190011,0,0,0,11/10/2025 15:25
chAtoshI,CHATOSHI,0.001784092,0.59376562,1.33773758,0,0,0,11/10/2025 15:25
Legend,LEGEND,0.000192833,0.58371964,-6.16010174,0,0,0,11/10/2025 15:25
Brain Frog,BRAIN,0.001676636,7.38402221,-7.93646522,0,0,0,11/10/2025 15:25
Coin Prediction Tool On Base,CPXTB,4.01E-11,1.48596443,2.35126752,0,0,0,11/10/2025 15:25
Jaihoz by Virtuals,JAIHOZ,0.000442848,0.64628386,-3.22680154,0,0,0,11/10/2025 15:25
Gigabrain by virtuals,BRAIN,0.002116009,-4.01756518,-5.64831247,0,0,0,11/10/2025 15:25
noderzz by Virtuals,NODE,2.97E-05,6.99455109,-5.68380101,0,0,0,11/10/2025 15:25
VolatilityX,VOLTX,0.000178509,4.20711446,-20.43318999,0,0,0,11/10/2025 15:25
cr0w by Virtuals,CROW,6.79E-05,24.05970353,-9.47534429,0,0,0,11/10/2025 15:25
AAAI_agent by Virtuals,AAAI,2.19E-05,7.03493844,-8.15325949,0,0,0,11/10/2025 15:25
Rain by Virtuals,RAIN,6.99E-05,10.57744674,-1.86089468,0,0,0,11/10/2025 15:25
WAGMI,WAGMI,3.67E-05,2.62982165,11.38466202,0,0,0,11/10/2025 15:25
Boofus by Virtuals,BOOF,2.04E-05,-2.97447006,-9.00408281,0,0,0,11/10/2025 15:25
GENZAI,GENZAI,7.45E-05,10.77423854,5.68972913,0,0,0,11/10/2025 15:25
Kogin by Virtuals,KOGIN,7.21E-05,-0.93277836,-6.72874593,0,0,0,11/10/2025 15:25
Rekt Burgundy by Virtuals,MXNBC,4.52E-05,6.15410211,6.81388099,0,0,0,11/10/2025 15:25
EchoLeaks by Virtuals,ECHO,0.000178276,-1.84835232,-10.15857636,0,0,0,11/10/2025 15:25
BaseHoundBot by Virtuals,$HOUND,8.26E-05,5.71184651,-12.22554567,0,0,0,11/10/2025 15:25
LESTER by Virtuals,LESTER,0.000298759,4.05504501,21.4144281,0,0,0,11/10/2025 15:25
MATES,MATES,4.78E-05,2.9598538,-0.31301214,0,0,0,11/10/2025 15:25
Tuebor,TBR,0.002857624,-6.08703867,-6.09169168,0,0,0,11/10/2025 15:25
AGIXBT by Virtuals,AGIXBT,0.00016617,4.08946179,-1.63445609,0,0,0,11/10/2025 15:25
Chinese Elon Musk,YILONGMA,0.034349939,1.21014724,-9.25247465,0,0,0,11/10/2025 15:25
APEMAN,APEMAN,1.80E-07,0,-9.18471447,0,0,0,11/10/2025 15:25
SKAINET,SKAI,2.08E-05,6.32288479,-10.54541193,0,0,0,11/10/2025 15:25
Bsop,BSOP,3.35E-05,1.63544422,-6.0420109,0,0,0,11/10/2025 15:25
USDa (Avalon Labs),USDa,0.992762919,-0.04434804,-0.10646279,0,0,0,11/10/2025 15:25
1HubAI,1HUB,1.73E-05,1.72086049,-1.14630723,0,0,0,11/10/2025 15:25
Squirrel Wallet,NUTS,0.001686332,-59.92771255,-54.65999319,0,0,0,11/10/2025 15:25
Listapie,LTP,0.26390764,-1.35049744,2.50175154,0,0,0,11/10/2025 15:25
Doge AI Agent,DOGEAI,2.22E-13,1.59763332,-8.26221399,0,0,0,11/10/2025 15:25
Built Different,BUILT,1.74E-05,6.2460164,-1.87659572,0,0,0,11/10/2025 15:25
DOGE ETF,DOGETF,1.67E-13,-4.35951255,-14.84420556,0,0,0,11/10/2025 15:25
MIAOCoin,MIAO,0.000148338,-0.07788289,0.32006228,0,0,0,11/10/2025 15:25
YODA,YODA,1.24E-05,0,-10.33494692,0,0,0,11/10/2025 15:25
Made in America,MIA,2.46E-05,1.14490778,-6.41422292,0,0,0,11/10/2025 15:25
Car,CAR,43.88743802,1.62681007,9.62655102,0,0,0,11/10/2025 15:25
TAXAD,TAXAD,0.001665733,-0.28819025,-0.1527158,0,0,0,11/10/2025 15:25
RawDog,RAWDOG,0.006337183,0,-6.40643143,0,0,0,11/10/2025 15:25
SwissRx Coin,SWRX,0.000167774,2.19926848,-6.7559391,0,0,0,11/10/2025 15:25
DOGE TO MOON,DOGEMOON,9.93E-14,-2.24564262,-1.56696755,0,0,0,11/10/2025 15:25
Official Baby Trump,BTRUMP,4.05E-05,21.57028051,17.33876558,0,0,0,11/10/2025 15:25
Keira,KEIRA,0.000175551,4.98033929,-1.09775929,0,0,0,11/10/2025 15:25
Balance Coin,BLC,0.997455837,0.02919345,0.32596995,0,0,0,11/10/2025 15:25
EAFIN,EAFIN,0.004001173,0,0,0,0,0,11/10/2025 15:25
Karum Coin,KARUM,2.383105591,0,0,0,0,0,11/10/2025 15:25
OSOL AI Index,OSOL,0.000280224,1.3674889,-1.21203219,0,0,0,11/10/2025 15:25
[Fake]Official Melania Trump,TRUMP,0.004731234,-63.6832191,-77.95208322,0,0,0,11/10/2025 15:25
HOG,HOG,1.05E-05,4.39722857,-58.64685387,0,0,0,11/10/2025 15:25
AMERICA AI Agent,AMERICAI,1.12E-13,1.11E-06,-3.23184614,0,0,0,11/10/2025 15:25
EVAL Engine,EVAL,0.001824844,-2.06796519,-19.0802132,0,0,0,11/10/2025 15:25
Cadabra Finance,ABRA,0.011028989,-2.06649069,-2.82211572,0,0,0,11/10/2025 15:25
Oasis Metaverse,OASIS,0.000334806,0,-4.35338482,0,0,0,11/10/2025 15:25
Arcana AI,A2I,7.22E-06,4.44887929,-4.29253101,0,0,0,11/10/2025 15:25
Qwen AI Agent,QWENAI,2.60E-13,3.32704164,15.54067791,0,0,0,11/10/2025 15:25
Trip,TRIP,30.66903973,1.35774603,8.91547046,0,0,0,11/10/2025 15:25
HODL,HODL,1.51E-05,0,-16.52128264,0,0,0,11/10/2025 15:25
WESTLAND SMART CITY,WLSC,0.074979083,0,-12.30763752,0,0,0,11/10/2025 15:25
eBeat AI,BEATAI,0.000765166,7.11731764,15.31347808,0,0,0,11/10/2025 15:25
AIXTerminal,AIXT,0.001467136,-2.25575592,-27.05658135,0,0,0,11/10/2025 15:25
Twiggy the water skiing squirrel,TWIGGY,0.000218707,31.94171241,27.89034124,0,0,0,11/10/2025 15:25
Doge Caucus,DOGECAUCUS,0.021128139,4.52274264,-7.82257339,0,0,0,11/10/2025 15:25
Qwen AI,QWEN,9.04E-14,3.35E-06,-12.07511035,0,0,0,11/10/2025 15:25
jelly ai agent,JELLYAI,7.13E-14,7.07101546,-16.94401524,0,0,0,11/10/2025 15:25
Robinhood AI Agent,HOODAI,1.20E-13,-3.76E-06,-5.23306718,0,0,0,11/10/2025 15:25
Meshchain Ai,MCC,0.003163136,0,0,0,0,0,11/10/2025 15:25
DUKE COIN,DUKE,1.30E-05,0,-19.26512962,0,0,0,11/10/2025 15:25
Japanese Akita Inu,JAI,9.82E-06,4.16641452,-1.78878427,0,0,0,11/10/2025 15:25
Official USA Token,USA,0.002122744,-4.32395884,-9.95515657,0,0,0,11/10/2025 15:25
LYNK,LYNK,0.004417659,0.4970664,14.81278633,0,0,0,11/10/2025 15:25
Ask AI,ASKAI,9.21E-14,1.70E-07,-18.66284605,0,0,0,11/10/2025 15:25
DogeGPU,DOGPU,1.22E-07,-0.94901629,-15.62667242,0,0,0,11/10/2025 15:25
Safemoon CTO on Solana,SAFEMOONSOL,8.54E-05,4.99963481,-1.49997921,0,0,0,11/10/2025 15:25
Purple Fwog,PWOG,2.66E-07,-0.02774392,-9.83476964,0,0,0,11/10/2025 15:25
Grok AI Agent,GROKAI,3.76E-13,-1.29993675,-8.98783682,0,0,0,11/10/2025 15:25
BEENZ,BEENZ,0.000102381,5.29308892,-1.09139426,0,0,0,11/10/2025 15:25
Catton AI,CATTON,9.53E-09,-0.55491438,-5.83459033,0,0,0,11/10/2025 15:25
Musk AI Agent,MUSKAI,8.94E-14,-1.17693859,4.63021218,0,0,0,11/10/2025 15:25
Metropolis World (CLAY),CLAY,0.000338845,3.46218661,-3.49247997,0,0,0,11/10/2025 15:25
Leia Games,LEIA,9.99E-07,0,-0.0753646,0,0,0,11/10/2025 15:25
SpaceFrog X,SFX,1.01E-07,0,-0.85937256,0,0,0,11/10/2025 15:25
Nest AI,NEST,0.000468506,0,1.25385917,0,0,0,11/10/2025 15:25
NINA,NINA,4.50E-05,-1.47157494,-24.38211354,0,0,0,11/10/2025 15:25
Polynetica,POLLY,1.33E-06,-0.96348755,5.93375666,0,0,0,11/10/2025 15:25
NEZHA,NEZHA,5.40E-05,1.63908875,5.26471649,0,0,0,11/10/2025 15:25
Coke on Sol,COKE,1.07E-05,0,-5.1582663,0,0,0,11/10/2025 15:25
Brewlabs (new),BREW,0.000298072,0,-11.68428187,0,0,0,11/10/2025 15:25
Alice Weidel,AFD,1.11E-05,0,-9.26168066,0,0,0,11/10/2025 15:25
Deep AI,DEEP,4.92E-05,3.34394668,-5.57601169,0,0,0,11/10/2025 15:25
Fabienne,FABIENNE,2.72E-05,0,-23.55043046,0,0,0,11/10/2025 15:25
Broccoli (broccolibsc.com),BROCCOLI,7.40E-05,-1.47556047,-4.49867167,0,0,0,11/10/2025 15:25
Broccoli (Bounce Finance),Broccoli,0.000472446,0.80824049,2.73617906,0,0,0,11/10/2025 15:25
TapSwap,TAPS,0.000537214,-0.23819214,2.16459118,0,0,0,11/10/2025 15:25
Official CZ Dog,BROCCOLI,0.000115663,5.7241036,0.25436896,0,0,0,11/10/2025 15:25
Wink,WINK,0.00025077,1.59742563,-2.96418326,0,0,0,11/10/2025 15:25
Tinder Swindler,TIND,4.50E-06,0,-5.75180596,0,0,0,11/10/2025 15:25
Pi Network Doge,PIDOGE,1.68E-13,2.17350161,-10.26592565,0,0,0,11/10/2025 15:25
Grok 3 AI,GROK3AI,2.29E-13,-9.43728345,-18.22068445,0,0,0,11/10/2025 15:25
ZhouKing,ZHOUKING,7.61E-09,0,-0.6503037,0,0,0,11/10/2025 15:25
Pi Network AI Agent,PIAI,1.64E-13,1.06280157,2.00129939,0,0,0,11/10/2025 15:25
BROCCOLI (FirstBroccoli on BNB),BROCCOLI,6.42E-06,0.43586386,1.56126424,0,0,0,11/10/2025 15:25
HU LE ZHI,HULEZHI,0.00039003,0,-15.50232726,0,0,0,11/10/2025 15:25
BNB Agents,BNBAI,1.20E-05,6.68741991,10.681691,0,0,0,11/10/2025 15:25
BNBPrinter,BNBPRINTER,1.80E-05,-0.98221635,-5.26317624,0,0,0,11/10/2025 15:25
MANYU (manyudog.xyz),MANYU,2.51E-05,-0.30977944,1.24191631,0,0,0,11/10/2025 15:25
xAI Game Studio,XAIGAME,1.63E-13,1.37267367,-1.54081302,0,0,0,11/10/2025 15:25
Hinagi,HINAGI,6.31E-05,-1.70504297,-1.08176133,0,0,0,11/10/2025 15:25
Miss Kaka,KAKA,4.21E-05,-0.57412169,-3.21225703,0,0,0,11/10/2025 15:25
Merge Pals,MERGE,1.54E-05,-0.87671248,-18.01299542,0,0,0,11/10/2025 15:25
O Intelligence Coin,OI,9772814,-0.11123202,-6.89938637,0,0,0,11/10/2025 15:25
rexbt by VIRTUALS,REXBT,4.72E-05,1.48706955,0.97791128,0,0,0,11/10/2025 15:25
Carrot by Puffer,CARROT,0.03779361,-4.49510503,-14.27278208,0,0,0,11/10/2025 15:25
Pineapple,PAPPLE,0.004167787,2.07786859,-2.64061007,0,0,0,11/10/2025 15:25
Unitree G1 AI,UNITREEAI,1.80E-13,1.8104685,2.46307819,0,0,0,11/10/2025 15:25
Baby Broccoli,BABYBROCCOLI,0.000474867,0,-7.86370281,0,0,0,11/10/2025 15:25
Aquari,AQUARI,0.012613475,-3.12310631,-4.56170489,0,0,0,11/10/2025 15:25
Oracler,ORACLER,1.37E-06,1.74778873,-48.71092466,0,0,0,11/10/2025 15:25
Troller Cat,TCAT,1.60E-06,13.49078224,183.0510148,0,0,0,11/10/2025 15:25
Industrial,INDUSTRIAL,37.06461049,1.69041687,9.28687938,0,0,0,11/10/2025 15:25
Farting Unicorn,FU,3.65E-05,0,-8.88779593,0,0,0,11/10/2025 15:25
Sidelined?,SIDELINED,0.000794682,-9.8271444,-31.10482714,0,0,0,11/10/2025 15:25
USA Unity Coin,UUC,6.08E-06,0,-7.57613356,0,0,0,11/10/2025 15:25
Polemos,PLMS,0.001190041,0,7.37006132,0,0,0,11/10/2025 15:25
Alibaba AI Agent,ALIBABAAI,1.52E-13,0.04021161,-37.04533282,0,0,0,11/10/2025 15:25
Bloomberg Galaxy Crypto Index,BGCI,3.055981025,1.86379731,0.79003074,0,0,0,11/10/2025 15:25
Redemption Of Pets,ROP,0.028740587,0,-23.75401728,0,0,0,11/10/2025 15:25
Frencoin,FREN,0.014784177,0.96021553,-1.01546027,0,0,0,11/10/2025 15:25
Magnum Trading Bot,MAG,2.21E-05,4.06790845,-32.99637184,0,0,0,11/10/2025 15:25
XPi,XPI,9.77E-05,2.10005543,7.69189694,0,0,0,11/10/2025 15:25
JOBSEEK,JOBSEEK,0.000104164,15.81539052,19.93770296,0,0,0,11/10/2025 15:25
Snow Leopard,SNL,3.54E-09,-1.18576577,10.34492657,0,0,0,11/10/2025 15:25
MiniDoge,MINIDOGE,0.000111173,0,-12.8757165,0,0,0,11/10/2025 15:25
Shido DEX,SHDX,4.95E-05,7.55498831,-1.05855361,0,0,0,11/10/2025 15:25
USDA,USDA,0.971085057,12.95592899,-2.59213602,0,0,0,11/10/2025 15:25
DPIN,DPIN,1.889093096,0,0,0,0,0,11/10/2025 15:25
CLUTCH,CLUTCH,1.196953029,0,99.50736449,0,0,0,11/10/2025 15:25
Mintify,MINT,0.004943641,0,415.6000096,0,0,0,11/10/2025 15:25
Official Elon Coin (elonofficial.xyz),ELON,4.57E-05,1.01526519,-13.37255015,0,0,0,11/10/2025 15:25
This Is Fine,FINE,1.38E-05,0,0,0,0,0,11/10/2025 15:25
$RICH,$RICH,6.77E-05,4.99177799,-2.04030022,0,0,0,11/10/2025 15:25
MTHAIBAHT,MTHB,5.88E-05,0,0,0,0,0,11/10/2025 15:25
THE EYE,EYE,1.58E-05,6.41827042,1.12305292,0,0,0,11/10/2025 15:25
FAME - Rumble Kong League,FAME,3.99E-05,0,-16.21222161,0,0,0,11/10/2025 15:25
Magnetix,MAG,0.000117132,7.0416949,-10.11242762,0,0,0,11/10/2025 15:25
Deutsche Mark,DDM,1.041421615,0.33562673,0.63229021,0,0,0,11/10/2025 15:25
WinX.io,WIN,9.98E-06,2.13092925,-5.135193,0,0,0,11/10/2025 15:25
DISTRIBUTE,DISTRIBUTE,2.34E-05,18.96742947,-0.12470444,0,0,0,11/10/2025 15:25
Deer Seized by US Government,BABY,3.80E-05,4.6581873,-14.77578782,0,0,0,11/10/2025 15:25
POPG,POPG,0.047423152,0,-0.04586401,0,0,0,11/10/2025 15:25
ATM (BSC),ATM,0.000645519,-13.78943721,-11.09645872,0,0,0,11/10/2025 15:25
Stitch,STITCH,2.27E-13,2.48367719,11.9040131,0,0,0,11/10/2025 15:25
Glue,GLUE,0.108323864,0,20.15986557,0,0,0,11/10/2025 15:25
Mantis,$M,0.002640334,0,-14.02066054,0,0,0,11/10/2025 15:25
CrypTalk,TALK,0.035467019,41.19502047,6.52330107,0,0,0,11/10/2025 15:25
Changcoin,CTH,7.143778592,0.92147129,4.80440488,0,0,0,11/10/2025 15:25
SFAGRO,SFAGRO,0.041250113,-1.43873951,-7.64548772,0,0,0,11/10/2025 15:25
Samsara.Build,SAMS,0.000164799,2.06260256,-7.32431685,0,0,0,11/10/2025 15:25
Patlu,PATLU,4.16E-05,-0.85533009,-8.34815396,0,0,0,11/10/2025 15:25
Homer,SIMPSON,9.02E-15,3.17E-05,3.17E-05,0,0,0,11/10/2025 15:25
Nailong,NAILONG,4.29E-05,3.03803089,-3.49280334,0,0,0,11/10/2025 15:25
Morning Routine,ROUTINE,5.60E-05,-0.02226972,-9.71624303,0,0,0,11/10/2025 15:25
uDEX,UUU,0.000401746,-1.10641708,-4.50151553,0,0,0,11/10/2025 15:25
BiorLabs,BYB,0.000627086,14.42384078,39.35115546,0,0,0,11/10/2025 15:25
SNOR,SNOR,1.05E-11,-2.00E-08,-2.00E-08,0,0,0,11/10/2025 15:25
BNB ETF,BNBETF,7.54E-14,-9.90E-07,-9.90E-07,0,0,0,11/10/2025 15:25
ELVIS,ELVIS,6.45E-05,-1.45998933,-1.68587442,0,0,0,11/10/2025 15:25
DOLLY,DOLLY,1.35E-05,-6.03307208,1.11015784,0,0,0,11/10/2025 15:25
DOGE ROCKET,ROCKET,2.60E-05,3.15251009,0.62637708,0,0,0,11/10/2025 15:25
Shong Inu,SHONG,2.89E-05,0,0.76734596,0,0,0,11/10/2025 15:25
Boogie,BOOGIE,8.58E-06,0,-4.90375371,0,0,0,11/10/2025 15:25
Glades,GLDS,0.000341134,0.18507944,16.47787959,0,0,0,11/10/2025 15:25
Bliffy,BLIFFY,2.76E-06,0,-13.17481068,0,0,0,11/10/2025 15:25
Aliens,ALIENS,7.99E-06,0,-13.47015213,0,0,0,11/10/2025 15:25
EvoSimGame,ESIM,0.004538144,-13.87440569,-42.51428655,0,0,0,11/10/2025 15:25
KLK Sync Protocol,KSP,0.30704082,-0.03938414,-0.24400141,0,0,0,11/10/2025 15:25
Ghibli Mubarak,GMUBARAK,7.97E-11,-1.90522022,-2.04266356,0,0,0,11/10/2025 15:25
Native Decentralized Euro Protocol Share,NDEPS,0.408457329,0,0.01954218,0,0,0,11/10/2025 15:25
Nexdol,ND7,0.991217109,-0.01574011,-0.0214951,0,0,0,11/10/2025 15:25
Toy Story,TOYSTORY,2.65E-13,1.18E-06,-12.84821701,0,0,0,11/10/2025 15:25
Defiant,DEFIANT,4.01E-05,6.3446741,-6.66054943,0,0,0,11/10/2025 15:25
ducky,DUCKY,2.42E-05,-1.32128692,-3.41779414,0,0,0,11/10/2025 15:25
Atoshi,ATOS,0.054646082,-0.02195187,5.6178375,0,0,0,11/10/2025 15:25
ARI,ARI,0.004321008,0.23287255,10.46549737,0,0,0,11/10/2025 15:25
Wayru,WAYRU,0.000172812,11.56972468,-2.87554505,0,0,0,11/10/2025 15:25
$GOLD,$GOLD,2.85E-13,2.09930232,-24.76544306,0,0,0,11/10/2025 15:25
Spin It,SPIN,0.001696957,0,-3.7592671,0,0,0,11/10/2025 15:25
FITCHIN Universe,CHIN,0.001374634,1.37073457,-0.84610295,0,0,0,11/10/2025 15:25
Forever Alone,ALONE,1.61E-05,0,-10.9674425,0,0,0,11/10/2025 15:25
RWAI,RWAI,0.00018075,-0.86551505,7.93690505,0,0,0,11/10/2025 15:25
DIVINER,DIVINER,1.22E-05,7.49788806,-15.49807307,0,0,0,11/10/2025 15:25
Troll Coin,TROLL,1.71E-05,5.30507212,-13.48152551,0,0,0,11/10/2025 15:25
Babybonk,BABYBONK,2.08E-08,-0.73887154,-1.19673112,0,0,0,11/10/2025 15:25
Apartment,APARTMENT,4.13E-14,7.60519318,-15.78155555,0,0,0,11/10/2025 15:25
TOKEN 2049,2049,2.19E-05,-1.75940339,-8.26226998,0,0,0,11/10/2025 15:25
BiFinanceToken,BFT,0.622512613,-3.42302308,-7.10161033,0,0,0,11/10/2025 15:25
PIPE,PIPE,1.30E-05,4.46401849,-9.03376802,0,0,0,11/10/2025 15:25
World Series of Degens,$WSOD,3.22E-05,5.37245151,4.97631179,0,0,0,11/10/2025 15:25
AID,AID,1.538197044,3.18006181,10.65447913,0,0,0,11/10/2025 15:25
TOKERO,TOKERO,0.006477584,9.93210473,-6.28352653,0,0,0,11/10/2025 15:25
Titan Token,TNT,0.001496067,0.4101726,7.07559296,0,0,0,11/10/2025 15:25
gork AI Agent,GORK,5.49E-14,-5.65212107,-23.62833641,0,0,0,11/10/2025 15:25
BIGHAIR,BGA,0.000723043,-4.3849726,-1.96264458,0,0,0,11/10/2025 15:25
ALGORITHA AI,ALGOAI,2.55E-05,0.18521392,-1.49387791,0,0,0,11/10/2025 15:25
BAYC AI,BAYC,0.100462158,1.4282387,-2.08680697,0,0,0,11/10/2025 15:25
Superseed,SUPR,0.0005781,5.51925718,-3.44120661,0,0,0,11/10/2025 15:25
AINBNB,AINBNB,5.92E-06,0,-7.74049286,0,0,0,11/10/2025 15:25
Christ is King,CIK,8.44E-07,1.50543954,15.88548015,0,0,0,11/10/2025 15:25
Triceps,TRIX,2.88E-07,2.33483433,-2.24928786,0,0,0,11/10/2025 15:25
SQUIRTLE,SQUIRT,1.21E-05,-2.21876442,-58.21801423,0,0,0,11/10/2025 15:25
Type Shit,TYPE,7.39E-06,8.14647308,-11.42718463,0,0,0,11/10/2025 15:25
Memeseco,MECO,5.12E-05,0,-1.89669267,0,0,0,11/10/2025 15:25
aiSUI,SUIAGENT,1.50E-05,0,0,0,0,0,11/10/2025 15:25
FROGGER,FROGGER,4.42E-05,-1.02780163,-6.10288148,0,0,0,11/10/2025 15:25
Rato The Rat,RATO,8.11E-08,0,-1.91875119,0,0,0,11/10/2025 15:25
ZKCrypt AI,ZKAI,0.002319087,2.83580519,-6.26856869,0,0,0,11/10/2025 15:25
Gold Indonesia Republic,GIDR,114.4621595,0.40326821,-4.62459152,0,0,0,11/10/2025 15:25
USD X20,USDX,0.119948457,0,-88.00750732,0,0,0,11/10/2025 15:25
AI Agent Factory,AIAF,2.03E-05,0,-16.50664403,0,0,0,11/10/2025 15:25
Gorth,GORTH,2.63E-10,-1.1648826,-15.01963509,0,0,0,11/10/2025 15:25
PLAYFUN,PLAYFUN,5.90E-07,-2.38697513,3.90431586,0,0,0,11/10/2025 15:25
Noodle,NOODLE,8.05E-05,-12.13323079,-33.14763418,0,0,0,11/10/2025 15:25
DIGITAL GOLD,$BITCOIN,1.06E-13,3.53880388,-12.60221138,0,0,0,11/10/2025 15:25
Creator Buddy,BUDDY,0.000174492,0.86197183,-28.75129141,0,0,0,11/10/2025 15:25
Naiive,NAIIVE,0.000126729,-9.44933536,-4.77005305,0,0,0,11/10/2025 15:25
Aurascope,AURA,3.63E-05,0,-18.65176387,0,0,0,11/10/2025 15:25
QU3 AI,QU3,0.000627359,0,-9.41878788,0,0,0,11/10/2025 15:25
BANNED,BANNED,0.000137146,6.19081406,-6.64598052,0,0,0,11/10/2025 15:25
Pectra Giraffe,GPECTRA,7.92E-08,0,-3.33416835,0,0,0,11/10/2025 15:25
Noble Dollar,USDN,0.992877749,-0.04896033,-1.70441126,0,0,0,11/10/2025 15:25
Superfriend,SUPFRIEND,5.02E-05,0.48278469,-3.64904742,0,0,0,11/10/2025 15:25
Aura,AURA,0.055149183,-1.22885135,-8.45858487,0,0,0,11/10/2025 15:25
BNBULL,BNBULL,9.22E-06,0,-3.79218422,0,0,0,11/10/2025 15:25
Pepe by Jason Furie,PEPE,5.02E-11,3.45567688,-10.05984437,0,0,0,11/10/2025 15:25
Base@FarCon 2025,BASEFARCON,2.70E-05,1.39628775,-1.77206589,0,0,0,11/10/2025 15:25
Cats N Cars,CNC,0.000314811,0,-13.53033642,0,0,0,11/10/2025 15:25
$SEND,$SEND,5.13E-14,-0.60617096,-12.71964655,0,0,0,11/10/2025 15:25
EuroUnion,EURC,1.160372431,0,-0.9627573,0,0,0,11/10/2025 15:25
Syntor AI,TOR,0.000478822,3.84807437,-15.33544626,0,0,0,11/10/2025 15:25
BRANDY,BRANDY,5.23E-06,-1.99418122,-8.80443029,0,0,0,11/10/2025 15:25
MCP AI,MCP,7.23E-14,-4.98689514,-16.83699273,0,0,0,11/10/2025 15:25
Cloak Network,CLOAK,0.001205994,17.77223217,23.43307998,0,0,0,11/10/2025 15:25
CROAK,C,2.64E-05,6.689731,4.69904379,0,0,0,11/10/2025 15:25
Zether USD,USD.Z,1.0007099,0,0,0,0,0,11/10/2025 15:25
Beercoin 2,BEER2,2.55E-07,-0.28744841,-0.46372861,0,0,0,11/10/2025 15:25
Bitcoin 2.0,BTC2,0.002210387,-11.99883155,-10.70170539,0,0,0,11/10/2025 15:25
ArcadiaOS,ARCOS,5.06E-05,0,-12.1868826,0,0,0,11/10/2025 15:25
Kaws,KAWS,1.03E-05,-19.03745697,10.12315896,0,0,0,11/10/2025 15:25
Cony,CONY,1.19E-05,0,-16.09774685,0,0,0,11/10/2025 15:25
ORCA,ORCAI,3.31E-06,0,-8.0677718,0,0,0,11/10/2025 15:25
Coinstar,CSTAR,7.29E-06,1.13216004,6.60271505,0,0,0,11/10/2025 15:25
Looping Collective,LOOP,0.006483131,-0.97201886,3.31754638,0,0,0,11/10/2025 15:25
VNX Community Hub,VNX,0.04962897,0,-2.07893526,0,0,0,11/10/2025 15:25
Kermit,KERMIT,2.01E-06,0,-15.1156772,0,0,0,11/10/2025 15:25
POP MART,POPMART,5.48E-14,6.1431729,-9.56860188,0,0,0,11/10/2025 15:25
Brown,BROWN,3.46E-05,2.83984414,-2.04102172,0,0,0,11/10/2025 15:25
SLOTH,S,8.31E-06,-1.94280977,-10.2520931,0,0,0,11/10/2025 15:25
Ukrainian Sanctioned Digital Token,USD.T,1.002439187,0.0206418,-0.02806248,0,0,0,11/10/2025 15:25
PEPECASH,PEPECASH,3.53E-05,0.93522477,-8.44496878,0,0,0,11/10/2025 15:25
Bitcoin Platinum,BTCPT,5.81E-09,0,54.4253109,0,0,0,11/10/2025 15:25
Snowy Owl,SWOL,5.53E-08,-24.02632418,13.21060053,0,0,0,11/10/2025 15:25
YieldNest,YND,0.001536821,-1.0118006,-10.34678127,0,0,0,11/10/2025 15:25
Blue Snakes,SNAKES,6.96E-06,0,0,0,0,0,11/10/2025 15:25
Attention,ATTN,0.002955244,0.86827862,4.58580683,0,0,0,11/10/2025 15:25
ANTSCOIN,ANTS,1.34E-05,0,-15.58636861,0,0,0,11/10/2025 15:25
Ducky,DUCKY,3.85E-08,7.23429629,-8.71435723,0,0,0,11/10/2025 15:25
Labubu,LABUBU,1.30E-08,0,-10.93011793,0,0,0,11/10/2025 15:25
GEORGE,GEORGE,2.08E-05,0,-3.45634068,0,0,0,11/10/2025 15:25
Cedar,CDR,0.003805525,4.62728205,-0.545529,0,0,0,11/10/2025 15:25
Burncoin,BURN,0.015771692,0.86543162,2.97908273,0,0,0,11/10/2025 15:25
MLG DOGE,MLG,3.97E-08,0,-11.2647573,0,0,0,11/10/2025 15:25
Beckos,BECKOS,4.86E-11,-1.00E-08,-20.65428979,0,0,0,11/10/2025 15:25
LABUBU,LABUBU,6.98E-05,-1.957476,0.1555013,0,0,0,11/10/2025 15:25
Prime Numbers Labs Ecosystem (new),PRNT,0.05964326,0.9861548,0.92824317,0,0,0,11/10/2025 15:25
Crazy Frog,CRAZY,3.29E-05,-2.66402246,-23.1626467,0,0,0,11/10/2025 15:25
OrbitX DAO,RTX,0.047092414,0,0,0,0,0,11/10/2025 15:25
Birdei,BIRDEI,1.60E-05,11.28428841,6.06504663,0,0,0,11/10/2025 15:25
DaWae,DAWAE,2.23E-05,6.12754006,-11.43999918,0,0,0,11/10/2025 15:25
Cartier,CARTIER,22.77347041,2.1412862,9.22094978,0,0,0,11/10/2025 15:25
Life,LIFE,23.99638987,1.40716669,8.5144684,0,0,0,11/10/2025 15:25
Shell,SHELL,24.71416872,2.40649857,9.39716414,0,0,0,11/10/2025 15:25
Chanel,CHANEL,25.61821,2.33392086,9.14608018,0,0,0,11/10/2025 15:25
Patek,PATEK,24.29726922,2.31831424,9.43400912,0,0,0,11/10/2025 15:25
Rollsroyce,ROLLSROYCE,24.59296333,1.99657828,9.03726284,0,0,0,11/10/2025 15:25
$PLATINUM,$PLAT,1.05E-13,1.68078494,-11.9319775,0,0,0,11/10/2025 15:25
JPMorgan,JPMORGAN,39915.91309,1.58162597,8.6598821,0,0,0,11/10/2025 15:25
The America Party,TAP,7.71E-05,3.93703109,-9.6168987,0,0,0,11/10/2025 15:25
Imagen Network,IMAGE,0.000468479,4.66411632,-40.5888321,0,0,0,11/10/2025 15:25
Queen Sherex,QSHX,0.000206693,1.67503732,-18.56793477,0,0,0,11/10/2025 15:25
TeUSD,TEUSD,0.999882087,0.00487235,-0.0128212,0,0,0,11/10/2025 15:25
Favolo,FAV,8.03E-05,0,-10.85838417,0,0,0,11/10/2025 15:25
OBVIOUS COIN,OBVIOUS,1.40E-05,2.34685772,-9.13575892,0,0,0,11/10/2025 15:25
Brad,BRAD,3.10E-05,0,-13.86953756,0,0,0,11/10/2025 15:25
Naka Go,NAKA,0.000238571,-8.58175841,2.81238306,0,0,0,11/10/2025 15:25
Fusio,FUSIO,0.001159832,0,-36.02843052,0,0,0,11/10/2025 15:25
FingerMonkeys,FMT,4.39E-05,-0.85007723,-23.2975345,0,0,0,11/10/2025 15:25
Keetard,KEETARD,8.78E-06,0,-21.59758998,0,0,0,11/10/2025 15:25
Trader,TDE,1.395104655,-3.60197735,-7.25770682,0,0,0,11/10/2025 15:25
the face of sarcasm,KAPPA,4.45E-05,-3.82241128,2.35916304,0,0,0,11/10/2025 15:25
ShibEstee,ESTEE,6.84E-11,-0.35252646,-16.24122639,0,0,0,11/10/2025 15:25
$COPPER,COPPER,1.27E-13,8.12617013,-46.37875939,0,0,0,11/10/2025 15:25
Roadmap Coin,RDMP,8.39E-06,1.39795825,-9.04172551,0,0,0,11/10/2025 15:25
THE P33L,P33L,5.26E-05,-1.131262,-7.27669184,0,0,0,11/10/2025 15:25
Homer,SIMPSON,2.62E-14,-4.22855511,-26.57943571,0,0,0,11/10/2025 15:25
Weblume AI,WLAI,0.002193527,0,-17.86689309,0,0,0,11/10/2025 15:25
Rita Elite Order,RITA,0.000371885,-5.75998762,-14.32062809,0,0,0,11/10/2025 15:25
Boss Burger,BOSSBURGER,3.73E-05,2.1600427,4.34944184,0,0,0,11/10/2025 15:25
Blaze,BLAZE,7.22E-07,0.47586091,-5.52960228,0,0,0,11/10/2025 15:25
Ishi Go,ISHI,3.64E-05,1.14049465,-11.28427233,0,0,0,11/10/2025 15:25
WAGMI HUB,INFOFI,2.30E-05,-3.45039091,26.70516848,0,0,0,11/10/2025 15:25
SSTZ,SSTZ,0.000104523,-0.7476067,-25.89221553,0,0,0,11/10/2025 15:25
Sponge,SPONGE,5.39E-15,5.98E-05,5.98E-05,0,0,0,11/10/2025 15:25
PowerSnookerCoin,PSC,0.020726543,0,-3.4907161,0,0,0,11/10/2025 15:25
BABY LABUBU,BABYLABUBU,1.73E-14,2.25E-05,58.87658919,0,0,0,11/10/2025 15:25
Metaplanet,MTPLF,0.000158084,0,-19.54891386,0,0,0,11/10/2025 15:25
Goblin World Token,GWT,4.25E-05,-1.51310649,2.40506801,0,0,0,11/10/2025 15:25
Homer Simpson (Ethereum),SIMPSON,3.32E-14,21.18869592,11.4624449,0,0,0,11/10/2025 15:25
Binanciens,BINANCIENS,3.07E-05,-5.20378249,-0.69455081,0,0,0,11/10/2025 15:25
Kayyo,KYO,3.11E-05,-0.06280569,-2.67246445,0,0,0,11/10/2025 15:25
Bitcoin Bob,₿O₿,0.00044651,10.3792786,7.35772279,0,0,0,11/10/2025 15:25
Solana Index Fund,SIF,1.96E-05,2.05951682,5.86267223,0,0,0,11/10/2025 15:25
RealToken Ecosystem Governance,REG,0.15857046,0.74347882,0.96811762,0,0,0,11/10/2025 15:25
CETES tokenized stablebonds (Etherfuse),CETES,0.060852491,-0.0807375,-0.09738919,0,0,0,11/10/2025 15:25
Silver (Grams),GRAMS,1.619877468,3.21814494,4.21351591,0,0,0,11/10/2025 15:25
Palm Economy,PALM,0.000840125,1.00892856,15.00133376,0,0,0,11/10/2025 15:25
Balvi,BALVI,0.021600557,1.30340593,-11.42650896,0,0,0,11/10/2025 15:25
Laïka,LAIKA,4.67E-05,0.59893002,-3.71408214,0,0,0,11/10/2025 15:25
Blockprompt,BLPT,1.47E-06,0,5.23450864,0,0,0,11/10/2025 15:25
$GOLD,$GOLD,3.98E-14,9.48E-06,9.48E-06,0,0,0,11/10/2025 15:25
恭喜发财,RICHCOIN,1.57E-05,0,-13.42711651,0,0,0,11/10/2025 15:25
Bitcoin Roller Coaster Guy,BRCG,1.02E-08,3.84454743,-17.98781128,0,0,0,11/10/2025 15:25
America Party,AMERICA,1.19E-07,5.81686139,-2.27125956,0,0,0,11/10/2025 15:25
Nala,NALA,3.79E-11,5.33045252,-10.58433511,0,0,0,11/10/2025 15:25
Mind Body Soul,MBS,0.036985207,-3.25994229,-22.94657526,0,0,0,11/10/2025 15:25
Togo,TOGO,8.75E-06,0,-7.51453353,0,0,0,11/10/2025 15:25
Maya,MAYA,0.000445291,2.19041117,-8.32872335,0,0,0,11/10/2025 15:25
Tako,TAKO,4.72E-08,0,-9.59690295,0,0,0,11/10/2025 15:25
OWO,$OWO,6.62E-11,-2.88803172,7.2921216,0,0,0,11/10/2025 15:25
Robinhood,HOOD,0.009303635,394.471306,2894.240272,0,0,0,11/10/2025 15:25
USELESS COIN,USELESS,2.60E-14,2.60320693,-9.31390159,0,0,0,11/10/2025 15:25
President Elon,ELON,1.15E-13,1.74E-06,1.74E-06,0,0,0,11/10/2025 15:25
Doraemon (doraemon50th.com),DORAEMON,6.30E-11,0.23780457,0.70343383,0,0,0,11/10/2025 15:25
X Super Official CEO,MRBEAST,1.99E-05,0.88890246,-2.79609355,0,0,0,11/10/2025 15:25
Altcoin,ALT,2.03E-14,1.44E-05,-28.83207747,0,0,0,11/10/2025 15:25
Big Back Bitcoin,BBBTC,1.89E-05,3.62482375,-5.13028186,0,0,0,11/10/2025 15:25
Clean Food,CF,0.001869519,0,163.3467952,0,0,0,11/10/2025 15:25
DegeCoin,DEGE,3.22E-15,5.86E-05,5.86E-05,0,0,0,11/10/2025 15:25
Marutaro,MARU,0.00018014,2.24657332,-10.91883485,0,0,0,11/10/2025 15:25
Dogen,DOGE,5.52E-15,-48.51503693,-63.88625853,0,0,0,11/10/2025 15:25
He Hua,HUAHUA,1.29E-11,5.80850304,-6.41090149,0,0,0,11/10/2025 15:25
USDC.a Bridged ART20,USDC.A,0.999930118,-0.03097283,0.08187778,0,0,0,11/10/2025 15:25
NIMO Protocol,NIM,5.68E-06,11.82873623,-23.57748422,0,0,0,11/10/2025 15:25
Roscoe,ROSCOE,3.21E-05,4.15958404,-7.97522795,0,0,0,11/10/2025 15:25
Xing Xing,XING,0.000289541,-1.87545885,11.99967028,0,0,0,11/10/2025 15:25
BABY PEPE,PEPE,1.36E-14,1.62E-05,-24.25378383,0,0,0,11/10/2025 15:25
Launchium,LNCHM,9.28E-06,-1.66645167,-29.63503322,0,0,0,11/10/2025 15:25
LAMA Trust Coin v2,VLAMA,0.000533219,-4.84223528,-2.58236368,0,0,0,11/10/2025 15:25
DARUMA,D,6.31E-06,9.06024621,8.50072999,0,0,0,11/10/2025 15:25
Manyu BNB,MANYU,6.36E-10,0,0,0,0,0,11/10/2025 15:25
DashFun,DFUN,2.10E-06,0,1.03123713,0,0,0,11/10/2025 15:25
Hoodog,HOODOG,4.39E-11,-1.63053986,-7.30523553,0,0,0,11/10/2025 15:25
Andrea Von Speed,ANDREA,7.47E-05,-0.73226642,-8.94989019,0,0,0,11/10/2025 15:25
Tesla Dog,DOGIMUS,0.000259242,1.70282175,-7.26053369,0,0,0,11/10/2025 15:25
Ricky The Raccoon,RICKY,4.08E-05,8.99053328,-0.29690653,0,0,0,11/10/2025 15:25
Xpedition,XPED,0.020090035,0,-13.7737299,0,0,0,11/10/2025 15:25
MONKE,MONKE,0.000150806,0.55752335,-11.64698758,0,0,0,11/10/2025 15:25
Original Bitcoin,BC,0.000370162,0,-13.05754774,0,0,0,11/10/2025 15:25
AiOShi Apple Companion,AIOSHI,1.03E-05,-4.29555195,-5.53677586,0,0,0,11/10/2025 15:25
Yotsuba,SUBA,2.52E-11,0,-17.93774906,0,0,0,11/10/2025 15:25
Sideliner Coin,SIDELINER,6.79E-06,0,-11.92888608,0,0,0,11/10/2025 15:25
Tanuki,TANUKI,3.61E-05,1.76405986,0.90824558,0,0,0,11/10/2025 15:25
Privix,PRIVIX,0.006156165,2.72946035,-2.19565687,0,0,0,11/10/2025 15:25
SynVision,TWS,0.034530282,0.44451296,0.50495731,0,0,0,11/10/2025 15:25
DOGE TO MARS,DOGEMARS,2.30E-14,5.37E-06,-14.01170934,0,0,0,11/10/2025 15:25
Mars the hippo,MARS,2.84E-05,0.19488624,16.12199316,0,0,0,11/10/2025 15:25
Monkey the picasso,MONKEY,1.61E-05,5.49898703,-12.72126525,0,0,0,11/10/2025 15:25
Baby Manyu,BABYMANYU,1.03E-13,-0.95353364,0.60236702,0,0,0,11/10/2025 15:25
ITGlobal,ITG,2.37E-06,-0.5070068,-9.02103132,0,0,0,11/10/2025 15:25
Valentine Grok Companion (valentinebase.xyz),VALENTINE,0.0001687,0,0,0,0,0,11/10/2025 15:25
Crypto Barn,BARN,3.59E-05,-1.04788332,-22.35283477,0,0,0,11/10/2025 15:25
Doge Grok Companion,DOGE,5.54E-15,8.86E-06,-23.85376766,0,0,0,11/10/2025 15:25
Hash Epoch Sports Token,HEST,0.00012851,0,1.36616886,0,0,0,11/10/2025 15:25
PEPE ONE,P1,1.03E-05,-0.65268883,-8.29230725,0,0,0,11/10/2025 15:25
Jeffrey Epstain,EPSTAIN,8.20E-06,0,3.12230476,0,0,0,11/10/2025 15:25
World Liberty Financial (worldlibertyfinancial.education),WLFI,0.000256402,-0.9626516,-1.1824716,0,0,0,11/10/2025 15:25
XAU9999 Meme,XAU,3.10E-11,-2.47170945,54.60008588,0,0,0,11/10/2025 15:25
Law Of Attraction v2,LOA,3.28E-05,0.61110905,-12.24463999,0,0,0,11/10/2025 15:25
AsetQu,ASETQU,15.64704466,0.08054574,105.8590955,0,0,0,11/10/2025 15:25
Bitcoin Oil,BITCOINS,6.73E-12,-32.18390699,-75.64384233,0,0,0,11/10/2025 15:25
airfryer coin,AIRFRY,8.74E-06,0,-3.66886617,0,0,0,11/10/2025 15:25
TriviAgent,TRIVI,0.000430103,6.49886147,-15.1669899,0,0,0,11/10/2025 15:25
Ratio1,R1,0.629817869,5.42830087,-2.95401126,0,0,0,11/10/2025 15:25
GREEN,GREEN,9.12E-06,0,-8.27850502,0,0,0,11/10/2025 15:25
Vooz Coin,VOOZ,0.000223819,6.52528021,-2.25527193,0,0,0,11/10/2025 15:25
Slippy,SLIPPY,3.38E-07,-5.50387656,-9.6995775,0,0,0,11/10/2025 15:25
just memecoin,MEMECOIN,1.05E-14,2.95117244,27.53858982,0,0,0,11/10/2025 15:25
Uniart AI,UNIART,0.000301521,0,0.04221234,0,0,0,11/10/2025 15:25
Tregrity USD,USD.I,0.999620047,-0.01513303,-0.02859368,0,0,0,11/10/2025 15:25
DOWGE,DOWGE,4.00E-15,7.20E-05,-28.84349973,0,0,0,11/10/2025 15:25
MAO,MAO,3.47E-05,2.32506063,-13.22454631,0,0,0,11/10/2025 15:25
CharCoin,CHAR,0.000481008,1.23346455,-22.91429581,0,0,0,11/10/2025 15:25
Launchpad,RUGPROOF,1.06E-05,1.38368331,-6.52324425,0,0,0,11/10/2025 15:25
motion,MOTION,1.34E-05,0,-6.17683699,0,0,0,11/10/2025 15:25
Cosmo,COSMO,4.83E-05,-2.29412015,21.34464196,0,0,0,11/10/2025 15:25
Bingo,BINGO,1.55E-06,6.32109362,-0.18940937,0,0,0,11/10/2025 15:25
Oikos (New),OKS,0.161057099,3.56835716,-3.23212175,0,0,0,11/10/2025 15:25
LAZHUZHU,LAZHUZHU,1.97E-15,2.22E-05,-9.8689213,0,0,0,11/10/2025 15:25
Long Jawn Silvers,JAWN,6.30E-06,0,20.14582034,0,0,0,11/10/2025 15:25
x1000club,X1000,0.001777111,0.48561978,0.57760709,0,0,0,11/10/2025 15:25
emmm,EMMM,1.85E-05,-21.0552207,-99.41498317,0,0,0,11/10/2025 15:25
Ultracoin,USDU,1.000172914,0,0,0,0,0,11/10/2025 15:25
Tethor USD,USDT.a,0.999808981,0.03195559,0.06410856,0,0,0,11/10/2025 15:25
OpenVoice,OPENVC,0.001520029,0,223.5701045,0,0,0,11/10/2025 15:25
Grok Imagine,IMAGINE,3.17E-15,68.37948525,235.7121715,0,0,0,11/10/2025 15:25
ROLLHUB,RHUB,0.000215052,5.63090947,5.10855837,0,0,0,11/10/2025 15:25
Grok Imagine,IMAGINE,1.51E-05,-1.00163636,-1.24804318,0,0,0,11/10/2025 15:25
TROLLGE,TROLLGE,1.21E-05,12.09452421,0.93150884,0,0,0,11/10/2025 15:25
Mapchain,MCT,0.00590012,96.68801364,-15.69275661,0,0,0,11/10/2025 15:25
Telgather Games,TOG,6.59E-06,-1.45318381,-5.20901594,0,0,0,11/10/2025 15:25
Longcat,NOBIKO,2.38E-11,-1.00E-08,-10.95956849,0,0,0,11/10/2025 15:25
Macro Millions,MACRO,0.000520117,0.68586459,-13.1212262,0,0,0,11/10/2025 15:25
RAGEGUY FFFFFFFFFFFFFUUUUUUUUUUUUUUUU,RAGEGUY,1.21E-05,4.68797339,-9.42017959,0,0,0,11/10/2025 15:25
Richard Mille,RM,5.01E-06,0,-6.08166795,0,0,0,11/10/2025 15:25
CoinUp.io,CP,0.130834387,-8.79112577,27.56755357,0,0,0,11/10/2025 15:25
Nile Coin,NILE,6.33E-05,-25.97673247,-20.55867592,0,0,0,11/10/2025 15:25
Inferium,IFR,0.00018241,0.04028956,-33.50169515,0,0,0,11/10/2025 15:25
People with 1 IQ,$1IQ,2.75E-13,0.38634958,-10.70549456,0,0,0,11/10/2025 15:25
SCAN,SCAN,9.69E-05,-3.42585736,22.95740279,0,0,0,11/10/2025 15:25
Steam22,STM,0.11358064,-2.88298222,2.69480037,0,0,0,11/10/2025 15:25
BombPixel,BPXL,8.91E-07,-5.68269852,12.79709252,0,0,0,11/10/2025 15:25
MBGA,MBGA,2.91E-05,0.17701262,-4.97602839,0,0,0,11/10/2025 15:25
BALLTZE,BALLTZE,1.51E-05,3.98054211,-6.89205216,0,0,0,11/10/2025 15:25
Baby Boss,BABYBOSS,4.18E-14,-3.86344385,-3.63800833,0,0,0,11/10/2025 15:25
VitalikTrumpXiMuskPepeShrekMarioPacRoseETH9999Inu,ETH,9.85E-12,-3.00E-08,-6.82414143,0,0,0,11/10/2025 15:25
JOJO,JOJO,3.63E-05,0.90149106,-12.09293018,0,0,0,11/10/2025 15:25
Tokabu,TOKABU,4.21E-14,-0.81206917,-5.33519616,0,0,0,11/10/2025 15:25
SolControl,SCTRL,0.000238411,2.25111905,-18.86037492,0,0,0,11/10/2025 15:25
just mooncoin,MOON,8.50E-06,7.02474367,-7.32040429,0,0,0,11/10/2025 15:25
TetherFund,USD.F,1.000024684,0,0,0,0,0,11/10/2025 15:25
Speedrun,RUN,1.13E-05,3.49904189,-15.608935,0,0,0,11/10/2025 15:25
Bull Pepe (bullpepe.com),BULLPEPE,1.05E-05,-4.71207517,-0.51051594,0,0,0,11/10/2025 15:25
EternaFi Agents,AINFT,0.000658499,0.21553954,1.28884047,0,0,0,11/10/2025 15:25
Baby Spark,BABYSPARK,4.70E-14,-2.16903813,-3.07944147,0,0,0,11/10/2025 15:25
Berrie Dex,BERRIE,2.76167883,-0.36165545,-40.29931973,0,0,0,11/10/2025 15:25
FTPY TOKEN,FTPY,1.914686964,2.62190841,-1.80424075,0,0,0,11/10/2025 15:25
Founder,FOUNDER,0.00010346,-16.15443499,-33.52993013,0,0,0,11/10/2025 15:25
Furo,FURO,5.97E-06,0,-20.46027343,0,0,0,11/10/2025 15:25
Meta Pool,mpDAO,0.019835589,-1.50927048,8.32882813,0,0,0,11/10/2025 15:25
Totakeke,TOTAKEKE,4.52E-05,5.13805408,-13.72521005,0,0,0,11/10/2025 15:25
Flicker,FKR,0.001237734,-0.95618521,3.15508778,0,0,0,11/10/2025 15:25
Frog X Toad 6900,FXT,3.59E-07,2.41713916,-8.52093971,0,0,0,11/10/2025 15:25
Moaner by Matt Furie,MOANER,3.08E-05,0,-6.34550296,0,0,0,11/10/2025 15:25
CLIPPY,CLIPPY,2.07E-14,7.36910733,-6.5598299,0,0,0,11/10/2025 15:25
TTAJ,TTAJ,0.003006188,8.32204161,16.18275757,0,0,0,11/10/2025 15:25
Green Dildo Coin,DILDO,2.77E-06,4.83189555,-33.86850072,0,0,0,11/10/2025 15:25
Bounce,BOUNCE,3.00E-06,10.33692011,-5.81287854,0,0,0,11/10/2025 15:25
Yait Siu,YAIT,0.000707503,0,-10.56450037,0,0,0,11/10/2025 15:25
BNB AI,BNB,9.47E-05,-0.72195056,11.08534116,0,0,0,11/10/2025 15:25
OXYLON,OXL,0.976239565,0.00725909,-0.68757182,0,0,0,11/10/2025 15:25
SackFurie,SACKS,3.84E-05,1.84650001,-6.26936292,0,0,0,11/10/2025 15:25
Monopoly,MONOPOLY,1.28E-05,-1.44319379,-20.68337241,0,0,0,11/10/2025 15:25
DNA (Ethereum),DNA,1.67E-14,3.72808575,-19.89129768,0,0,0,11/10/2025 15:25
MLM X,MLMX,0.000142252,-22.81789942,-25.34035241,0,0,0,11/10/2025 15:25
Sunrise,RISE,0.007932425,0,-5.04505345,0,0,0,11/10/2025 15:25
Chew,CHEW,3.03E-05,-0.6852579,-10.98111421,0,0,0,11/10/2025 15:25
Open Source,OS,0.000448944,0,-32.54164483,0,0,0,11/10/2025 15:25
Alpaca Socks,SOCKS,8.23E-06,-4.03945807,21.85775246,0,0,0,11/10/2025 15:25
GOBL,GOBL,2.22E-05,6.0983134,-10.63900836,0,0,0,11/10/2025 15:25
FOMO,FOMO,0.002254389,-2.35804027,-18.57844117,0,0,0,11/10/2025 15:25
Bag on Bonk,BAG,0.000348512,6.82854437,74.29316858,0,0,0,11/10/2025 15:25
GUGO,GUGO,0.000706888,1.50180206,-9.83449861,0,0,0,11/10/2025 15:25
Nobody Sausage,NOBODY,4.09E-14,1.81546152,9.45736725,0,0,0,11/10/2025 15:25
CoinPouch,POUCH,2.68E-05,-15.83900613,-55.51612564,0,0,0,11/10/2025 15:25
BNBTiger Inu,BNB,6.92E-05,-9.939513,-11.58723087,0,0,0,11/10/2025 15:25
Cardano Inu,ADA,3.35E-05,4.04085524,2.09975643,0,0,0,11/10/2025 15:25
GammaSwap,GS,0.020540922,28.52986719,-1.3832145,0,0,0,11/10/2025 15:25
Baby Shrek,BABYSHREK,2.86E-10,-0.579595,-1.66158391,0,0,0,11/10/2025 15:25
American Bitcoin,ABTC,9.68E-10,0.01293224,3.07861607,0,0,0,11/10/2025 15:25
Daifuku,DAIFUKU,1.03E-05,0.53816307,-4.79547702,0,0,0,11/10/2025 15:25
Haust Network,HAUST,0.0155645,-1.9231956,-6.74071165,0,0,0,11/10/2025 15:25
CRO Trump AI,CRO,3.89E-05,0.49514745,14.81749875,0,0,0,11/10/2025 15:25
Nethara Labs,LABS,0.011365914,3.68874768,0.80340346,0,0,0,11/10/2025 15:25
unstable two,USD2,5.90E-06,0,-10.52456884,0,0,0,11/10/2025 15:25
BaseRise,BRISE,1.28E-05,0,-20.34025279,0,0,0,11/10/2025 15:25
digital gold,GOLD,2.58E-14,-12.37604351,20.18073516,0,0,0,11/10/2025 15:25
xADA,xADA,4.76E-06,2.29205181,-7.11879419,0,0,0,11/10/2025 15:25
Coremind,CORE,0.000197491,6.14991682,-85.06345391,0,0,0,11/10/2025 15:25
Kawakami,KAMI,2.92E-05,0.04252968,-6.89675633,0,0,0,11/10/2025 15:25
VoltCoin,VOLT,2.37E-15,2.56E-05,27.2141402,0,0,0,11/10/2025 15:25
Dynamic Trust Network,DTN,50.17159155,5.60099463,4.16501453,0,0,0,11/10/2025 15:25
XDOGE,XDOGE,1.94E-15,0.00025455,-36.8752695,0,0,0,11/10/2025 15:25
Agilavetri Groups,AVG,0.619932299,0,19.24251716,0,0,0,11/10/2025 15:25
PwrAI,PWRA,0.197019967,-34.29330725,-29.61814079,0,0,0,11/10/2025 15:25
brickcoin,BRICK,8.27E-06,5.92795365,-1.88837889,0,0,0,11/10/2025 15:25
Gengar,GENGAR,4.79E-11,-0.63768981,-4.44197769,0,0,0,11/10/2025 15:25
HUNT,HUNT,0.000132575,-2.94471897,4.70458487,0,0,0,11/10/2025 15:25
Pek,PEK,1.55E-05,2.14342742,-5.2900437,0,0,0,11/10/2025 15:25
Identified Flying Objects,IFO,1.30E-05,0,17.24298476,0,0,0,11/10/2025 15:25
Charlie Kirk,CHARLIEKIRK,5.67E-09,0,-7.58085027,0,0,0,11/10/2025 15:25
Noodleface,NOODLE,3.18E-07,-8.86351848,-30.00969463,0,0,0,11/10/2025 15:25
Digital Gold,GOLD,1.93E-05,13.48366725,27.82642591,0,0,0,11/10/2025 15:25
Dogecoin ETF,DOJE,2.75E-14,1.85E-06,-6.27217262,0,0,0,11/10/2025 15:25
DOGE ETF,DOJE,1.22E-15,120.0993379,81.88006154,0,0,0,11/10/2025 15:25
Doge ETF,DOJE,5.41E-05,0,-11.70543775,0,0,0,11/10/2025 15:25
Dragon Coin,DGN,0.000637315,0.40993435,1.92705127,0,0,0,11/10/2025 15:25
HAMZ,HAMZ,6.84E-06,3.0109913,-0.81928723,0,0,0,11/10/2025 15:25
DOGE ETF,DOJE,5.68E-16,-13.36563616,-60.13986943,0,0,0,11/10/2025 15:25
Meta Dollar Coin,MDC,0.305416254,-3.23658477,-14.48175377,0,0,0,11/10/2025 15:25
USAD,USAD,1.00004526,0,-0.01114604,0,0,0,11/10/2025 15:25
Robotexon,ROX,0.003605237,10.86291818,-0.37451665,0,0,0,11/10/2025 15:25
Qace Dynamics,QACE,0.012232328,-3.95677097,-14.30466684,0,0,0,11/10/2025 15:25
AIQuant.fun,AIQ,0.015253298,36.96499316,-40.97388924,0,0,0,11/10/2025 15:25
Chinese Dogecoin,狗狗币,1.82E-05,-7.47245454,30.85337967,0,0,0,11/10/2025 15:25
Dogecoin ETF,DOJE,5.13E-16,0.00040274,10.37496024,0,0,0,11/10/2025 15:25
Liquid Agent,LIQUID,0.007089125,0.98600746,26.27299984,0,0,0,11/10/2025 15:25
cwoin,CWOIN,3.35E-05,-0.16555136,-10.21668542,0,0,0,11/10/2025 15:25
Creme Puff,CREMEPUFF,2.54E-05,-2.10498551,-19.79648307,0,0,0,11/10/2025 15:25
Tokabu,TOKABU,2.44E-15,3.98E-05,3.98E-05,0,0,0,11/10/2025 15:25
Binance's Palu,PALU,9.09E-05,-1.84266467,-8.50286375,0,0,0,11/10/2025 15:25
Aster,ASTER,4.48E-11,-0.44573713,-1.0376251,0,0,0,11/10/2025 15:25
DOGE ETF,DOJE,4.25E-16,-98.26077542,-9.21512842,0,0,0,11/10/2025 15:25
HumansOfBinance,HOB,2.75E-05,-0.38944115,8.16037459,0,0,0,11/10/2025 15:25
Baby Solana,BSOL,4.72E-06,0.50703173,-27.79128756,0,0,0,11/10/2025 15:25
Giggle Donate,GIGGLE,9.17E-14,-3.05273273,-11.09161363,0,0,0,11/10/2025 15:25
BNBCakeCoin,BNBCAKE,0.000333885,-0.5049517,-11.16536069,0,0,0,11/10/2025 15:25
DOGE ETF,TDOG,2.15E-15,-3.50E-05,35.18481163,0,0,0,11/10/2025 15:25
Baby Dust,BABYDUST,2.43E-05,-0.05923981,-1.95139557,0,0,0,11/10/2025 15:25
XRP AI,XRP,6.39E-05,2.11417608,-3.00666733,0,0,0,11/10/2025 15:25
NOS,NOS,7.692633647,-0.84985097,12.75093728,0,0,0,11/10/2025 15:25
KnockOut Games,GG,0.001748468,-7.42886362,-25.20033294,0,0,0,11/10/2025 15:25
USD X20,USDX,1.04171914,0,0,0,0,0,11/10/2025 15:25
Speechless,SPEECHLESS,0.000596848,-5.34103766,-19.7890063,0,0,0,11/10/2025 15:25
Ready player one,RP1,1.783116822,1.96996107,8.32735258,0,0,0,11/10/2025 15:25
SOLTAN,SOLTAN,0.000103923,18.56246777,-13.42877904,0,0,0,11/10/2025 15:25
Opal,OPAL,0.137834421,-0.99488943,38.35297726,0,0,0,11/10/2025 15:25
ArAIstotle Fact Checker (Facy_OfficialHQ),FACY,1.29E-06,0,-14.34711745,0,0,0,11/10/2025 15:25
Crypto Trump,TRUMP,1.40E-06,5.72955652,-8.72114986,0,0,0,11/10/2025 15:25
8,8,2.18E-05,0.51084042,-4.90319352,0,0,0,11/10/2025 15:25
Mobile Blockchain,MOB,0.570138212,2.74566438,9.41154328,0,0,0,11/10/2025 15:25
Jeetjail,JEET,1.86E-07,2.23546196,-4.66786198,0,0,0,11/10/2025 15:25
SmartGolfToken,SGI,0.922184107,-0.18640113,-0.48777578,0,0,0,11/10/2025 15:25
Bitcoin X (tokenxoff.xyz),BTC,0.000157026,-0.02476869,-6.22878104,0,0,0,11/10/2025 15:25
Inu Hariko,HARIKO,6.41E-05,-2.32028818,-36.37388822,0,0,0,11/10/2025 15:25
united normies in crypto extending funds,UNICEF,8.31E-06,-4.40219565,-0.86986476,0,0,0,11/10/2025 15:25
LynkCoDAO,LNK,0.041854735,-0.72695052,-0.39746952,0,0,0,11/10/2025 15:25
Four,FOUR,0.002303638,-2.50560481,-10.52038197,0,0,0,11/10/2025 15:25
Palu (Ethereum),PALU,7.27E-14,-2.69E-06,-14.15433066,0,0,0,11/10/2025 15:25
Upwego,UP,1.75E-07,5.72963723,7.76780924,0,0,0,11/10/2025 15:25
Baby Bitcoin,BABYBTC,1.92E-05,-4.9571647,-7.72008966,0,0,0,11/10/2025 15:25
Ratscoin,RATS,1.44E-08,-0.69918474,-3.74142226,0,0,0,11/10/2025 15:25
Agentify AI,AGF,0.000245754,0.96297114,-97.34326003,0,0,0,11/10/2025 15:25
Light Speed Cat V2,LSCAT,0.000318977,-4.21834185,-7.04954657,0,0,0,11/10/2025 15:25
Bitcoin Inu (tokeninu.xyz),BTC,0.000240275,1.52733008,36.78013162,0,0,0,11/10/2025 15:25
Fire Token (fire-token.ca),FIRE,0.016934872,-0.32071159,-6.28695029,0,0,0,11/10/2025 15:25
Knuxx Bully of ETH,KNUXX,1.79E-12,1.67033559,-9.56151031,0,0,0,11/10/2025 15:25
SF,STORM,0.088739542,2.80292056,-5.02514489,0,0,0,11/10/2025 15:25
ViFox Coin,VFX,0.010640614,0,-68.87820493,0,0,0,11/10/2025 15:25
pochita,POCHITA,2.30E-05,6.23524785,-9.79046342,0,0,0,11/10/2025 15:25
TAKO,TAKO,1.50E-05,-2.29957687,-85.56495093,0,0,0,11/10/2025 15:25
YinYang,阴阳,4.26E-05,0.73035483,-10.89715652,0,0,0,11/10/2025 15:25
JEFE TOKEN v2,JEFE,2.39E-05,-3.29923854,-71.33906506,0,0,0,11/10/2025 15:25
FANtium Tennis Coin,FANTC,0.013410368,21.87378438,-2.80778871,0,0,0,11/10/2025 15:25
Assets Alphabet,ALPRO,0.558628237,5.53289744,0.8585522,0,0,0,11/10/2025 15:25
Flōki (flokimeme.world),FLŌKI,9.00E-14,5.29395522,-16.31045666,0,0,0,11/10/2025 15:25
Pengda Yellow Panda,PNGDA,9.96E-06,0.72510628,11.96457166,0,0,0,11/10/2025 15:25
Baby Base,BASE,0.000600069,-1.48846007,-81.10900128,0,0,0,11/10/2025 15:25
x402,x402,1.48E-13,-5.84708902,-15.08728937,0,0,0,11/10/2025 15:25
Frenly,FRENLY,0.01277128,-1.11179971,-21.38886993,0,0,0,11/10/2025 15:25
Vertisan X,VTSNX,43.3519014,0,-4.15516595,0,0,0,11/10/2025 15:25
MyStandard,MYST,0.016895696,-0.67721896,-13.92034164,0,0,0,11/10/2025 15:25
x402 AI,X402AI,2.47E-13,-2.54003897,-13.45529776,0,0,0,11/10/2025 15:25
CZ Guardian,GUARD,8.45E-06,-3.80977178,-40.00570493,0,0,0,11/10/2025 15:25
StakeFundex,SDX,4.714811217,-0.6977795,0.04983236,0,0,0,11/10/2025 15:25
Green Meme Coin,GMC,1.13E-06,-0.94800651,-0.25526774,0,0,0,11/10/2025 15:25
DOGE-1 Satellite,DOGE-1,3.38E-14,1.42E-05,-91.23463159,0,0,0,11/10/2025 15:25
Lido Staked ETH,stETH,3541.132869,-0.86390354,-1.48303779,30575149962,33047014.53,8634284.871,11/10/2025 15:25
Wrapped TRON,WTRX,0.293723885,0.84321223,4.05029295,25678193693,2730096.118,87422899423,11/10/2025 15:25
Lido wstETH,WSTETH,4310.778032,-1.00962597,-1.52740131,14632792615,37818268.42,3394466.731,11/10/2025 15:25
Wrapped Bitcoin,WBTC,105350.053,0.91316779,-0.9633057,13393205939,399789958.1,127130.5097,11/10/2025 15:25
Wrapped Beacon ETH,WBETH,3836.504891,-0.78378249,-1.16661334,12523443984,3586761.045,3264284.639,11/10/2025 15:25
WETH,WETH,3541.418876,-1.04723089,-1.4940173,11953413434,1758794452,3375317.593,11/10/2025 15:25
Wrapped eETH,weETH,3829.652841,-0.62412145,-1.2875592,9311456548,1636757.872,2431410.087,11/10/2025 15:25
USDS,USDS,1.000176394,-0.0081626,0.00718676,9179958148,3025130.771,9178339146,11/10/2025 15:25
Aave Ethereum WETH,AETHWETH,3415.218761,0,-4.91982287,8568010859,0,2508773.657,11/10/2025 15:25
Coinbase Wrapped BTC,CBBTC,105473.5679,0.84298935,-0.90050341,7334398596,468990784.4,69537.78794,11/10/2025 15:25
Bitcoin BEP2,BTCB,105487.7284,0.84548756,-0.84487188,6879511447,83750798.36,65216.22518,11/10/2025 15:25
Aave Ethereum USDT,AETHUSDT,0.999905782,-0.03596696,-0.01841606,5102634075,161550.2844,5103114881,11/10/2025 15:25
Ethena Staked USDe,sUSDe,1.201743389,0.01427701,-0.05653255,4603383206,12139788.69,3830587500,11/10/2025 15:25
Jito Staked SOL,JITOSOL,205.9239694,0.57322845,0.09580914,2403716960,18529527.68,11672837.15,11/10/2025 15:25
Ethena Labs (USDtb),USDtb,0.999402472,-0.02343925,-0.08961492,1832496717,38929.22466,1833592339,11/10/2025 15:25
BFUSD,BFUSD,0.999768255,-0.02167104,-0.01772065,1625623182,7343635.918,1626000000,11/10/2025 15:25
Rocket Pool ETH,RETH,4065.94245,-1.10093848,-1.23172824,1572609186,7190073.239,386776.0564,11/10/2025 15:25
Wrapped BNB,WBNB,986.5239637,-1.0274131,-0.65157681,1561553530,784155907.4,1582884.54,11/10/2025 15:25
syrupUSDC,syrupUSDC,1.135775292,0.00892394,0.16620435,1529001968,21447268.05,1346218728,11/10/2025 15:25
Binance Staked SOL,BNSOL,179.4570491,0.6282678,0.3506251,1507756588,4578794.401,8401768.531,11/10/2025 15:25
Kelp DAO Restaked ETH,RSETH,3764.787119,-0.39190249,-0.79573231,1299303166,0,345119.9563,11/10/2025 15:25
Function,FBTC,105500.0672,0.61616026,-0.41867907,1261374502,97686.39257,11956.14881,11/10/2025 15:25
Lista Staked BNB,slisBNB,1018.547775,-0.72581657,-0.10542754,1255030177,992299.8062,1232176.053,11/10/2025 15:25
Lombard Staked BTC,LBTC,105389.8114,0.91026754,-1.33837354,1241940814,1821444.387,11784.25882,11/10/2025 15:25
Liquid Staked ETH,LSETH,3814.097182,-1.000309,-1.81817348,1202083322,119022.5811,315168.5089,11/10/2025 15:25
Renzo Restaked ETH,EZETH,3786.054336,-0.45774871,-0.83074125,1092435874,109732.5241,288542.0486,11/10/2025 15:25
SolvBTC,SolvBTC,105553.0209,1.4474408,-0.96134312,1065874395,72832.72309,10097.9999,11/10/2025 15:25
slisBNBx,slisBNBx,986.5081,-1.01496704,-0.65485686,1063383590,18996716.15,1077926.871,11/10/2025 15:25
Mantle Staked Ether,METH,3818.395441,-1.1070373,-1.4616981,886155927.7,4147029.497,232075.4729,11/10/2025 15:25
Jupiter Staked SOL,JUPSOL,190.622073,0.62279236,0.25896256,792172727.6,1362145.079,4155724.02,11/10/2025 15:25
Venus BTC,vBTC,2146.82133,0.81549369,-3.08470526,785178227.9,0,365739.9044,11/10/2025 15:25
USD Coin Bridged,USDC.e,1.000615652,0.05713058,0.04764896,730286877.4,33856133.88,729837551.8,11/10/2025 15:25
tBTC,TBTC,105195.3911,1.01869986,-1.08494999,716886292,18480423.78,6814.807043,11/10/2025 15:25
StakeWise Staked ETH,osETH,3654.483636,-2.44379961,-4.18633242,713320454.7,0,195190.4909,11/10/2025 15:25
Wrapped XTZ,WXTZ,0.625906775,-0.88478446,17.95890894,646470148.2,0,1032853731,11/10/2025 15:25
Marinade Staked SOL,MSOL,221.8174614,0.62069605,0.30088053,624077660.5,7446735.72,2813474,11/10/2025 15:25
Venus BNB,vBNB,24.54724611,-1.01288461,-0.64031845,597994117.2,598194846,24360945.2,11/10/2025 15:25
Staked Aave,stkAAVE,221.8100296,6.39583206,9.09384324,595823587.2,0,2686188.665,11/10/2025 15:25
syrupUSDT,syrupUSDT,1.101713842,0.01595404,0.24355542,559245232.4,627718.7203,507613874.7,11/10/2025 15:25
Stader ETHx,ETHX,3836.953855,0.05993552,-1.38663738,550381706.3,0,143442.3574,11/10/2025 15:25
Staked USD0,USD0++,0.929471191,0.00998011,0.62546519,488154034.7,0,525195443.9,11/10/2025 15:25
Bitcoin Avalanche Bridged,BTC.b,105429.4221,0.84843676,-1.01022205,475762030.6,26306616.14,4512.611575,11/10/2025 15:25
Coinbase Wrapped Staked ETH,cbETH,3892.473067,-1.08484889,-1.45080772,474104691.8,4317990.247,121800.3782,11/10/2025 15:25
ether.fi Staked ETH,EETH,3554.674525,1.57038109,-1.59900218,463353066.2,0,130350.3494,11/10/2025 15:25
BENQI Liquid Staked AVAX,sAVAX,22.10024232,1.46063708,7.47183439,454644797.9,1493509.094,20571937.23,11/10/2025 15:25
Wrapped Zedxion,WZEDX,0.099444325,0.44158946,0.38428205,408637702.7,37095451.94,4109210879,11/10/2025 15:25
Aster asBNB,asBNB,1046.657876,-0.95323656,-0.05340861,372689306.6,104029.2721,356075.5764,11/10/2025 15:25
Mantle Restaked Ether,CMETH,3816.414986,-0.89787048,-1.46025107,355906112.5,7808927.742,93256.65941,11/10/2025 15:25
Beacon ETH,BETH,3515.084203,-1.0049338,-1.7405773,354928597.2,14935706.56,100973,11/10/2025 15:25
Frax Staked Ether,SFRXETH,3858.692099,-1.94776826,-13.74583791,343084746.2,0,88912.1851,11/10/2025 15:25
Sanctum Infinity,INF,228.9213118,0.88998622,0.46551881,329197776.9,2435213.527,1438039.011,11/10/2025 15:25
Wrapped Fantom,WFTM,0.148630781,-11.4028966,21.7287312,324490234.9,2606.333617,2183196732,11/10/2025 15:25
Venus USDT,vUSDT,0.025294211,-2.03369476,-2.02388343,321287509.4,0,12702017428,11/10/2025 15:25
Wrapped Chiliz,WCHZ,0.034154385,0.6487993,19.02680382,314452295.1,38018.79406,9206791217,11/10/2025 15:25
Wrapped Solana,SOL,165.8287046,0.53513003,0.04512028,313063237.9,1023394706,1887871.214,11/10/2025 15:25
Universal BTC,UNIBTC,104771.1466,0.80051758,-1.0499745,311623244.2,83945.55678,2974.323127,11/10/2025 15:25
Rootstock Bitcoin,rBTC,104866.4007,2.55564092,-1.53066565,292989388.6,0,2793.930055,11/10/2025 15:25
Bybit Staked SOL,BBSOL,185.5130389,0.71880963,0.47162173,276268411.7,1605777.687,1489212.906,11/10/2025 15:25
crvUSD,CRVUSD,0.997426863,-0.03935964,-0.02459795,272208118.9,1049317.027,272910354.5,11/10/2025 15:25
xSolvBTC,xSolvBTC,102134.8954,0,-11.08150351,266086628.9,0,2605.246989,11/10/2025 15:25
pumpBTC (Rehypothecated BTC),PUMPBTC,95995.87532,-5.87868678,-5.32986426,238867390.1,0,2488.308891,11/10/2025 15:25
Wrapped Pulse,WPLS,3.00E-05,1.76338826,5.56610871,227852208.6,3242474.471,7.60559E+12,11/10/2025 15:25
Wrapped AVAX,WAVAX,17.94989969,1.36656884,7.46909394,227051007.3,97123774.81,12649151.87,11/10/2025 15:25
JPool Staked SOL (JSOL),JSOL,217.4101026,1.58400571,0.3034474,223262601.4,285.6198679,1026919.167,11/10/2025 15:25
OpenEden Compounding OpenDollar,CUSDO,1.027297364,0.19279233,-0.14633631,196556900.1,0,191333986.7,11/10/2025 15:25
Staked TRX,STRX,0.381694034,6.29593006,6.72671877,185565744.1,2354691.368,486163595.8,11/10/2025 15:25
BlazeStake Staked SOL,BSOL,208.3524983,0.62564581,0.15682973,184972817.2,563976.4744,887787.8533,11/10/2025 15:25
ether.fi Staked BTC,EBTC,105991.7073,4.42399543,-1.28385414,151790791.2,0,1432.100634,11/10/2025 15:25
Crypto.com Staked ETH,CDCETH,3744.905042,-1.21967327,-1.51890252,136389441.6,48913.15957,36420,11/10/2025 15:25
Edgevana Staked SOL,EDGESOL,204.9871271,0.28975844,0.35702472,134260370.7,197.0548079,654969.7664,11/10/2025 15:25
pufETH,PUFETH,3732.387628,1.45909881,-2.10965784,131860864.9,0,35328.8238,11/10/2025 15:25
Haedal Staked SUI,HASUI,2.272052218,-1.02149777,3.14605953,123615569.5,1838801.51,54407010.77,11/10/2025 15:25
Wrapped CRO,WCRO,0.13304867,4.30198262,2.6880111,103031497.9,3075630.885,774389534.8,11/10/2025 15:25
Venus ETH,vETH,74.11398523,-0.83127056,-1.33106628,98118097.78,97792787.65,1323881.012,11/10/2025 15:25
Wrapped Centrifuge,WCFG,0.176038098,-5.93970873,2.4514837,91581021.85,309663.7302,520234101.5,11/10/2025 15:25
Lorenzo staked USD1+,SUSD1+,1.01142613,0,-0.1802788,80483854.82,0,79574624.85,11/10/2025 15:25
swETH,SWETH,3878.109062,-0.04814743,-1.49086249,78547732.16,36286.20119,20254.13182,11/10/2025 15:25
Volo Staked SUI,VSUI,2.246105702,-1.07928483,3.04394329,75450461.25,26410.01752,33591678.78,11/10/2025 15:25
Venus USDC,vUSDC,0.025291985,-3.01461094,-1.9736262,72801477.1,0,2878440670,11/10/2025 15:25
Amnis Staked Aptos coin,STAPT,3.793146375,1.93814929,17.97741411,69880644.83,288.8628825,18422870.6,11/10/2025 15:25
Restaked Swell Ethereum,RSWETH,3647.69067,1.44162434,-2.27148255,67994162.88,0,18640.33139,11/10/2025 15:25
Staked USDT,STUSDT,0.996908002,-0.08799959,-0.21182519,59982531.9,0,60168573,11/10/2025 15:25
Kelp DAO Wrapped rsETH,WRSETH,3754.072836,0.45544683,-1.10976246,59542105.95,0,15860.66881,11/10/2025 15:25
Wrapped ONUS,WONUS,0.543298895,-6.03779293,3.42287926,51886631.4,13925.92556,95502920.83,11/10/2025 15:25
Solayer SOL,sSOL,185.3301082,0.68703088,0.34288811,48719450.73,426033.3541,262879.3087,11/10/2025 15:25
Wrapped HBAR,WHBAR,0.191191974,8.4966634,9.25591748,47578406.14,13243201.8,248851482.7,11/10/2025 15:25
Coinbase Wrapped XRP,CBXRP,2.519051679,7.42936135,9.82194384,45634371.63,2379726.598,18115694.89,11/10/2025 15:25
Wrapped TAO,WTAO,378.7840818,-1.63561299,-19.54377636,42239764.75,2343608.816,111514.0968,11/10/2025 15:25
Wrapped NXM,WNXM,83.5629099,2.44085984,-1.51351978,41744659.19,89019.9017,499559.6639,11/10/2025 15:25
Wrapped Matic,WMATIC,0.180744269,0.15839635,8.48700836,40269304.43,3727700.895,222797130.6,11/10/2025 15:25
Wrapped Sonic,WS,0.151566814,-2.43952146,23.89099637,38974909.31,10812489.82,257146721.7,11/10/2025 15:25
Wrapped Bera,WBERA,1.71759516,2.06927564,-0.06941299,35239377.7,927596.6486,20516695.97,11/10/2025 15:25
Ankr Staked ETH,ankrETH,4281.594975,-1.50513626,-2.43478246,33838105.27,0,7903.15419,11/10/2025 15:25
Wrapped Rootstock Bitcoin,WRBTC,105616.4604,1.23384667,-0.00785058,32866989.23,61968.35116,311.1919213,11/10/2025 15:25
Chain-key Bitcoin,CKBTC,105301.5625,0.32898547,-5.23029102,26648666.42,232982.0567,253.07,11/10/2025 15:25
Wrapped QUIL,WQUIL,0.028830558,-5.41914644,10.46385311,26013391.72,236581.9649,902285400.4,11/10/2025 15:25
Aster asUSDF,asUSDF,1.045048896,-0.0524981,0.13298565,25233122.79,0,24145399.21,11/10/2025 15:25
Wrapped Core,WCORE,0.215035398,-0.37259824,3.57070586,25056139.28,154.190365,116520998.3,11/10/2025 15:25
Wrapped FRAX,WFRAX,1.187230708,-4.36121082,-4.19225465,21934942.14,133.8802898,18475720,11/10/2025 15:25
Tether Avalanche Bridged,USDT.e,1.000289713,0.12495213,-0.01955448,21369308.2,197419.2359,21363119.02,11/10/2025 15:25
Wrapped Mantle,WMNT,1.30306219,-3.02546885,8.10468271,16909122.21,1391725.355,12976450.66,11/10/2025 15:25
Renzo Restaked SOL,EZSOL,210.6994479,2.63527604,2.39599029,14931095.16,0,70864.42472,11/10/2025 15:25
Wrapped IoTeX,WIOTX,0.012979568,17.29156759,27.99978666,14709419.72,278195.5964,1133274981,11/10/2025 15:25
Osmosis allBTC,allBTC,105068.0817,1.19421788,-2.62328552,11872693.23,3593343.177,113,11/10/2025 15:25
Mitosis Matrix USDT (Lista),MAUSDT_LISTA,1.008773611,-0.05655796,-0.07863342,11161409.08,0,11064334.92,11/10/2025 15:25
Bridged USDC,USDbC,1.001038345,-0.07194726,0.02234306,9285403.396,1480320.37,9275771.947,11/10/2025 15:25
Wrapped XDC,WXDC,0.060450033,3.72480789,12.88342623,8756014.584,1108455.596,144847143.9,11/10/2025 15:25
Lido Staked SOL,stSOL,201.0017548,0.73909201,-0.08068006,8727654.292,139131.6915,43420.78655,11/10/2025 15:25
Stride Staked DYDX,stDYDX,0.384802443,4.68277936,28.10594716,8417820.106,11.8895369,21875693,11/10/2025 15:25
Coinbase Wrapped ADA,CBADA,0.587127664,1.52107547,6.95985316,7528840.842,1331170.338,12823175.1,11/10/2025 15:25
Wrapped Cardano,WADA,0.587443364,1.25380284,6.8307348,6671230.648,0,11356380.98,11/10/2025 15:25
sETH2,SETH2,3541.073985,-0.22688408,-1.32852528,6570871.243,0,1855.61535,11/10/2025 15:25
bemo staked TON,stTON,2.308228766,-0.00115292,3.23997129,6129864.9,0,2655657.442,11/10/2025 15:25
Balanced Dollar,bnUSD,0.996505958,-0.46747541,-0.35191195,5915087.395,78860.00231,5935827.422,11/10/2025 15:25
King Protocol,KING,625.7350745,-2.73464773,5.78117661,5768904.758,0,9219.404495,11/10/2025 15:25
renBTC,RENBTC,16962.06916,0.50995784,4.14279438,5595680.002,27.78256696,329.8937145,11/10/2025 15:25
Wrapped OKB,WOKB,126.7721206,0.82514615,-5.32685858,5519784.903,7631.339321,43541,11/10/2025 15:25
Wrapped LUNA Classic,WLUNC,2.09E-05,3.81452031,39.58767059,5275773.737,0,2.5204E+11,11/10/2025 15:25
Stride Staked ATOM,stATOM,5.145145849,2.97119924,20.89423385,5079798.152,65145.8634,987299.1555,11/10/2025 15:25
Axelar Wrapped USDC,axlUSDC,0.999932168,-0.01077707,-0.00613013,4356895.439,1623537.128,4357190.996,11/10/2025 15:25
Wrapped Everscale,WEVER,0.01015578,-7.73438269,-15.51414409,4131448.073,938.2982757,406807566.8,11/10/2025 15:25
TON Bridged USDT,JUSDT,1.001404716,-0.15917507,0.49042787,4081944.349,0,4076218.42,11/10/2025 15:25
Coinbase Wrapped DOGE,CBDOGE,0.179687471,-0.11389711,7.78406934,3923449.661,1266945.274,21834853.87,11/10/2025 15:25
Venus XVS,vXVS,0.096028575,0.27510605,10.558244,3675304.305,0,38273027.6,11/10/2025 15:25
Wrapped Near,WNEAR,2.770302857,-5.037982,45.48364435,3205609.276,62763697.26,1157133.152,11/10/2025 15:25
Wrapped Conflux,WCFX,0.101024997,0.27487071,13.63096035,3181707.18,112835.4137,31494256.6,11/10/2025 15:25
Stride Staked TIA,stTIA,1.140875311,-0.81665488,22.97557747,2995863.269,195.5156758,2625934,11/10/2025 15:25
Wrapped EGLD,WEGLD,9.976057481,-1.62965921,16.60457692,2992817.244,732584.0711,300000,11/10/2025 15:25
Coinbase Wrapped LTC,CBLTC,104.4668174,-8.0997133,19.84567642,2862044.293,2485145.163,27396.68311,11/10/2025 15:25
Wrapped Apertum,WAPTM,0.593530069,0.69814321,5.43924826,2531243.585,108434.0927,4264726.79,11/10/2025 15:25
Lido Staked Matic,stMATIC,0.206264056,-0.471119,7.69645368,2360701.316,2904.719947,11445044.57,11/10/2025 15:25
Stride Staked OSMO,stOSMO,0.149153841,-0.92841345,5.16080217,2312696.456,16384.80121,15505443.53,11/10/2025 15:25
Mitosis EOL BNB,MIBNB,983.1062843,-0.11895879,-1.85889506,2215706.867,0,2253.781613,11/10/2025 15:25
Wrapped Ampleforth,WAMPL,1.529652691,-1.28985968,-6.9594073,2192609.845,12146.74025,1433403.711,11/10/2025 15:25
Chain-key Ethereum,CKETH,3532.127883,-1.67689647,-5.59149791,1871074.103,20885.85795,529.73,11/10/2025 15:25
Wrapped POKT,WPOKT,0.016343437,3.3985004,-0.00570579,1548895.101,0,94771685.11,11/10/2025 15:25
Ankr Staked BNB,ankrBNB,1083.961123,-1.90710734,0.01667863,1334396.438,2009.577735,1231.037174,11/10/2025 15:25
Wrapped Astar,WASTR,0.015577738,-0.2964912,5.16494122,1269446.842,0,81491089.68,11/10/2025 15:25
Wrapped KuCoin Token,WKCS,13.2488503,1.75882005,3.86732269,1266474.758,0,95591.295,11/10/2025 15:25
Wrapped WDOGE,WWDOGE,0.1785,180.7601878,7.40072202,1231135.74,32312.12239,6897118.991,11/10/2025 15:25
Wrapped Kaspa,WKAS,0.010019812,-2.34820805,16.88054684,1193076.685,3661.62609,119071764.6,11/10/2025 15:25
Wrapped Kava,WKAVA,0.162951857,1.34461564,36.93941857,1155935.185,94809.38604,7093722.088,11/10/2025 15:25
Wrapped OKT,WOKT,10.07522701,0.0603608,0.05405636,1022679.108,0,101504.3241,11/10/2025 15:25
Wrapped Venom,WVENOM,0.064857451,-0.21064366,-25.41992044,1008163.662,10311.96988,15544299.67,11/10/2025 15:25
Wrapped VSG,WVSG,0.00010928,0,4.1810031,903302.8377,0,8265911748,11/10/2025 15:25
Wrapped Harmony,WONE,0.005958745,3.5872768,13.02415781,856026.3292,181.2890055,143658818.2,11/10/2025 15:25
Wrapped TFUEL,WTFUEL,0.058036146,-92.72154772,165.8977863,666899.6505,85781.70724,11491108.52,11/10/2025 15:25
tBTC,TBTC,105285.3318,1.35322889,-1.32940399,631711.9908,1762.923287,6,11/10/2025 15:25
Wrapped Moonbeam,WGLMR,0.036591154,-0.01464297,13.38495934,619636.9446,0,16934063.83,11/10/2025 15:25
Wrapped THETA,WTHETA,1.193715676,-96.20745329,175.6085548,533264.7752,69042.52022,446726.7928,11/10/2025 15:25
Bitget SOL Staking,BGSOL,184.6272098,0.08153997,-0.14497836,500812.9191,22576.8045,2712.562897,11/10/2025 15:25
Wrapped Bitcoin Cash,WBCH,376.290538,0,-2.09504174,478606.4756,0,1271.906751,11/10/2025 15:25
Wrapped-Energi,WNRG,0.030163655,4.00357356,-10.26446063,415048.3748,0,13759883.32,11/10/2025 15:25
iBTC,iBTC,25218.04803,51.90095622,-20.64541962,409835.7134,0,16.25168264,11/10/2025 15:25
Wrapped Rose,wROSE,0.033414146,0,4.43449053,358510.6381,0,10729307.26,11/10/2025 15:25
Wrapped Alvey Chain,WALV,0.001074904,5.16389899,-2.61440958,343969.222,749.2983594,320000000,11/10/2025 15:25
Stride Staked JUNO,stJUNO,0.115541499,4.76610674,15.61793966,326555.7297,0,2826306.858,11/10/2025 15:25
Shibarium Wrapped BONE,WBONE,0.1154,-2.94365013,25.6321508,318788.3387,0,2762463.94,11/10/2025 15:25
Wrapped Fuse,WFUSE,0.007370169,0.76488521,4.34174719,273564.3886,0,37117789.39,11/10/2025 15:25
teleBTC,TELEBTC,105535.0427,0.89630007,-0.86809241,269157.8404,684743.7976,2.55041201,11/10/2025 15:25
Ditto Staked Aptos,stAPT,3.471498234,1.05158067,13.54093814,265965.7129,1211.119175,76614.1,11/10/2025 15:25
Wrapped CANTO,WCANTO,0.002391081,5.72651558,-6.69569393,215813.0678,1203.607412,90257541.69,11/10/2025 15:25
Wrapped Coinbase Global tokenized stock (Backed),WBCOIN,246.3564848,9.55030217,-24.84670647,204947.2146,0,831.9132122,11/10/2025 15:25
Wrapped Shido,WSHIDO,0.000227146,10.75273892,-3.43105328,196045.322,11274.58867,863079140,11/10/2025 15:25
Wrapped Accumulate,WACME,0.005268751,10.73753048,10.73753048,168748.3498,11.56137127,32028150.1,11/10/2025 15:25
Aster asCAKE,asCAKE,2.627420422,0,13.06432657,110280.3005,0,41972.84133,11/10/2025 15:25
Wrapped Pi,WPI,0.095297561,-3.90505158,-4.04632205,100376.9207,0,1053300,11/10/2025 15:25
Venus SXP,vSXP,0.002329772,-0.17286085,12.46348588,32465.61881,0,13935106.58,11/10/2025 15:25
Wrapped Dogecoin,WDOGE,0.18141215,1.75483943,8.20265262,13070.78349,154398.1741,72050.21,11/10/2025 15:25
Wrapped PKT,WPKT,0.000100656,-0.3335487,-1.18024413,6288.923085,0,62479450.4,11/10/2025 15:25
pTokens BTC,pBTC,300.8412977,0.12971235,-4.74837657,4279.494535,0,14.22509,11/10/2025 15:25
Staked NEAR,STNEAR,4.016721576,-5.13232145,45.18294307,0,952614.9811,0,11/10/2025 15:25
Wrapped Oasys,WOAS,0.0036685,-1.96319258,1.47020696,0,0,0,11/10/2025 15:25
Kraken Wrapped Bitcoin,kBTC,102598.4776,1.98257398,-0.69823101,0,0,0,11/10/2025 15:25
Merlin Chain (M-BTC),M-BTC,104210.9111,0.82397627,-1.9735989,0,3507.56139,0,11/10/2025 15:25
ynBNB Max,ynBNBx,1041.588122,-0.52402295,-0.15911258,0,0,0,11/10/2025 15:25
Wrapped TON,WTON,2.0593,0,-1.194703,0,0,0,11/10/2025 15:25
UTONIC,UTON,1.923276957,0,-1.11471138,0,0,0,11/10/2025 15:25
Aave stkGHO,STKGHO,0.990142098,0,0,0,0,0,11/10/2025 15:25
Wrapped Plasma,WXPL,0.305619848,-2.68469339,11.7736984,0,26742875.67,0,11/10/2025 15:25
sBTC,SBTC,105511.6579,0.85330684,3.53517587,0,6841.533217,0,11/10/2025 15:25
